step_idx,particle_x,particle_y,target_x,target_y,tracking_error,chosen_action,action_switched,Fp_x,Fp_y,Fp_mag,Fp_hat_dot_d,Fp_dot_d,score,solver_time_ms,n_actions_evaluated,target_idx,dist_to_target,target_advanced,gates_active,cross_track_error,arc_progress,d_hat_x,d_hat_y,tangent_alignment
0,0.0013254582523174764,0.0011290435509611857,0.0014,0.0011,7.999999999999994e-05,TOGGLE_B_OFF,False,-2.9395811136038333e-09,1.145343066560645e-09,3.1548292923032926e-09,0.36304427193873,1.1453430665594997e-09,0.3641896150052895,51.186561584472656,37,1,7.999999999999994e-05,True,ACD,-7.324840956166544e-05,3.560127307701561e-05,1.6263032587266304e-19,0.999999999999,0.4444286075752249
1,0.0013266688790859306,0.001132202270618428,0.0013999506529926643,0.0011062829269247283,7.77305008631089e-05,TOGGLE_A_OFF,True,2.2819776972086715e-11,5.954046281965382e-11,6.376369604903999e-11,0.8983434259261147,5.7282595501831976e-11,0.8484007085216165,48.9349365234375,37,2,7.77305008631089e-05,True,CD,-7.174774517721772e-05,3.930409958282424e-05,-0.08866684420635176,0.9960613388423859,0.8941544017403918
2,0.0013265750864118254,0.0011343361861959136,0.0013998026241462927,0.0011125643036312513,7.639559642454716e-05,NARROW,True,-1.7679502555754802e-12,4.022336100965963e-11,4.02621959040934e-11,0.9985110723078008,4.0203246916735354e-11,0.9485512755547175,51.23591423034668,37,3,7.639559642454716e-05,True,CD,-7.162481709579267e-05,4.190215044635452e-05,-0.09788799965724575,0.9951974374570619,0.9981504030178285
3,0.0013263734925816858,0.0011391515752226934,0.0013995559499847881,0.001118842580283857,7.594818856946206e-05,MOVE_C_DOWN,True,-3.799954174653883e-12,9.07679447442515e-11,9.084745150429351e-11,0.9980239856762655,9.066893366283193e-11,0.9481146546099283,48.17819595336914,37,4,7.594818856946206e-05,True,CD,-7.128659518908286e-05,4.7755569175170136e-05,-0.10435019010657043,0.9945406164771364,0.9969945907477396
4,0.0013260317085743347,0.0011482166218770202,0.0013992106913713086,0.0011251162078117255,7.673846918715456e-05,MOVE_C_DOWN,False,-6.442476759651221e-12,1.7087210384209089e-10,1.7099351267875906e-10,0.9966757461221656,1.704260835068983e-10,0.9968461722056725,48.83909225463867,37,5,7.673846918715456e-05,True,CD,-7.042221309510037e-05,5.873004763281612e-05,-0.11889316222523494,0.9929070530387444,0.9940501947131997
5,0.0013253483422061237,0.0011617551773682384,0.0013987669334932513,0.001131383638291138,7.945262697040369e-05,MOVE_C_DOWN,False,-1.2881152572491777e-11,2.5519575882857286e-10,2.5552064381510735e-10,0.9953742691337452,2.543396694603157e-10,0.9956286088032055,48.5684871673584,37,6,7.945262697040369e-05,True,CD,-6.884256658191176e-05,7.503238354219706e-05,-0.1460891573769529,0.9892714279179864,0.9906099170906455
6,0.001324232466013342,0.0011782927099911941,0.001398224785841232,0.0011376433253274059,8.442295817523448e-05,MOVE_C_DOWN,False,-2.1033770697356408e-11,3.117251459806775e-10,3.1243397085852184e-10,0.9928053166861788,3.1018710018703184e-10,0.9931155037863658,49.247026443481445,37,7,8.442295817523448e-05,True,CD,-6.64487438865533e-05,9.477412786523145e-05,-0.18627992725729695,0.9824967118006126,0.9856587593591024
7,0.0013224643905058533,0.0011950673057580892,0.001397584382182072,0.0011438937244364182,9.089416138961193e-05,MOVE_C_DOWN,False,-3.332743815190962e-11,3.1619368096929327e-10,3.179452185812527e-10,0.9913341096692594,3.1519093151995397e-10,0.9916493006007794,48.23899269104004,37,8,9.089416138961193e-05,True,CD,-6.381392686725788e-05,0.00011467722241554506,-0.23453089287685977,0.9721086669114635,0.9835417443255277
8,0.0013200007204785915,0.0012112459525573992,0.0013968458805257912,0.0011501332934257217,9.818317436722216e-05,MOVE_C_DOWN,False,-4.643908595108908e-11,3.0496030757841975e-10,3.0847589517221116e-10,0.9908464374481575,3.0565323261645416e-10,0.9911520906807739,47.72067070007324,37,9,9.818317436722216e-05,True,CD,-6.121375017982105e-05,0.00013382933577127398,-0.2825981753932066,0.9592383808326429,0.983219239660051
9,0.0013169204158458955,0.0012256895514965698,0.001396009463086623,0.0011563604927750332,0.00010517412123074905,MOVE_C_DOWN,False,-5.8062374429376e-11,2.722554259121742e-10,2.7837790189416334e-10,0.9922844666302106,2.7623106018715365e-10,0.9925606976903978,47.719478607177734,37,10,0.00010517412123074905,True,CD,-5.906538260929821e-05,0.00015102758048036384,-0.3281927333502387,0.9446107821606204,0.9860125819815967
10,0.0013135933569905058,0.001237722731218776,0.0013950753362380552,0.0011625737860160924,0.00011084528364875978,MOVE_C_DOWN,False,-6.271358194892183e-11,2.2682009408764908e-10,2.3533029648303705e-10,0.9942081339043608,2.3396828912569413e-10,0.9944421021934865,46.979665756225586,37,11,0.00011084528364875978,True,CD,-5.7496942724690446e-05,0.00016552658544906346,-0.3684970256430937,0.9296289270941352,0.9896405486911284
11,0.0013102402745814323,0.0012473435227246842,0.0013940437304619095,0.0011687716401117638,0.0001148762810803415,MOVE_C_DOWN,False,-6.320411437935646e-11,1.8134764750008276e-10,1.9204616457584631e-10,0.9969321690335577,1.9145799633734313e-10,0.9971236270298951,47.29771614074707,37,12,0.0001148762810803415,True,CD,-5.654819601393562e-05,0.0001773576552836743,-0.4019486374455553,0.9156622154777717,0.994169963660751
12,0.0013072476907964243,0.0012545944388429602,0.0013929149002914756,0.00117495252583429,0.00011696882101803715,MOVE_C_DOWN,False,-5.6408875405397036e-11,1.3667654885383096e-10,1.4785952871254274e-10,0.9986517909232214,1.4766118180563523e-10,0.9987994521050271,48.90632629394531,37,13,0.00011696882101803715,True,CD,-5.605148056590667e-05,0.00018646864363181654,-0.4288546116574613,0.9033735230003854,0.9972075372096878
13,0.0013046731459091141,0.0012598433603881506,0.0013916891242487064,0.0011811149181426052,0.00011734542217234795,MOVE_C_DOWN,False,-4.8529027825865046e-11,9.893984019383641e-11,1.1020053774508304e-10,0.999941001157388,1.1019503598190202e-10,1.00005119619337,47.007083892822266,37,14,0.00011734542217234795,True,CD,-5.594240932900132e-05,0.00019326552858851828,-0.44931948492829815,0.8933711437368954,0.9996313795721002
14,0.0013024351135983686,0.0012635524350056387,0.001390366704775499,0.001187257296558617,0.00011641697847647567,MOVE_C_DOWN,False,-4.2185915195607916e-11,6.99144094195038e-11,8.165583926069846e-11,0.9981933999733876,8.1509318012717e-11,0.9982749092914004,46.68998718261719,37,15,0.00011641697847647567,True,CD,-5.617388561435341e-05,0.00019829639846444028,-0.46443453079027724,0.8856074562737235,0.9988876919904525
15,0.0013004614873512795,0.0012661027875091823,0.0013889479681590707,0.0011933781455423622,0.00011453702822646383,MOVE_C_DOWN,False,-3.720197831272415e-11,4.807301213518203e-11,6.078652553099048e-11,0.9867241841970916,5.998052153892646e-11,0.9867841647186305,47.607421875,37,16,0.00011453702822646383,True,CD,-5.6682011249536144e-05,0.00020200398073836514,-0.4755353330549277,0.8796966221455774,0.9882282114801187
16,0.0012987099615731409,0.001267795580905971,0.0013874332644514525,0.001199475954865942,0.00011197944354159846,MOVE_C_DOWN,False,-3.301548310304231e-11,3.1908403796379565e-11,4.5914794536838364e-11,0.9560196533803342,4.389640197779086e-11,0.956063549782312,48.66218566894531,37,17,0.00011197944354159846,True,CD,-5.738797727662925e-05,0.00020472299310211748,-0.4836673237787832,0.8752519179680038,0.9580603848238065
17,0.0012961160176185892,0.0012746403017740075,0.0013858229673831192,0.0012055492199861493,0.00011322947681002691,WIDEN,True,-4.889469162865831e-11,1.2901994876937527e-10,1.379740484653321e-10,0.9888550866232313,1.3643732850203052e-10,0.9389915239517332,47.9893684387207,37,18,0.00011322947681002691,True,CD,-5.6221101732510344e-05,0.00021314535097591528,-0.4896038090110377,0.8719450155829112,0.9854802420475326
18,0.0012934246557119707,0.0012797600232006818,0.0013841174742707772,0.0012115964424156919,0.00011345246177836979,STRENGTHEN_TRAP,True,-5.073097676390733e-11,9.65044753347957e-11,1.090263535254862e-10,0.9988047074477653,1.0889703394182732e-10,0.948913604481707,48.586368560791016,37,19,0.00011345246177836979,True,CD,-5.5889996482522846e-05,0.0002198610998452405,-0.5078565213401202,0.8614416716936278,0.9978445806660887
19,0.0012907027872561335,0.0012826223965995427,0.001382317205919332,0.0012176161300929216,0.00011233439540997971,STRENGTHEN_TRAP,False,-5.13060116693777e-11,5.3954467450154234e-11,7.445395483953874e-11,0.9778596085155736,7.280649299143606e-11,0.9779324150085651,48.503875732421875,37,20,0.00011233439540997971,True,CD,-5.669394083668522e-05,0.00022436171882309479,-0.5222481774097054,0.8527935513301216,0.9801978389845388
20,0.001287379486054626,0.0012926275991325927,0.0013804226065180615,0.001223606797749979,0.00011584857914135841,WIDEN,True,-6.264275184193392e-11,1.885936246530479e-10,1.987251106883698e-10,0.9713229954416172,1.9302724110628972e-10,0.9215160226827234,48.386573791503906,37,21,0.00011584857914135841,True,CD,-5.403416215960324e-05,0.0002362027520633514,-0.5318081223026807,0.846864877681733,0.9638201914496792
21,0.0012843279370196416,0.0013034234940758698,0.0013784341435310182,0.0012295669672792598,0.00011962760824500436,WIDEN,False,-5.752034418225434e-11,2.0349782545636087e-10,2.1147093171476906e-10,0.9508312951461826,2.0107413071941896e-10,0.951032369276902,47.654151916503906,37,22,0.00011962760824500436,True,CD,-5.0395232137946026e-05,0.00024840900007216325,-0.5566474796327835,0.8307488088564857,0.9408891350595714
22,0.0012820760687072916,0.0013116484746326096,0.0013763523075816901,0.0012354951680981167,0.0001211913169845063,WIDEN,False,-4.2446717681580137e-11,1.5503723095783672e-10,1.607428593282245e-10,0.9381139165858354,1.5079605144152328e-10,0.938264712637277,48.68006706237793,37,22,0.0001211913169845063,False,CD,-4.735005267025622e-05,0.0002574834022505173,-0.5817440839777152,0.813371883430285,0.9299670447220459
23,0.001279874517310087,0.0013174538032149877,0.0013763523075816901,0.0012354951680981167,0.00012659060741584204,WIDEN,False,-4.149826617575241e-11,1.0942786575644277e-10,1.1703231989328272e-10,0.9607446079764441,1.124391310410537e-10,0.9608570471074852,57.72233009338379,37,22,0.00012659060741584204,False,CD,-4.557666277145813e-05,0.00026421559783212424,-0.6000522760590692,0.7999607902855805,0.9559063810341188
24,0.0012778415790819222,0.001322440958809228,0.0013763523075816901,0.0012354951680981167,0.00013139229106738095,WIDEN,False,-3.8319982816824886e-11,9.400566826304705e-11,1.0151594332253337e-10,0.9628674407631338,9.77473594110638e-11,0.9629651881225448,51.22041702270508,37,22,0.00013139229106738095,False,CD,-4.408438749795669e-05,0.00027004354460885213,-0.6134345882613028,0.7897455323853918,0.9588030302230055
25,0.0012765703076351735,0.0013268928735010775,0.0013763523075816901,0.0012354951680981167,0.00013531440450392952,WIDEN,False,-2.3962902226943866e-11,8.391661494193821e-11,8.727095133233966e-11,0.9222828833543599,8.048942691075159e-11,0.9223633727812707,48.320770263671875,37,22,0.00013531440450392952,False,CD,-4.22689402484173e-05,0.0002748180379658137,-0.6248790545404861,0.7807215682908908,0.9175620440278708
26,0.0012755960636828187,0.0013297235466312183,0.0013763523075816901,0.0012354951680981167,0.00013795219463852808,WIDEN,False,-1.8364065861131416e-11,5.335693146218557e-11,5.6428725397729305e-11,0.9374757616781306,5.290149979852403e-11,0.9375286631779292,50.147294998168945,37,22,0.00013795219463852808,False,CD,-4.12158055400298e-05,0.00027794683601279816,-0.6341574053788598,0.7732039738653393,0.9346965555179728
27,0.0012621275360759033,0.0013559490162567466,0.0013763523075816901,0.0012354951680981167,0.00016600128903647546,TOGGLE_B_ON,True,-2.5387576430733965e-10,4.943384562750122e-10,5.557188255358981e-10,0.9758298568552349,5.422879978043116e-10,0.9263721448530392,50.26650428771973,37,22,0.00016600128903647546,False,BCD,-3.3638506264618124e-05,0.00030938913870523667,-0.6401883686085431,0.7682179721253155,0.9556224307913511
28,0.0012497956130050475,0.0013070331258050547,0.0013763523075816901,0.0012354951680981167,0.0001453763265977142,TOGGLE_B_OFF,True,-2.324512735442118e-10,-9.220428125210303e-10,9.508924979691541e-10,-0.5230837924131203,-4.973969770986829e-10,-0.5735811893902191,48.86770248413086,37,22,0.0001453763265977142,False,CD,-7.55611560599147e-05,0.0002768251516155773,-0.6985520219597547,0.7155592726070554,-0.590578017796692
29,0.0012477534615092252,0.0013126972769355418,0.0013763523075816901,0.0012354951680981167,0.00014999276255911532,TRANSLATE_TRAP_X_POS,True,-3.8493648820757206e-11,1.0676673348216227e-10,1.1349403675077758e-10,0.9407953236532246,1.0677559983298241e-10,0.8909020992530575,54.799795150756836,37,22,0.00014999276255911532,False,CD,-7.346989525374895e-05,0.0002837641048679427,-0.6379522668666453,0.7700759087243986,0.9347018702576652
30,0.001239186698102152,0.0013313965186515012,0.0013763523075816901,0.0012354951680981167,0.00016736628532012143,TOGGLE_B_ON,True,-1.614796859082195e-10,3.524724024153477e-10,3.877015391063905e-10,0.9611656064696056,3.7264634612999975e-10,0.9115382528157355,49.83353614807129,37,22,0.00016736628532012143,False,BCD,-6.720182483516455e-05,0.00030753814699340654,-0.6512191721888609,0.7588897085688108,0.9430053086698563
31,0.001242330190741128,0.001350671652590259,0.0013763523075816901,0.0012354951680981167,0.00017671318678127561,TRANSLATE_TRAP_X_NEG,True,5.92534402873243e-11,3.633277150737648e-10,3.6812769350675905e-10,0.5975870846136255,2.1998895271532705e-10,0.5478070735663408,49.6675968170166,37,22,0.00017671318678127561,False,BCD,-5.134515813348732e-05,0.00032092651469699994,-0.6951609409738126,0.7188541341206874,0.5702563306398871
32,0.0012358089812682705,0.0013202726057406544,0.0013763523075816901,0.0012354951680981167,0.0001641329963915687,TOGGLE_B_OFF,True,-1.2292190263469356e-10,-5.730085335531014e-10,5.860448563651155e-10,-0.5289098326273061,-3.099654158019995e-10,-0.5792197980431081,49.50904846191406,37,22,0.0001641329963915687,False,CD,-7.731455488888672e-05,0.0003005385706508362,-0.7188608677537988,0.6951539777705764,-0.5713356779801999
33,0.0012163343603233655,0.0013426424566902826,0.0013763523075816901,0.0012354951680981167,0.00019257799691922456,TOGGLE_A_ON,True,-3.6708795655175775e-10,4.216617564315043e-10,5.590636857123225e-10,0.999392875706991,5.58725263960263e-10,0.9499516009709512,48.91490936279297,37,22,0.00019257799691922456,False,ACD,-7.492167521470255e-05,0.00033706180908553326,-0.6824537913127795,0.730928739837758,0.9920301469241073
34,0.0011929156685284753,0.0013485695233604316,0.0013763523075816901,0.0012354951680981167,0.00021548737866781804,MOVE_C_LEFT,True,-4.4143194059706414e-10,1.1172257464966281e-10,4.553505153896715e-10,0.8867709467639782,4.0379249441251126e-10,0.8371747392583906,51.004648208618164,37,22,0.00021548737866781804,False,ACD,-8.53521601735988e-05,0.00036431889199508503,-0.7462626932274908,0.6656515550157244,0.9162764647792649
35,0.0011738803975073705,0.001363562473645376,0.0013763523075816901,0.0012354951680981167,0.00023957485076543078,WIDEN,True,-3.5880640559395925e-10,2.826104548249086e-10,4.5673920991261355e-10,0.9999739785341135,4.5672832486282235e-10,0.9504307068589763,49.564361572265625,37,22,0.00023957485076543078,False,ACD,-8.424761259589715e-05,0.00039504422159316926,-0.7898357670056655,0.6133184011234065,0.9964763090386681
36,0.0011646840942366463,0.001374916287944486,0.0013763523075816901,0.0012354951680981167,0.0002534594271276937,MOVE_C_LEFT,True,-1.7334623277294783e-10,2.1401435755384097e-10,2.754107144897531e-10,0.9533726028322362,2.6256998309358463e-10,0.9036351728153298,48.85292053222656,37,22,0.0002534594271276937,False,ACD,-7.953187947672526e-05,0.00041243508648118463,-0.8345733198403827,0.5508968812841493,0.9392718181257848
37,0.0011337952736913647,0.0013577064563486396,0.0013763523075816901,0.0012354951680981167,0.00027160543747415094,MOVE_A_RIGHT,True,-5.822405502186618e-10,-3.243976830661732e-10,6.665117516575618e-10,0.4990733364539194,3.3263874275882195e-10,0.4494059751966782,48.98357391357422,37,22,0.00027160543747415094,False,ACD,-0.00010963162550663266,0.0004367700214265476,-0.8577358233470902,0.5140907092577036,0.5510365527485658
38,0.0010627350432274216,0.001320958073439846,0.0013763523075816901,0.0012354951680981167,0.00032505337514092126,TOGGLE_B_ON,True,-1.6676459504950036e-09,-8.624133575838272e-10,1.8774450233073122e-09,0.5764087898347579,1.0821763902746462e-09,0.5274909662250324,49.454689025878906,37,22,0.00032505337514092126,False,ABCD,-0.00017030856379265084,0.0005176614779101451,-0.8873639847384213,0.4610695810690083,0.7290171759369053
39,0.0010777506198212895,0.0013995362667224207,0.0013763523075816901,0.0012354951680981167,0.0003406940709364171,TOGGLE_A_OFF,True,9.600585569433853e-10,5.024093905318027e-09,5.115000684478347e-09,0.08822407620520006,4.5126629840114455e-10,0.038675342503601204,49.07727241516113,37,22,0.0003406940709364171,False,BCD,-9.053734641382044e-05,0.0005267324443654406,-0.9618381743193778,0.2736189438251052,0.06510452281798287
40,0.0010458776557645628,0.0013261597434861797,0.0013763523075816901,0.0012354951680981167,0.00034268580467236933,TOGGLE_A_ON,True,-4.173183665992454e-09,-9.607318217778757e-09,1.0474541767913754e-08,0.15492156781863028,1.6227325877884938e-09,0.10654430040641878,53.739070892333984,37,22,0.00034268580467236933,False,ABCD,-0.00016923390874700356,0.0005482627994910682,-0.967855520524805,0.25150684163191006,0.20811324919264143
41,0.0010617299198117326,0.0014045734267600753,0.0013763523075816901,0.0012354951680981167,0.0003571760132458921,TOGGLE_A_OFF,True,1.022093054811259e-09,5.055812900790493e-09,5.158092506003842e-09,0.0011735268454899916,6.053161200843127e-12,-0.04882041999330917,54.09097671508789,37,22,0.0003571760132458921,False,BCD,-8.923392191499116e-05,0.0005483313604478273,-0.9799378277306215,0.19930342139710025,0.0004944232461081828
42,0.0010319605393888098,0.001330318568405653,0.0013763523075816901,0.0012354951680981167,0.00035720745687191623,TOGGLE_A_ON,True,-4.278714554405573e-09,-1.06725547748298e-08,1.1498296554699937e-08,0.18006586056630794,2.0704508442345187e-09,0.13213631141054244,49.74627494812012,37,22,0.00035720745687191623,False,ABCD,-0.00016747447660428087,0.0005731640867743206,-0.980019738689141,0.19890025585118706,0.24100664689041795
43,0.0010482689997996216,0.0014086386432206645,0.0013763523075816901,0.0012354951680981167,0.00037096808464170587,TOGGLE_A_OFF,True,1.0698455191440896e-09,5.137847411048148e-09,5.248051586450618e-09,-0.06685632456818882,-3.508655070706653e-10,-0.1172071900752595,48.87866973876953,37,22,0.00037096808464170587,False,BCD,-8.760968576034813e-05,0.0005662639016290741,-0.9904395794956359,0.13794723399368294,-0.05013717445503467
44,0.0010201039215936506,0.0013337605531698923,0.0013763523075816901,0.0012354951680981167,0.0003695524298694131,TOGGLE_A_ON,True,-4.351784506274107e-09,-1.1569409101561372e-08,1.2360795093695975e-08,0.20295559857836287,2.5086927701011564e-09,0.155464291348464,48.894643783569336,37,22,0.0003695524298694131,False,ABCD,-0.00016537654873875535,0.0005940020907090083,-0.9879497922847741,0.15477470052457432,0.27056870067187644
45,0.0010367737400405015,0.0014120045123804858,0.0013763523075816901,0.0012354951680981167,0.0003827128847482373,TOGGLE_A_OFF,True,1.1212464487834706e-09,5.262850443353824e-09,5.380965376957845e-09,-0.12330897551224759,-6.635214512085226e-10,-0.17397249696345612,49.33500289916992,37,22,0.0003827128847482373,False,BCD,-8.583583319806976e-05,0.0005813898982020108,-0.9962795662299708,0.0861801944220432,-0.09245705742355677
46,0.0010098473224384676,0.001336672128672542,0.0013763523075816901,0.0012354951680981167,0.0003802139943320243,TOGGLE_A_ON,True,-4.497669498102893e-09,-1.2583187612636954e-08,1.3362845558075766e-08,0.223792320955473,2.9905024458036287e-09,0.1767828234012766,49.3474006652832,37,22,0.0003802139943320243,False,ABCD,-0.0001631230989530652,0.0006116851469818829,-0.9930955388646049,0.11730835726929324,0.2971432762286045
47,0.0010266210858909848,0.0014148938702770281,0.0013763523075816901,0.0012354951680981167,0.00039305956516633844,TOGGLE_A_OFF,True,1.1558881404206737e-09,5.390297991242262e-09,5.512838636088991e-09,-0.16836097862371807,-9.281470761275644e-10,-0.21928912569984566,49.738168716430664,37,22,0.00039305956516633844,False,BCD,-8.398286161655574e-05,0.0005945828009732306,-0.9991150690938094,0.04206041735019215,-0.12655989154265257
48,0.001000677359827119,0.0013392174335353111,0.0013763523075816901,0.0012354951680981167,0.0003897306438013613,TOGGLE_A_ON,True,-4.607447294116813e-09,-1.3439672961227302e-08,1.4207511389149353e-08,0.24321279045307187,3.4554487335616044e-09,0.19666823918663345,48.752784729003906,37,22,0.0003897306438013613,False,ABCD,-0.00016078160747225902,0.0006271859075528093,-0.9964242912531702,0.08449042430132045,0.3216167503084917
49,0.001017503308046783,0.0014174279664992873,0.0013763523075816901,0.0012354951680981167,0.0004023333786815167,TOGGLE_A_OFF,True,1.194212361562951e-09,5.550949286819556e-09,5.677955719213765e-09,-0.20708339111674096,-1.1758105320288716e-09,-0.2582592016487698,49.605607986450195,37,22,0.0004023333786815167,False,BCD,-8.208982446537957e-05,0.0006062844286442053,-0.9999945090284795,0.0033138966323636573,-0.15617947182897682
50,0.0009923912824363764,0.001341471491003499,0.0013763523075816901,0.0012354951680981167,0.0003983177749576161,TOGGLE_A_ON,True,-4.756615063464158e-09,-1.4387358515642343e-08,1.5153266047938325e-08,0.2609118679216732,3.953667210593527e-09,0.21486553513226675,51.41854286193848,37,22,0.0003983177749576161,False,ABCD,-0.0001584086641652564,0.0006409182804973747,-0.998469601701342,0.05530329534813927,0.34364692679263387
51,0.0010091555651593753,0.0014196952650417246,0.0013763523075816901,0.0012354951680981167,0.000410807891062957,TOGGLE_A_OFF,True,1.220181972901626e-09,5.693487786556401e-09,5.822769720902674e-09,-0.23978311225944315,-1.3962020854312046e-09,-0.2911793143448744,64.6975040435791,37,22,0.000410807891062957,False,BCD,-8.017366139811743e-05,0.0006168662955606592,-0.9995187897030239,-0.031019171952231625,-0.18147656920331537
52,0.0009855338270837346,0.001343262199616571,0.0013763523075816901,0.0012354951680981167,0.0004054045112983208,TOGGLE_A_ON,True,-4.674952030212426e-09,-1.5126783356943553e-08,1.5832711429590693e-08,0.2675686470257817,4.236337443533859e-09,0.22180498446931557,57.09385871887207,37,22,0.0004054045112983208,False,ABCD,-0.0001563080470734915,0.0006520775141307117,-0.9995832584840264,0.02886709816478946,0.3514667695016381
53,0.0010024349937858752,0.0014214565124795052,0.0013763523075816901,0.0012354951680981167,0.00041760720678696544,TOGGLE_A_OFF,True,1.246425451844998e-09,5.766665902984587e-09,5.899831526717695e-09,-0.2684629518604891,-1.5838864556051602e-09,-0.3200468383160942,49.1793155670166,37,22,0.00041760720678696544,False,BCD,-7.85342652626512e-05,0.0006252886375652229,-0.9982642163043325,-0.05889443474808626,-0.2038548302421653
54,0.000980052937044127,0.0013446512813034377,0.0013763523075816901,0.0012354951680981167,0.0004110574754685304,TOGGLE_A_ON,True,-4.57264226242656e-09,-1.569126779113413e-08,1.6343957359012318e-08,0.27226880258289077,4.449949971872912e-09,0.2267187525547637,48.955440521240234,37,22,0.0004110574754685304,False,ABCD,-0.00015453689734711798,0.0006608596046525388,-0.9999694994823835,0.007810256266674223,0.3568681778135142
55,0.0009970423402272768,0.0014228264703309058,0.0013763523075816901,0.0012354951680981167,0.00042304735920537163,TOGGLE_A_OFF,True,1.2689332508425162e-09,5.838880605661299e-09,5.9751751708432286e-09,-0.2906309184647919,-1.7365709385211059e-09,-0.34236748940331296,48.241376876831055,37,22,0.00042304735920537163,False,BCD,-7.715998126371886e-05,0.0006319831335872323,-0.9967302622577917,-0.08080089292522516,-0.2213110335238789
56,0.0009746624336335217,0.001346020612606024,0.0013763523075816901,0.0012354951680981167,0.0004166180849605138,TOGGLE_C_OFF,True,-1.714245591853347e-09,-5.88313907753906e-09,6.127802489869902e-09,0.2883109971726806,1.7667131346426236e-09,0.24007771030732322,49.42035675048828,37,22,0.0004166180849605138,False,BD,-0.00015267807598916966,0.0006693696409277866,-0.9999601275707753,-0.008929908545913119,0.37663421102745726
57,0.000991717310437918,0.00142418154387726,0.0013763523075816901,0.0012354951680981167,0.00042842342306701397,TOGGLE_C_ON,True,1.2886324990093033e-09,5.905684183129585e-09,6.044640550799519e-09,-0.3117216396236211,-1.8842455751522937e-09,-0.3636058851987734,48.56276512145996,37,22,0.00042842342306701397,False,BCD,-7.571266392745839e-05,0.0006385361241234795,-0.9947852106287555,-0.10199208161569377,-0.238070467014063
58,0.0009694176787829075,0.0013473523409134724,0.0013763523075816901,0.0012354951680981167,0.00042202822088794885,TOGGLE_C_OFF,True,-1.7239532762337809e-09,-5.939558025394141e-09,6.184687901233265e-09,0.30296683768718885,1.8737556384856974e-09,0.25484059332567455,49.35455322265625,37,22,0.00042202822088794885,False,BD,-0.00015076425030425498,0.0006775242952018607,-0.999679545781922,-0.02531414117148515,0.3944799970163887
59,0.000986517415490105,0.0014255034701730327,0.0013763523075816901,0.0012354951680981167,0.0004336754523251811,TOGGLE_C_ON,True,1.3056229891995646e-09,5.9671042157181496e-09,6.108271777775422e-09,-0.3315733400936457,-2.025340407130088e-09,-0.3835986805007758,48.569679260253906,37,22,0.0004336754523251811,False,BCD,-7.421742038630607e-05,0.000644877348787708,-0.9924986607085934,-0.1222555049461914,-0.2539923570174417
60,0.0009642929444563592,0.0013486524917324806,0.0013763523075816901,0.0012354951680981167,0.0004273142855455987,TOGGLE_C_OFF,True,-1.7342957202706358e-09,-5.997097649959102e-09,6.2428328400249534e-09,0.317112863616192,1.979682916090381e-09,0.26909254653228243,49.43060874938965,37,22,0.0004273142855455987,False,BD,-0.00014879678453417854,0.0006853694013041751,-0.9991524544322775,-0.04116275986806122,0.4115339550629513
61,0.0009814193222021617,0.0014267977870822844,0.0013763523075816901,0.0012354951680981167,0.0004388265659357788,TOGGLE_C_ON,True,1.3201765198787859e-09,6.023783055064756e-09,6.166751846647029e-09,-0.3503364898929355,-2.160438546331588e-09,-0.40249692843926704,48.46048355102539,37,22,0.0004388265659357788,False,BCD,-7.267442014210817e-05,0.0006510367930581218,-0.9899093281146435,-0.14170223043274505,-0.26918362460019
62,0.000959363766974708,0.0013498981610519274,0.0013763523075816901,0.0012354951680981167,0.00043239737255715424,TOGGLE_C_OFF,True,-1.7280507189875193e-09,-6.025078610862572e-09,6.267992625591302e-09,0.32960922741479304,2.065988536371996e-09,0.28167521595116507,49.353837966918945,37,22,0.00043239737255715424,False,BD,-0.0001468194432196247,0.0006927986168004073,-0.9983999126394901,-0.05654745298824784,0.42640289458655767
63,0.0009764231053068225,0.0014280581186751915,0.0013763523075816901,0.0012354951680981167,0.00044387369461048367,TOGGLE_C_ON,True,1.3276282801764315e-09,6.082731234815432e-09,6.225930944471156e-09,-0.3668786814568823,-2.2841617026278612e-09,-0.41916284315951013,49.64017868041992,37,22,0.00044387369461048367,False,BCD,-7.109575984478531e-05,0.0006570164071120832,-0.9871059553498633,-0.1600682133055567,-0.2827275616397909
64,0.0009545067132280933,0.0013511187155175674,0.0013763523075816901,0.0012354951680981167,0.00043740428689417,TOGGLE_C_OFF,True,-1.7261937176861176e-09,-6.059953385398226e-09,6.3010141869526395e-09,0.341990408603812,2.154886758404758e-09,0.2941452953622168,48.65717887878418,37,22,0.00043740428689417,False,BD,-0.00014479371397925196,0.0007000060097577514,-0.997442719831579,-0.07147041802719588,0.4410080696193336
65,0.0009714362334952483,0.0014293068945699279,0.0013763523075816901,0.0012354951680981167,0.0004489098042720397,TOGGLE_C_ON,True,1.3304865614984412e-09,6.144788502898374e-09,6.2871790363946205e-09,-0.38205173494479344,-2.4020280408148343e-09,-0.4344537629856083,49.08132553100586,37,22,0.0004489098042720397,False,BCD,-6.945662982260934e-05,0.0006629275278665428,-0.9840606090301424,-0.17783339886878624,-0.29528487471271875
66,0.0009536396884304301,0.0013513114909633314,0.0013763523075816901,0.0012354951680981167,0.0004382914316202609,TOGGLE_C_ON,False,-1.2390126760745923e-09,-5.430115418029559e-09,5.569677357315759e-09,0.3056754669101995,1.7025140324121276e-09,0.3073779809426116,48.810720443725586,37,22,0.0004382914316202609,False,BCD,-0.00014444815794238507,0.0007012875892226786,-0.9962772481949446,-0.08620698769304325,0.39563241794974063
67,0.0009120575404340239,0.0013391458973292941,0.0013763523075816901,0.0012354951680981167,0.00047572376908334155,TOGGLE_B_OFF,True,-7.83805023995959e-10,-2.2931603752350058e-10,8.166615949748007e-10,0.9947364318377583,8.123640357405977e-10,0.9455487958734988,49.36671257019043,37,22,0.00047572376908334155,False,CD,-0.00014519686735845144,0.0007692732184124938,-0.9834856024743004,-0.18098637993993408,0.997705002093426
68,0.0008669321111761685,0.0013062151858430373,0.0013763523075816901,0.0012354951680981167,0.0005143056070233749,TOGGLE_B_OFF,False,-8.505943022793873e-10,-6.20729287696259e-10,1.053003093857783e-09,0.9614762985873512,1.0124384785597087e-09,0.9624887370659109,48.11668395996094,37,22,0.0005143056070233749,False,CD,-0.00015457839152122332,0.0008575403682203273,-0.938701887480877,-0.34472999062721366,0.9983550029616899
69,0.0008010960637813447,0.0012702910984177876,0.0013763523075816901,0.0012354951680981167,0.0005763076459653245,TRANSLATE_TRAP_X_NEG,True,-1.2409802570218054e-09,-6.771530948524925e-10,1.4137072936736991e-09,0.9973297068674456,1.409933278125667e-09,0.9487396401455712,49.26562309265137,37,22,0.0005763076459653245,False,CD,-0.00013815685221184136,0.0009734161939549915,-0.8405000407344734,-0.5418114815351817,0.9347508164486884
70,0.0007214089140898544,0.0012632229887662603,0.0013763523075816901,0.0012354951680981167,0.0006555300761350362,TRANSLATE_TRAP_X_NEG,False,-1.771232645801602e-09,-1.5710521216229867e-10,1.7781864731354538e-09,0.7152157703614123,1.2717877234455867e-09,0.7164875580848579,49.683570861816406,37,22,0.0006555300761350362,False,CD,-7.711497834308746e-05,0.00104464589890001,-0.6506701628363348,-0.7593604803994853,0.579768572061226
71,0.0006450615790544302,0.0012871203616969548,0.0013763523075816901,0.0012354951680981167,0.0007331106944002714,TRANSLATE_TRAP_X_NEG,False,-2.849424535252727e-09,8.918944024072477e-10,2.985748785002784e-09,0.22492008227307286,6.715550872896359e-10,0.2255916373603625,52.71196365356445,37,22,0.0007331106944002714,False,CD,1.2422116688791873e-06,0.001062571826497545,-0.5057138736112071,-0.8627012681311809,0.18081488407753646
72,0.0006566739911823032,0.0012220860257357506,0.0013763523075816901,0.0012354951680981167,0.000719803226023856,TOGGLE_B_ON,True,2.1888881178829669e-10,-1.2258683525208593e-09,1.245257214248646e-09,0.788852680585541,9.823252803312084e-10,0.7398350058658721,49.52216148376465,37,22,0.000719803226023856,False,BCD,-3.5613191771931e-05,0.0011199758099503729,-0.4663493359565607,-0.8846006425788278,0.8686382751215928
73,0.0005965856565553972,0.001186654299765242,0.0013763523075816901,0.0012354951680981167,0.000781294733421562,NARROW,True,-1.1326384237819975e-09,-6.678723000777401e-10,1.3148852452737077e-09,0.7672494607895394,1.0088457626858342e-09,0.7182583065522251,50.93860626220703,37,22,0.000781294733421562,False,BCD,1.261616566082855e-05,0.0011720022140763915,-0.3351457931132685,-0.942166279038089,0.6775081721682954
74,0.0005508016061745632,0.0011210507881921161,0.0013763523075816901,0.0012354951680981167,0.0008334455451232962,TOGGLE_A_ON,True,-1.8601497769245854e-09,-2.665390161052774e-09,3.2503018172516714e-09,0.9219309501661099,2.9965547646364173e-09,0.8749275049307463,49.425601959228516,37,22,0.0008334455451232962,False,ABCD,4.9691374943818054e-05,0.001237905562316743,-0.20997488292244143,-0.9777067804509219,0.8459352347826321
75,0.0006226287775332325,0.0010858249815354566,0.0013763523075816901,0.0012354951680981167,0.0007684401892759185,TOGGLE_B_OFF,True,7.477687554312117e-09,-3.667241394092784e-09,8.3285335205222e-09,0.3979472502660494,3.31431741118768e-09,0.3512615676772371,50.150394439697266,37,22,0.0007684401892759185,False,ACD,-2.2362646584672902e-05,0.0012716550135648838,-0.04666272308228883,-0.998910701851044,0.4737136380094091
76,0.0005429302339591914,0.0010788865269397508,0.0013763523075816901,0.0012354951680981167,0.0008480086198186287,MOVE_C_RIGHT,True,-2.033410677730169e-08,-1.7702616671717794e-09,2.0411019690377164e-08,0.04934194827064405,1.0071195270556356e-09,0.0003490677976996856,48.34699630737305,37,22,0.0008480086198186287,False,ACD,5.7557154652034036e-05,0.0012751011791638212,0.037469019541843895,-0.9992977897366595,0.040668273560575965
77,0.0005313096296375026,0.001003423955599681,0.0013763523075816901,0.0012354951680981167,0.0008763299465484321,TOGGLE_A_OFF,True,-2.1904323100374833e-10,-1.422435958457752e-09,1.4392025545287867e-09,0.9802394752839947,1.4107641371181578e-09,0.9316502394211128,50.81987380981445,37,22,0.0008763299465484321,False,CD,7.853693234958093e-05,0.0013379214377448967,0.0463163900607056,-0.9989268201473742,0.9372975989119351
78,0.0006048471307874596,0.0010349237321801597,0.0013763523075816901,0.0012354951680981167,0.0007971506374120817,TOGGLE_B_ON,True,4.059327182369566e-09,1.738812134110439e-09,4.416062138518222e-09,-0.1999020639513242,-8.827801359291552e-10,-0.2507848440872534,49.18813705444336,37,22,0.0007971506374120817,False,BCD,4.756055994705258e-07,0.0013219255522638196,0.202045994137961,-0.979376034141536,-0.23914318529756448
79,0.0006600488186207573,0.0010037942541285638,0.0013763523075816901,0.0012354951680981167,0.0007528452708438376,MOVE_C_RIGHT,True,1.0405273017770721e-09,-5.867768373418689e-10,1.1945727782702902e-09,0.6262169386519387,7.480623344223008e-10,0.5769650009863609,48.528194427490234,37,22,0.0007528452708438376,False,BCD,-4.669793199045362e-05,0.00136695195570805,0.16249886565012495,-0.9867087304065079,0.7098298996315363
80,0.000598935321538214,0.0009521692555877214,0.0013763523075816901,0.0012354951680981167,0.0008274362470237634,TOGGLE_B_OFF,True,-1.4105398991560418e-09,-1.1915390823957757e-09,1.8464528675240275e-09,0.41303570723737476,7.626513790539726e-10,0.36379835861642873,48.9041805267334,37,22,0.0008274362470237634,False,CD,2.7442166033188906e-05,0.0013978947480655232,0.27216970570827453,-0.9622492667145406,0.34128914310286523
81,0.000666013621592143,0.0009957639990996986,0.0013763523075816901,0.0012354951680981167,0.0007497013286654256,TOGGLE_B_ON,True,3.78118288119709e-09,2.457422113338286e-09,4.5095750824420176e-09,-0.2212384002813343,-9.976913984264381e-10,-0.2722360916797607,51.26643180847168,37,22,0.0007497013286654256,False,BCD,-5.012567278280634e-05,0.0013776439744136004,0.34592694383374056,-0.9382614505178438,-0.2703855408932198
82,0.0006031112568033761,0.0009463343267967093,0.0013763523075816901,0.0012354951680981167,0.0008255396506230872,TOGGLE_B_OFF,True,-1.4187851020369638e-09,-1.1149037543748142e-09,1.8044283159164549e-09,0.35570181479266016,6.418387823365614e-10,0.3063436535749967,55.82904815673828,37,22,0.0008255396506230872,False,CD,2.559818326352875e-05,0.0014043979766561036,0.2977805678831014,-0.9546343453852986,0.2922987765687698
83,0.0006702740514498562,0.0009897987837158375,0.0013763523075816901,0.0012354951680981167,0.0007476049873300046,TRANSLATE_TRAP_X_POS,True,2.260703390415924e-09,1.4630160289914293e-09,2.6928044341399738e-09,-0.20345995789627203,-5.478780802529714e-10,-0.254007835976525,48.92420768737793,37,22,0.0007476049873300046,False,CD,-5.2345704445061014e-05,0.0013856566271392636,0.3611297173867766,-0.932515590871352,-0.24916769674151554
84,0.0006038864527443913,0.0009451592638021763,0.0013763523075816901,0.0012354951680981167,0.0008252262927299761,TRANSLATE_TRAP_X_POS,False,-3.37693829316582e-09,-2.2706786677700964e-09,4.069360373340737e-09,0.2663213902711484,1.0837579784638146e-09,0.2674051482496122,50.28939247131348,37,22,0.0008252262927299761,False,CD,2.5301770400389188e-05,0.0014056918253242507,0.31683611312466897,-0.9484802989087605,0.2175753318182947
85,0.0005583476426362913,0.0009098014287239278,0.0013763523075816901,0.0012354951680981167,0.0008804589960582925,TRANSLATE_TRAP_X_POS,False,-8.583863477329652e-10,-6.664794895719904e-10,1.086748375657622e-09,0.28354770483646435,3.081452912001793e-10,0.2838558501276645,49.399375915527344,37,22,0.0008804589960582925,False,CD,8.086619893727211e-05,0.0014192964122447462,0.36414332987091075,-0.9313429203620571,0.25084817609418997
86,0.00053838974745911,0.000874462461872745,0.0013763523075816901,0.0012354951680981167,0.0009124285545354245,TRANSLATE_TRAP_X_POS,False,-3.76197461218488e-10,-6.661238318707741e-10,7.650133915255595e-10,0.6050293731043944,4.62856177720549e-10,0.605492229282115,49.527645111083984,37,22,0.0009124285545354245,False,CD,0.00011376181870139708,0.0014384278370291623,0.39575605509080164,-0.918355674484002,0.5664715018551724
87,0.0005940822546929771,0.000817031245291467,0.0013763523075816901,0.0012354951680981167,0.00088716317007484,TRANSLATE_TRAP_X_POS,False,1.3238013947671226e-09,-1.3651302192987932e-09,1.901586350505848e-09,0.9507304340082892,1.8078969670510977e-09,0.9525383309753402,50.16803741455078,37,22,0.00088716317007484,False,CD,9.481363370104809e-05,0.0015001501799416347,0.439299024631848,-0.8983408968512494,0.987027908676186
88,0.0006250536651871314,0.0007743839389341202,0.0013763523075816901,0.0012354951680981167,0.000881517564047954,WIDEN,True,5.837973340784935e-10,-8.038827860858036e-10,9.935023206023378e-10,0.9998177107420125,9.933222156192167e-10,0.9508110329576318,48.87962341308594,37,22,0.000881517564047954,False,CD,9.659900645658017e-05,0.0015426766422728835,0.5721026737853312,-0.820182010681577,0.9962187301580067
89,0.0006499584061902401,0.0007505111824525547,0.0013763523075816901,0.0012354951680981167,0.0008734171777056747,NARROW,True,4.694433082495376e-10,-4.499908583005455e-10,6.502836244396225e-10,0.9958459776613964,6.475833275832499e-10,0.9464935609889796,49.02172088623047,37,22,0.0008734171777056747,False,CD,9.464285195238438e-05,0.001570480242668584,0.6559109089694268,-0.7548383134770653,0.9997592373248919
90,0.0006551405507267905,0.0007465011285194839,0.0013763523075816901,0.0012354951680981167,0.0008713561665410765,NARROW,False,9.768112323520101e-11,-7.558773585980574e-11,1.2351156888689532e-10,0.9918963009874147,1.2251166020436472e-10,0.992018812647619,50.36449432373047,37,22,0.0008713561665410765,False,CD,9.385169017734452e-05,0.0015757444923754499,0.7067486953068685,-0.7074646858183377,0.9934572301934047
91,0.0006565388673698368,0.0007464611681540926,0.0013763523075816901,0.0012354951680981167,0.000870221605001206,NARROW,False,2.6357647759119447e-11,-7.532351420896675e-13,2.6368408343566993e-11,0.7356180716395716,1.939781331597118e-11,0.7356374694528875,49.57127571105957,37,22,0.000870221605001206,False,CD,9.29049150196855e-05,0.0015765793956948999,0.7159962422410601,-0.6981041334175588,0.7368678902661535
92,0.0006917028846282666,0.0006746037267144696,0.0013763523075816901,0.0012354951680981167,0.0008850672524547957,TOGGLE_A_ON,True,8.015778712780257e-10,-1.6380191865265392e-09,1.8236320734050703e-09,0.9410625274453412,1.716152749191491e-09,0.8927786801945327,61.14339828491211,37,22,0.0008850672524547957,False,ACD,0.0001253656828074609,0.0016341033158202437,0.717449826561267,-0.6966101825018118,0.8830059935670022
93,0.000694579437746317,0.0006729364484147203,0.0013763523075816901,0.0012354951680981167,0.0008839041572112797,MOVE_C_LEFT,True,5.422174885996908e-11,-3.1427455547891214e-11,6.267122953675185e-11,0.9948411855922403,6.234891513605123e-11,0.9449035345073763,49.94034767150879,37,22,0.0008839041572112797,False,ACD,0.00012503809094197032,0.0016366232150233182,0.8099352636667053,-0.5865192824342134,0.9954395994128394
94,0.0007201195056957917,0.0006609060120827641,0.0013763523075816901,0.0012354951680981167,0.0008722351681063152,MOVE_C_LEFT,False,4.814189390535234e-10,-2.2676838239972158e-10,5.3215420146383e-10,0.9837984752891394,5.235334758173008e-10,0.9843220087649568,50.16016960144043,37,22,0.0008722351681063152,False,ACD,0.00012070780800467132,0.0016579676980516844,0.8136135196901656,-0.581406089214226,0.991913875801414
95,0.0007420370964309304,0.0006607210931477265,0.0013763523075816901,0.0012354951680981167,0.000855991252485859,TOGGLE_C_OFF,True,4.1313685222739624e-10,-3.4856398069424784e-12,4.1315155615491176e-10,0.8479583616232533,3.5033616461757815e-10,0.7983086977878708,52.89125442504883,37,22,0.000855991252485859,False,AD,0.00010942204273383537,0.0016725613542393476,0.8434582766986054,-0.5371946904676356,0.8665499199782002
96,0.0007810014387719372,0.0006781821796204626,0.0013763523075816901,0.0012354951680981167,0.0008155001067556161,TOGGLE_C_OFF,False,7.344605499027896e-10,3.2913372591866537e-10,8.048362000435935e-10,0.5800910451067782,4.668788525141013e-10,0.5805579239592923,50.02641677856445,37,22,0.0008155001067556161,False,AD,7.527954238501075e-05,0.0016934067569814486,0.8624745825778034,-0.5061003797718823,0.6214769947653457
97,0.0008328161028934739,0.0007045217356334299,0.0013763523075816901,0.0012354951680981167,0.0007598449787885696,TOGGLE_C_OFF,False,9.766834089146537e-10,4.964889340149278e-10,1.0956330329304736e-09,0.5825404266986929,6.382511170489277e-10,0.5831786778157418,48.25758934020996,37,22,0.0007598449787885696,False,AD,2.9364079818189153e-05,0.0017249741532580417,0.8876192436945313,-0.46057798277940765,0.6446336854826008
98,0.0009060200416812733,0.0007367891084107743,0.0013763523075816901,0.0012354951680981167,0.000685507238704228,TOGGLE_B_ON,True,8.982792638367661e-09,3.959501680421923e-09,9.816731489715723e-09,0.6858451373203972,6.732758242446685e-09,0.6425778955628438,48.41780662536621,37,22,0.000685507238704228,False,ABD,-2.4827527216308314e-05,0.0017836777388901975,0.9211133604911225,-0.3892944606885015,0.7848384134076772
99,0.0009173641703134831,0.0007359696126217557,0.0013763523075816901,0.0012354951680981167,0.0006783773955011366,TOGGLE_A_OFF,True,2.1383178703396737e-10,-1.544713170257384e-11,2.1438900863611605e-10,0.9836317154260623,2.1088081196495115e-10,0.9338425962380272,48.59304428100586,37,22,0.0006783773955011366,False,BD,-2.6708152670415714e-05,0.0017956677169731219,0.9680984535368258,-0.2505701184451302,0.9886052948728131
100,0.0009173641703134831,0.0007359696126217557,0.0013763523075816901,0.0012354951680981167,0.0006783773955011366,TOGGLE_B_OFF,True,5.87249220367438e-72,-3.395069430549939e-72,6.783263309091802e-72,6.478523826295802e-57,6.478523826295803e-72,-0.55,49.38197135925293,37,22,0.0006783773955011366,False,D,-2.6708152670415714e-05,0.0017956677169731219,0.9751720206654009,-0.22144870762630087,0.0
101,0.0009173641703134831,0.0007359696126217557,0.0013763523075816901,0.0012354951680981167,0.0006783773955011366,TOGGLE_B_OFF,False,5.87249220367438e-72,-3.395069430549939e-72,6.783263309091802e-72,6.478523826295802e-57,6.478523826295803e-72,-0.5,49.109697341918945,37,22,0.0006783773955011366,False,D,-2.6708152670415714e-05,0.0017956677169731219,0.9751720206654009,-0.22144870762630087,0.0
102,0.0009173641703134831,0.0007359696126217557,0.0013763523075816901,0.0012354951680981167,0.0006783773955011366,TOGGLE_B_OFF,False,5.87249220367438e-72,-3.395069430549939e-72,6.783263309091802e-72,6.478523826295802e-57,6.478523826295803e-72,-0.5,49.53956604003906,37,22,0.0006783773955011366,False,D,-2.6708152670415714e-05,0.0017956677169731219,0.9751720206654009,-0.22144870762630087,0.0
103,0.0009173641703134831,0.0007359696126217557,0.0013763523075816901,0.0012354951680981167,0.0006783773955011366,TOGGLE_B_OFF,False,5.87249220367438e-72,-3.395069430549939e-72,6.783263309091802e-72,6.478523826295802e-57,6.478523826295803e-72,-0.5,49.62491989135742,37,22,0.0006783773955011366,False,D,-2.6708152670415714e-05,0.0017956677169731219,0.9751720206654009,-0.22144870762630087,0.0
104,0.0009173641703134831,0.0007359696126217557,0.0013763523075816901,0.0012354951680981167,0.0006783773955011366,TOGGLE_B_OFF,False,5.87249220367438e-72,-3.395069430549939e-72,6.783263309091802e-72,6.478523826295802e-57,6.478523826295803e-72,-0.5,48.61044883728027,37,22,0.0006783773955011366,False,D,-2.6708152670415714e-05,0.0017956677169731219,0.9751720206654009,-0.22144870762630087,0.0
105,0.0009173641703134831,0.0007359696126217557,0.0013763523075816901,0.0012354951680981167,0.0006783773955011366,TOGGLE_B_OFF,False,5.87249220367438e-72,-3.395069430549939e-72,6.783263309091802e-72,6.478523826295802e-57,6.478523826295803e-72,-0.5,49.29184913635254,37,22,0.0006783773955011366,False,D,-2.6708152670415714e-05,0.0017956677169731219,0.9751720206654009,-0.22144870762630087,0.0
106,0.0009173641703134831,0.0007359696126217557,0.0013763523075816901,0.0012354951680981167,0.0006783773955011366,TOGGLE_B_OFF,False,5.87249220367438e-72,-3.395069430549939e-72,6.783263309091802e-72,6.478523826295802e-57,6.478523826295803e-72,-0.5,49.4837760925293,37,22,0.0006783773955011366,False,D,-2.6708152670415714e-05,0.0017956677169731219,0.9751720206654009,-0.22144870762630087,0.0
107,0.0009173641703134831,0.0007359696126217557,0.0013763523075816901,0.0012354951680981167,0.0006783773955011366,TOGGLE_B_OFF,False,5.87249220367438e-72,-3.395069430549939e-72,6.783263309091802e-72,6.478523826295802e-57,6.478523826295803e-72,-0.5,49.72124099731445,37,22,0.0006783773955011366,False,D,-2.6708152670415714e-05,0.0017956677169731219,0.9751720206654009,-0.22144870762630087,0.0
108,0.0009173641703134831,0.0007359696126217557,0.0013763523075816901,0.0012354951680981167,0.0006783773955011366,TOGGLE_B_OFF,False,5.87249220367438e-72,-3.395069430549939e-72,6.783263309091802e-72,6.478523826295802e-57,6.478523826295803e-72,-0.5,49.59273338317871,37,22,0.0006783773955011366,False,D,-2.6708152670415714e-05,0.0017956677169731219,0.9751720206654009,-0.22144870762630087,0.0
109,0.0009173641703134831,0.0007359696126217557,0.0013763523075816901,0.0012354951680981167,0.0006783773955011366,TOGGLE_B_OFF,False,5.87249220367438e-72,-3.395069430549939e-72,6.783263309091802e-72,6.478523826295802e-57,6.478523826295803e-72,-0.5,49.848318099975586,37,22,0.0006783773955011366,False,D,-2.6708152670415714e-05,0.0017956677169731219,0.9751720206654009,-0.22144870762630087,0.0
110,0.0009173641703134831,0.0007359696126217557,0.0013763523075816901,0.0012354951680981167,0.0006783773955011366,TOGGLE_B_OFF,False,5.87249220367438e-72,-3.395069430549939e-72,6.783263309091802e-72,6.478523826295802e-57,6.478523826295803e-72,-0.5,48.707008361816406,37,22,0.0006783773955011366,False,D,-2.6708152670415714e-05,0.0017956677169731219,0.9751720206654009,-0.22144870762630087,0.0
111,0.0009173641703134831,0.0007359696126217557,0.0013763523075816901,0.0012354951680981167,0.0006783773955011366,TOGGLE_B_OFF,False,5.87249220367438e-72,-3.395069430549939e-72,6.783263309091802e-72,6.478523826295802e-57,6.478523826295803e-72,-0.5,49.18670654296875,37,22,0.0006783773955011366,False,D,-2.6708152670415714e-05,0.0017956677169731219,0.9751720206654009,-0.22144870762630087,0.0
112,0.0009173641703134831,0.0007359696126217557,0.0013763523075816901,0.0012354951680981167,0.0006783773955011366,TOGGLE_B_OFF,False,5.87249220367438e-72,-3.395069430549939e-72,6.783263309091802e-72,6.478523826295802e-57,6.478523826295803e-72,-0.5,48.441410064697266,37,22,0.0006783773955011366,False,D,-2.6708152670415714e-05,0.0017956677169731219,0.9751720206654009,-0.22144870762630087,0.0
113,0.0009173641703134831,0.0007359696126217557,0.0013763523075816901,0.0012354951680981167,0.0006783773955011366,TOGGLE_B_OFF,False,5.87249220367438e-72,-3.395069430549939e-72,6.783263309091802e-72,6.478523826295802e-57,6.478523826295803e-72,-0.5,48.74873161315918,37,22,0.0006783773955011366,False,D,-2.6708152670415714e-05,0.0017956677169731219,0.9751720206654009,-0.22144870762630087,0.0
114,0.0009173641703134831,0.0007359696126217557,0.0013763523075816901,0.0012354951680981167,0.0006783773955011366,TOGGLE_B_OFF,False,5.87249220367438e-72,-3.395069430549939e-72,6.783263309091802e-72,6.478523826295802e-57,6.478523826295803e-72,-0.5,50.58145523071289,37,22,0.0006783773955011366,False,D,-2.6708152670415714e-05,0.0017956677169731219,0.9751720206654009,-0.22144870762630087,0.0
115,0.0009173641703134831,0.0007359696126217557,0.0013763523075816901,0.0012354951680981167,0.0006783773955011366,TOGGLE_B_OFF,False,5.87249220367438e-72,-3.395069430549939e-72,6.783263309091802e-72,6.478523826295802e-57,6.478523826295803e-72,-0.5,48.748016357421875,37,22,0.0006783773955011366,False,D,-2.6708152670415714e-05,0.0017956677169731219,0.9751720206654009,-0.22144870762630087,0.0
116,0.0009173641703134831,0.0007359696126217557,0.0013763523075816901,0.0012354951680981167,0.0006783773955011366,TOGGLE_B_OFF,False,5.87249220367438e-72,-3.395069430549939e-72,6.783263309091802e-72,6.478523826295802e-57,6.478523826295803e-72,-0.5,48.763275146484375,37,22,0.0006783773955011366,False,D,-2.6708152670415714e-05,0.0017956677169731219,0.9751720206654009,-0.22144870762630087,0.0
117,0.0009173641703134831,0.0007359696126217557,0.0013763523075816901,0.0012354951680981167,0.0006783773955011366,TOGGLE_B_OFF,False,5.87249220367438e-72,-3.395069430549939e-72,6.783263309091802e-72,6.478523826295802e-57,6.478523826295803e-72,-0.5,49.27349090576172,37,22,0.0006783773955011366,False,D,-2.6708152670415714e-05,0.0017956677169731219,0.9751720206654009,-0.22144870762630087,0.0
118,0.0009173641703134831,0.0007359696126217557,0.0013763523075816901,0.0012354951680981167,0.0006783773955011366,TOGGLE_B_OFF,False,5.87249220367438e-72,-3.395069430549939e-72,6.783263309091802e-72,6.478523826295802e-57,6.478523826295803e-72,-0.5,49.2091178894043,37,22,0.0006783773955011366,False,D,-2.6708152670415714e-05,0.0017956677169731219,0.9751720206654009,-0.22144870762630087,0.0
119,0.0009173641703134831,0.0007359696126217557,0.0013763523075816901,0.0012354951680981167,0.0006783773955011366,TOGGLE_B_OFF,False,5.87249220367438e-72,-3.395069430549939e-72,6.783263309091802e-72,6.478523826295802e-57,6.478523826295803e-72,-0.5,48.506975173950195,37,22,0.0006783773955011366,False,D,-2.6708152670415714e-05,0.0017956677169731219,0.9751720206654009,-0.22144870762630087,0.0
120,0.0009173641703134831,0.0007359696126217557,0.0013763523075816901,0.0012354951680981167,0.0006783773955011366,TOGGLE_B_OFF,False,5.87249220367438e-72,-3.395069430549939e-72,6.783263309091802e-72,6.478523826295802e-57,6.478523826295803e-72,-0.5,49.42607879638672,37,22,0.0006783773955011366,False,D,-2.6708152670415714e-05,0.0017956677169731219,0.9751720206654009,-0.22144870762630087,0.0
121,0.0009173641703134831,0.0007359696126217557,0.0013763523075816901,0.0012354951680981167,0.0006783773955011366,TOGGLE_B_OFF,False,5.87249220367438e-72,-3.395069430549939e-72,6.783263309091802e-72,6.478523826295802e-57,6.478523826295803e-72,-0.5,49.559831619262695,37,22,0.0006783773955011366,False,D,-2.6708152670415714e-05,0.0017956677169731219,0.9751720206654009,-0.22144870762630087,0.0
122,0.0009173641703134831,0.0007359696126217557,0.0013763523075816901,0.0012354951680981167,0.0006783773955011366,TOGGLE_B_OFF,False,5.87249220367438e-72,-3.395069430549939e-72,6.783263309091802e-72,6.478523826295802e-57,6.478523826295803e-72,-0.5,48.632144927978516,37,22,0.0006783773955011366,False,D,-2.6708152670415714e-05,0.0017956677169731219,0.9751720206654009,-0.22144870762630087,0.0
123,0.0009173641703134831,0.0007359696126217557,0.0013763523075816901,0.0012354951680981167,0.0006783773955011366,TOGGLE_B_OFF,False,5.87249220367438e-72,-3.395069430549939e-72,6.783263309091802e-72,6.478523826295802e-57,6.478523826295803e-72,-0.5,57.05904960632324,37,22,0.0006783773955011366,False,D,-2.6708152670415714e-05,0.0017956677169731219,0.9751720206654009,-0.22144870762630087,0.0
124,0.0009173641703134831,0.0007359696126217557,0.0013763523075816901,0.0012354951680981167,0.0006783773955011366,TOGGLE_B_OFF,False,5.87249220367438e-72,-3.395069430549939e-72,6.783263309091802e-72,6.478523826295802e-57,6.478523826295803e-72,-0.5,50.38809776306152,37,22,0.0006783773955011366,False,D,-2.6708152670415714e-05,0.0017956677169731219,0.9751720206654009,-0.22144870762630087,0.0
125,0.0009173641703134831,0.0007359696126217557,0.0013763523075816901,0.0012354951680981167,0.0006783773955011366,TOGGLE_B_OFF,False,5.87249220367438e-72,-3.395069430549939e-72,6.783263309091802e-72,6.478523826295802e-57,6.478523826295803e-72,-0.5,49.49140548706055,37,22,0.0006783773955011366,False,D,-2.6708152670415714e-05,0.0017956677169731219,0.9751720206654009,-0.22144870762630087,0.0
126,0.0009173641703134831,0.0007359696126217557,0.0013763523075816901,0.0012354951680981167,0.0006783773955011366,TOGGLE_B_OFF,False,5.87249220367438e-72,-3.395069430549939e-72,6.783263309091802e-72,6.478523826295802e-57,6.478523826295803e-72,-0.5,49.1483211517334,37,22,0.0006783773955011366,False,D,-2.6708152670415714e-05,0.0017956677169731219,0.9751720206654009,-0.22144870762630087,0.0
127,0.0009173641703134831,0.0007359696126217557,0.0013763523075816901,0.0012354951680981167,0.0006783773955011366,TOGGLE_B_OFF,False,5.87249220367438e-72,-3.395069430549939e-72,6.783263309091802e-72,6.478523826295802e-57,6.478523826295803e-72,-0.5,49.633026123046875,37,22,0.0006783773955011366,False,D,-2.6708152670415714e-05,0.0017956677169731219,0.9751720206654009,-0.22144870762630087,0.0
128,0.0009173641703134831,0.0007359696126217557,0.0013763523075816901,0.0012354951680981167,0.0006783773955011366,TOGGLE_B_OFF,False,5.87249220367438e-72,-3.395069430549939e-72,6.783263309091802e-72,6.478523826295802e-57,6.478523826295803e-72,-0.5,48.63715171813965,37,22,0.0006783773955011366,False,D,-2.6708152670415714e-05,0.0017956677169731219,0.9751720206654009,-0.22144870762630087,0.0
129,0.0009173641703134831,0.0007359696126217557,0.0013763523075816901,0.0012354951680981167,0.0006783773955011366,TOGGLE_B_OFF,False,5.87249220367438e-72,-3.395069430549939e-72,6.783263309091802e-72,6.478523826295802e-57,6.478523826295803e-72,-0.5,48.84529113769531,37,22,0.0006783773955011366,False,D,-2.6708152670415714e-05,0.0017956677169731219,0.9751720206654009,-0.22144870762630087,0.0
130,0.0009173641703134831,0.0007359696126217557,0.0013763523075816901,0.0012354951680981167,0.0006783773955011366,TOGGLE_B_OFF,False,5.87249220367438e-72,-3.395069430549939e-72,6.783263309091802e-72,6.478523826295802e-57,6.478523826295803e-72,-0.5,48.746347427368164,37,22,0.0006783773955011366,False,D,-2.6708152670415714e-05,0.0017956677169731219,0.9751720206654009,-0.22144870762630087,0.0
131,0.0009173641703134831,0.0007359696126217557,0.0013763523075816901,0.0012354951680981167,0.0006783773955011366,TOGGLE_B_OFF,False,5.87249220367438e-72,-3.395069430549939e-72,6.783263309091802e-72,6.478523826295802e-57,6.478523826295803e-72,-0.5,49.500226974487305,37,22,0.0006783773955011366,False,D,-2.6708152670415714e-05,0.0017956677169731219,0.9751720206654009,-0.22144870762630087,0.0
132,0.0009173641703134831,0.0007359696126217557,0.0013763523075816901,0.0012354951680981167,0.0006783773955011366,TOGGLE_B_OFF,False,5.87249220367438e-72,-3.395069430549939e-72,6.783263309091802e-72,6.478523826295802e-57,6.478523826295803e-72,-0.5,49.39627647399902,37,22,0.0006783773955011366,False,D,-2.6708152670415714e-05,0.0017956677169731219,0.9751720206654009,-0.22144870762630087,0.0
133,0.0009173641703134831,0.0007359696126217557,0.0013763523075816901,0.0012354951680981167,0.0006783773955011366,TOGGLE_B_OFF,False,5.87249220367438e-72,-3.395069430549939e-72,6.783263309091802e-72,6.478523826295802e-57,6.478523826295803e-72,-0.5,49.07870292663574,37,22,0.0006783773955011366,False,D,-2.6708152670415714e-05,0.0017956677169731219,0.9751720206654009,-0.22144870762630087,0.0
134,0.0009173641703134831,0.0007359696126217557,0.0013763523075816901,0.0012354951680981167,0.0006783773955011366,TOGGLE_B_OFF,False,5.87249220367438e-72,-3.395069430549939e-72,6.783263309091802e-72,6.478523826295802e-57,6.478523826295803e-72,-0.5,49.16667938232422,37,22,0.0006783773955011366,False,D,-2.6708152670415714e-05,0.0017956677169731219,0.9751720206654009,-0.22144870762630087,0.0
135,0.0009173641703134831,0.0007359696126217557,0.0013763523075816901,0.0012354951680981167,0.0006783773955011366,TOGGLE_B_OFF,False,5.87249220367438e-72,-3.395069430549939e-72,6.783263309091802e-72,6.478523826295802e-57,6.478523826295803e-72,-0.5,48.87056350708008,37,22,0.0006783773955011366,False,D,-2.6708152670415714e-05,0.0017956677169731219,0.9751720206654009,-0.22144870762630087,0.0
136,0.0009173641703134831,0.0007359696126217557,0.0013763523075816901,0.0012354951680981167,0.0006783773955011366,TOGGLE_B_OFF,False,5.87249220367438e-72,-3.395069430549939e-72,6.783263309091802e-72,6.478523826295802e-57,6.478523826295803e-72,-0.5,48.79474639892578,37,22,0.0006783773955011366,False,D,-2.6708152670415714e-05,0.0017956677169731219,0.9751720206654009,-0.22144870762630087,0.0
137,0.0009173641703134831,0.0007359696126217557,0.0013763523075816901,0.0012354951680981167,0.0006783773955011366,TOGGLE_B_OFF,False,5.87249220367438e-72,-3.395069430549939e-72,6.783263309091802e-72,6.478523826295802e-57,6.478523826295803e-72,-0.5,49.149274826049805,37,22,0.0006783773955011366,False,D,-2.6708152670415714e-05,0.0017956677169731219,0.9751720206654009,-0.22144870762630087,0.0
138,0.0009173641703134831,0.0007359696126217557,0.0013763523075816901,0.0012354951680981167,0.0006783773955011366,TOGGLE_B_OFF,False,5.87249220367438e-72,-3.395069430549939e-72,6.783263309091802e-72,6.478523826295802e-57,6.478523826295803e-72,-0.5,48.784732818603516,37,22,0.0006783773955011366,False,D,-2.6708152670415714e-05,0.0017956677169731219,0.9751720206654009,-0.22144870762630087,0.0
139,0.0009173641703134831,0.0007359696126217557,0.0013763523075816901,0.0012354951680981167,0.0006783773955011366,TOGGLE_B_OFF,False,5.87249220367438e-72,-3.395069430549939e-72,6.783263309091802e-72,6.478523826295802e-57,6.478523826295803e-72,-0.5,48.67982864379883,37,22,0.0006783773955011366,False,D,-2.6708152670415714e-05,0.0017956677169731219,0.9751720206654009,-0.22144870762630087,0.0
140,0.0009173641703134831,0.0007359696126217557,0.0013763523075816901,0.0012354951680981167,0.0006783773955011366,TOGGLE_B_OFF,False,5.87249220367438e-72,-3.395069430549939e-72,6.783263309091802e-72,6.478523826295802e-57,6.478523826295803e-72,-0.5,48.716068267822266,37,22,0.0006783773955011366,False,D,-2.6708152670415714e-05,0.0017956677169731219,0.9751720206654009,-0.22144870762630087,0.0
141,0.0009173641703134831,0.0007359696126217557,0.0013763523075816901,0.0012354951680981167,0.0006783773955011366,TOGGLE_B_OFF,False,5.87249220367438e-72,-3.395069430549939e-72,6.783263309091802e-72,6.478523826295802e-57,6.478523826295803e-72,-0.5,48.74300956726074,37,22,0.0006783773955011366,False,D,-2.6708152670415714e-05,0.0017956677169731219,0.9751720206654009,-0.22144870762630087,0.0
142,0.0009173641703134831,0.0007359696126217557,0.0013763523075816901,0.0012354951680981167,0.0006783773955011366,TOGGLE_B_OFF,False,5.87249220367438e-72,-3.395069430549939e-72,6.783263309091802e-72,6.478523826295802e-57,6.478523826295803e-72,-0.5,48.340797424316406,37,22,0.0006783773955011366,False,D,-2.6708152670415714e-05,0.0017956677169731219,0.9751720206654009,-0.22144870762630087,0.0
143,0.0009173641703134831,0.0007359696126217557,0.0013763523075816901,0.0012354951680981167,0.0006783773955011366,TOGGLE_B_OFF,False,5.87249220367438e-72,-3.395069430549939e-72,6.783263309091802e-72,6.478523826295802e-57,6.478523826295803e-72,-0.5,49.112558364868164,37,22,0.0006783773955011366,False,D,-2.6708152670415714e-05,0.0017956677169731219,0.9751720206654009,-0.22144870762630087,0.0
144,0.0009173641703134831,0.0007359696126217557,0.0013763523075816901,0.0012354951680981167,0.0006783773955011366,TOGGLE_B_OFF,False,5.87249220367438e-72,-3.395069430549939e-72,6.783263309091802e-72,6.478523826295802e-57,6.478523826295803e-72,-0.5,48.30646514892578,37,22,0.0006783773955011366,False,D,-2.6708152670415714e-05,0.0017956677169731219,0.9751720206654009,-0.22144870762630087,0.0
145,0.0009173641703134831,0.0007359696126217557,0.0013763523075816901,0.0012354951680981167,0.0006783773955011366,TOGGLE_B_OFF,False,5.87249220367438e-72,-3.395069430549939e-72,6.783263309091802e-72,6.478523826295802e-57,6.478523826295803e-72,-0.5,49.37338829040527,37,22,0.0006783773955011366,False,D,-2.6708152670415714e-05,0.0017956677169731219,0.9751720206654009,-0.22144870762630087,0.0
146,0.0009173641703134831,0.0007359696126217557,0.0013763523075816901,0.0012354951680981167,0.0006783773955011366,TOGGLE_B_OFF,False,5.87249220367438e-72,-3.395069430549939e-72,6.783263309091802e-72,6.478523826295802e-57,6.478523826295803e-72,-0.5,49.24964904785156,37,22,0.0006783773955011366,False,D,-2.6708152670415714e-05,0.0017956677169731219,0.9751720206654009,-0.22144870762630087,0.0
147,0.0009173641703134831,0.0007359696126217557,0.0013763523075816901,0.0012354951680981167,0.0006783773955011366,TOGGLE_B_OFF,False,5.87249220367438e-72,-3.395069430549939e-72,6.783263309091802e-72,6.478523826295802e-57,6.478523826295803e-72,-0.5,48.88558387756348,37,22,0.0006783773955011366,False,D,-2.6708152670415714e-05,0.0017956677169731219,0.9751720206654009,-0.22144870762630087,0.0
148,0.0009173641703134831,0.0007359696126217557,0.0013763523075816901,0.0012354951680981167,0.0006783773955011366,TOGGLE_B_OFF,False,5.87249220367438e-72,-3.395069430549939e-72,6.783263309091802e-72,6.478523826295802e-57,6.478523826295803e-72,-0.5,49.05438423156738,37,22,0.0006783773955011366,False,D,-2.6708152670415714e-05,0.0017956677169731219,0.9751720206654009,-0.22144870762630087,0.0
149,0.0009173641703134831,0.0007359696126217557,0.0013763523075816901,0.0012354951680981167,0.0006783773955011366,TOGGLE_B_OFF,False,5.87249220367438e-72,-3.395069430549939e-72,6.783263309091802e-72,6.478523826295802e-57,6.478523826295803e-72,-0.5,49.2861270904541,37,22,0.0006783773955011366,False,D,-2.6708152670415714e-05,0.0017956677169731219,0.9751720206654009,-0.22144870762630087,0.0
150,0.0009173641703134831,0.0007359696126217557,0.0013763523075816901,0.0012354951680981167,0.0006783773955011366,TOGGLE_B_OFF,False,5.87249220367438e-72,-3.395069430549939e-72,6.783263309091802e-72,6.478523826295802e-57,6.478523826295803e-72,-0.5,49.49593544006348,37,22,0.0006783773955011366,False,D,-2.6708152670415714e-05,0.0017956677169731219,0.9751720206654009,-0.22144870762630087,0.0
151,0.0009173641703134831,0.0007359696126217557,0.0013763523075816901,0.0012354951680981167,0.0006783773955011366,TOGGLE_B_OFF,False,5.87249220367438e-72,-3.395069430549939e-72,6.783263309091802e-72,6.478523826295802e-57,6.478523826295803e-72,-0.5,49.303293228149414,37,22,0.0006783773955011366,False,D,-2.6708152670415714e-05,0.0017956677169731219,0.9751720206654009,-0.22144870762630087,0.0
152,0.0009173641703134831,0.0007359696126217557,0.0013763523075816901,0.0012354951680981167,0.0006783773955011366,TOGGLE_B_OFF,False,5.87249220367438e-72,-3.395069430549939e-72,6.783263309091802e-72,6.478523826295802e-57,6.478523826295803e-72,-0.5,2277.156114578247,37,22,0.0006783773955011366,False,D,-2.6708152670415714e-05,0.0017956677169731219,0.9751720206654009,-0.22144870762630087,0.0
153,0.0009173641703134831,0.0007359696126217557,0.0013763523075816901,0.0012354951680981167,0.0006783773955011366,TOGGLE_B_OFF,False,5.87249220367438e-72,-3.395069430549939e-72,6.783263309091802e-72,6.478523826295802e-57,6.478523826295803e-72,-0.5,49.683332443237305,37,22,0.0006783773955011366,False,D,-2.6708152670415714e-05,0.0017956677169731219,0.9751720206654009,-0.22144870762630087,0.0
154,0.0009173641703134831,0.0007359696126217557,0.0013763523075816901,0.0012354951680981167,0.0006783773955011366,TOGGLE_B_OFF,False,5.87249220367438e-72,-3.395069430549939e-72,6.783263309091802e-72,6.478523826295802e-57,6.478523826295803e-72,-0.5,49.013614654541016,37,22,0.0006783773955011366,False,D,-2.6708152670415714e-05,0.0017956677169731219,0.9751720206654009,-0.22144870762630087,0.0
155,0.0009173641703134831,0.0007359696126217557,0.0013763523075816901,0.0012354951680981167,0.0006783773955011366,TOGGLE_B_OFF,False,5.87249220367438e-72,-3.395069430549939e-72,6.783263309091802e-72,6.478523826295802e-57,6.478523826295803e-72,-0.5,49.29709434509277,37,22,0.0006783773955011366,False,D,-2.6708152670415714e-05,0.0017956677169731219,0.9751720206654009,-0.22144870762630087,0.0
156,0.0009173641703134831,0.0007359696126217557,0.0013763523075816901,0.0012354951680981167,0.0006783773955011366,TOGGLE_B_OFF,False,5.87249220367438e-72,-3.395069430549939e-72,6.783263309091802e-72,6.478523826295802e-57,6.478523826295803e-72,-0.5,49.69620704650879,37,22,0.0006783773955011366,False,D,-2.6708152670415714e-05,0.0017956677169731219,0.9751720206654009,-0.22144870762630087,0.0
157,0.0009173641703134831,0.0007359696126217557,0.0013763523075816901,0.0012354951680981167,0.0006783773955011366,TOGGLE_B_OFF,False,5.87249220367438e-72,-3.395069430549939e-72,6.783263309091802e-72,6.478523826295802e-57,6.478523826295803e-72,-0.5,49.4992733001709,37,22,0.0006783773955011366,False,D,-2.6708152670415714e-05,0.0017956677169731219,0.9751720206654009,-0.22144870762630087,0.0
158,0.0009173641703134831,0.0007359696126217557,0.0013763523075816901,0.0012354951680981167,0.0006783773955011366,TOGGLE_B_OFF,False,5.87249220367438e-72,-3.395069430549939e-72,6.783263309091802e-72,6.478523826295802e-57,6.478523826295803e-72,-0.5,48.74467849731445,37,22,0.0006783773955011366,False,D,-2.6708152670415714e-05,0.0017956677169731219,0.9751720206654009,-0.22144870762630087,0.0
159,0.0009173641703134831,0.0007359696126217557,0.0013763523075816901,0.0012354951680981167,0.0006783773955011366,TOGGLE_B_OFF,False,5.87249220367438e-72,-3.395069430549939e-72,6.783263309091802e-72,6.478523826295802e-57,6.478523826295803e-72,-0.5,48.87080192565918,37,22,0.0006783773955011366,False,D,-2.6708152670415714e-05,0.0017956677169731219,0.9751720206654009,-0.22144870762630087,0.0
160,0.0009173641703134831,0.0007359696126217557,0.0013763523075816901,0.0012354951680981167,0.0006783773955011366,TOGGLE_B_OFF,False,5.87249220367438e-72,-3.395069430549939e-72,6.783263309091802e-72,6.478523826295802e-57,6.478523826295803e-72,-0.5,48.89345169067383,37,22,0.0006783773955011366,False,D,-2.6708152670415714e-05,0.0017956677169731219,0.9751720206654009,-0.22144870762630087,0.0
161,0.0009173641703134831,0.0007359696126217557,0.0013763523075816901,0.0012354951680981167,0.0006783773955011366,TOGGLE_B_OFF,False,5.87249220367438e-72,-3.395069430549939e-72,6.783263309091802e-72,6.478523826295802e-57,6.478523826295803e-72,-0.5,49.81517791748047,37,22,0.0006783773955011366,False,D,-2.6708152670415714e-05,0.0017956677169731219,0.9751720206654009,-0.22144870762630087,0.0
162,0.0009173641703134831,0.0007359696126217557,0.0013763523075816901,0.0012354951680981167,0.0006783773955011366,TOGGLE_B_OFF,False,5.87249220367438e-72,-3.395069430549939e-72,6.783263309091802e-72,6.478523826295802e-57,6.478523826295803e-72,-0.5,47.91569709777832,37,22,0.0006783773955011366,False,D,-2.6708152670415714e-05,0.0017956677169731219,0.9751720206654009,-0.22144870762630087,0.0
163,0.0009173641703134831,0.0007359696126217557,0.0013763523075816901,0.0012354951680981167,0.0006783773955011366,TOGGLE_B_OFF,False,5.87249220367438e-72,-3.395069430549939e-72,6.783263309091802e-72,6.478523826295802e-57,6.478523826295803e-72,-0.5,49.31449890136719,37,22,0.0006783773955011366,False,D,-2.6708152670415714e-05,0.0017956677169731219,0.9751720206654009,-0.22144870762630087,0.0
164,0.0009173641703134831,0.0007359696126217557,0.0013763523075816901,0.0012354951680981167,0.0006783773955011366,TOGGLE_B_OFF,False,5.87249220367438e-72,-3.395069430549939e-72,6.783263309091802e-72,6.478523826295802e-57,6.478523826295803e-72,-0.5,51.08642578125,37,22,0.0006783773955011366,False,D,-2.6708152670415714e-05,0.0017956677169731219,0.9751720206654009,-0.22144870762630087,0.0
165,0.0009173641703134831,0.0007359696126217557,0.0013763523075816901,0.0012354951680981167,0.0006783773955011366,TOGGLE_B_OFF,False,5.87249220367438e-72,-3.395069430549939e-72,6.783263309091802e-72,6.478523826295802e-57,6.478523826295803e-72,-0.5,55.464744567871094,37,22,0.0006783773955011366,False,D,-2.6708152670415714e-05,0.0017956677169731219,0.9751720206654009,-0.22144870762630087,0.0
166,0.0009173641703134831,0.0007359696126217557,0.0013763523075816901,0.0012354951680981167,0.0006783773955011366,TOGGLE_B_OFF,False,5.87249220367438e-72,-3.395069430549939e-72,6.783263309091802e-72,6.478523826295802e-57,6.478523826295803e-72,-0.5,48.827409744262695,37,22,0.0006783773955011366,False,D,-2.6708152670415714e-05,0.0017956677169731219,0.9751720206654009,-0.22144870762630087,0.0
167,0.0009173641703134831,0.0007359696126217557,0.0013763523075816901,0.0012354951680981167,0.0006783773955011366,TOGGLE_B_OFF,False,5.87249220367438e-72,-3.395069430549939e-72,6.783263309091802e-72,6.478523826295802e-57,6.478523826295803e-72,-0.5,48.92325401306152,37,22,0.0006783773955011366,False,D,-2.6708152670415714e-05,0.0017956677169731219,0.9751720206654009,-0.22144870762630087,0.0
168,0.0009173641703134831,0.0007359696126217557,0.0013763523075816901,0.0012354951680981167,0.0006783773955011366,TOGGLE_B_OFF,False,5.87249220367438e-72,-3.395069430549939e-72,6.783263309091802e-72,6.478523826295802e-57,6.478523826295803e-72,-0.5,48.795461654663086,37,22,0.0006783773955011366,False,D,-2.6708152670415714e-05,0.0017956677169731219,0.9751720206654009,-0.22144870762630087,0.0
169,0.0009173641703134831,0.0007359696126217557,0.0013763523075816901,0.0012354951680981167,0.0006783773955011366,TOGGLE_B_OFF,False,5.87249220367438e-72,-3.395069430549939e-72,6.783263309091802e-72,6.478523826295802e-57,6.478523826295803e-72,-0.5,48.77781867980957,37,22,0.0006783773955011366,False,D,-2.6708152670415714e-05,0.0017956677169731219,0.9751720206654009,-0.22144870762630087,0.0
170,0.0009173641703134831,0.0007359696126217557,0.0013763523075816901,0.0012354951680981167,0.0006783773955011366,TOGGLE_B_OFF,False,5.87249220367438e-72,-3.395069430549939e-72,6.783263309091802e-72,6.478523826295802e-57,6.478523826295803e-72,-0.5,48.357248306274414,37,22,0.0006783773955011366,False,D,-2.6708152670415714e-05,0.0017956677169731219,0.9751720206654009,-0.22144870762630087,0.0
171,0.0009173641703134831,0.0007359696126217557,0.0013763523075816901,0.0012354951680981167,0.0006783773955011366,TOGGLE_B_OFF,False,5.87249220367438e-72,-3.395069430549939e-72,6.783263309091802e-72,6.478523826295802e-57,6.478523826295803e-72,-0.5,48.80714416503906,37,22,0.0006783773955011366,False,D,-2.6708152670415714e-05,0.0017956677169731219,0.9751720206654009,-0.22144870762630087,0.0
172,0.0009173641703134831,0.0007359696126217557,0.0013763523075816901,0.0012354951680981167,0.0006783773955011366,TOGGLE_B_OFF,False,5.87249220367438e-72,-3.395069430549939e-72,6.783263309091802e-72,6.478523826295802e-57,6.478523826295803e-72,-0.5,48.871517181396484,37,22,0.0006783773955011366,False,D,-2.6708152670415714e-05,0.0017956677169731219,0.9751720206654009,-0.22144870762630087,0.0
173,0.0009173641703134831,0.0007359696126217557,0.0013763523075816901,0.0012354951680981167,0.0006783773955011366,TOGGLE_B_OFF,False,5.87249220367438e-72,-3.395069430549939e-72,6.783263309091802e-72,6.478523826295802e-57,6.478523826295803e-72,-0.5,49.41296577453613,37,22,0.0006783773955011366,False,D,-2.6708152670415714e-05,0.0017956677169731219,0.9751720206654009,-0.22144870762630087,0.0
174,0.0009173641703134831,0.0007359696126217557,0.0013763523075816901,0.0012354951680981167,0.0006783773955011366,TOGGLE_B_OFF,False,5.87249220367438e-72,-3.395069430549939e-72,6.783263309091802e-72,6.478523826295802e-57,6.478523826295803e-72,-0.5,49.33762550354004,37,22,0.0006783773955011366,False,D,-2.6708152670415714e-05,0.0017956677169731219,0.9751720206654009,-0.22144870762630087,0.0
175,0.0009173641703134831,0.0007359696126217557,0.0013763523075816901,0.0012354951680981167,0.0006783773955011366,TOGGLE_B_OFF,False,5.87249220367438e-72,-3.395069430549939e-72,6.783263309091802e-72,6.478523826295802e-57,6.478523826295803e-72,-0.5,48.99001121520996,37,22,0.0006783773955011366,False,D,-2.6708152670415714e-05,0.0017956677169731219,0.9751720206654009,-0.22144870762630087,0.0
176,0.0009173641703134831,0.0007359696126217557,0.0013763523075816901,0.0012354951680981167,0.0006783773955011366,TOGGLE_B_OFF,False,5.87249220367438e-72,-3.395069430549939e-72,6.783263309091802e-72,6.478523826295802e-57,6.478523826295803e-72,-0.5,48.52151870727539,37,22,0.0006783773955011366,False,D,-2.6708152670415714e-05,0.0017956677169731219,0.9751720206654009,-0.22144870762630087,0.0
177,0.0009173641703134831,0.0007359696126217557,0.0013763523075816901,0.0012354951680981167,0.0006783773955011366,TOGGLE_B_OFF,False,5.87249220367438e-72,-3.395069430549939e-72,6.783263309091802e-72,6.478523826295802e-57,6.478523826295803e-72,-0.5,49.063682556152344,37,22,0.0006783773955011366,False,D,-2.6708152670415714e-05,0.0017956677169731219,0.9751720206654009,-0.22144870762630087,0.0
178,0.0009173641703134831,0.0007359696126217557,0.0013763523075816901,0.0012354951680981167,0.0006783773955011366,TOGGLE_B_OFF,False,5.87249220367438e-72,-3.395069430549939e-72,6.783263309091802e-72,6.478523826295802e-57,6.478523826295803e-72,-0.5,49.38912391662598,37,22,0.0006783773955011366,False,D,-2.6708152670415714e-05,0.0017956677169731219,0.9751720206654009,-0.22144870762630087,0.0
179,0.0009173641703134831,0.0007359696126217557,0.0013763523075816901,0.0012354951680981167,0.0006783773955011366,TOGGLE_B_OFF,False,5.87249220367438e-72,-3.395069430549939e-72,6.783263309091802e-72,6.478523826295802e-57,6.478523826295803e-72,-0.5,48.42495918273926,37,22,0.0006783773955011366,False,D,-2.6708152670415714e-05,0.0017956677169731219,0.9751720206654009,-0.22144870762630087,0.0
180,0.0009173641703134831,0.0007359696126217557,0.0013763523075816901,0.0012354951680981167,0.0006783773955011366,TOGGLE_B_OFF,False,5.87249220367438e-72,-3.395069430549939e-72,6.783263309091802e-72,6.478523826295802e-57,6.478523826295803e-72,-0.5,49.54171180725098,37,22,0.0006783773955011366,False,D,-2.6708152670415714e-05,0.0017956677169731219,0.9751720206654009,-0.22144870762630087,0.0
181,0.0009173641703134831,0.0007359696126217557,0.0013763523075816901,0.0012354951680981167,0.0006783773955011366,TOGGLE_B_OFF,False,5.87249220367438e-72,-3.395069430549939e-72,6.783263309091802e-72,6.478523826295802e-57,6.478523826295803e-72,-0.5,48.720359802246094,37,22,0.0006783773955011366,False,D,-2.6708152670415714e-05,0.0017956677169731219,0.9751720206654009,-0.22144870762630087,0.0
182,0.0009173641703134831,0.0007359696126217557,0.0013763523075816901,0.0012354951680981167,0.0006783773955011366,TOGGLE_B_OFF,False,5.87249220367438e-72,-3.395069430549939e-72,6.783263309091802e-72,6.478523826295802e-57,6.478523826295803e-72,-0.5,49.19290542602539,37,22,0.0006783773955011366,False,D,-2.6708152670415714e-05,0.0017956677169731219,0.9751720206654009,-0.22144870762630087,0.0
183,0.0009173641703134831,0.0007359696126217557,0.0013763523075816901,0.0012354951680981167,0.0006783773955011366,TOGGLE_B_OFF,False,5.87249220367438e-72,-3.395069430549939e-72,6.783263309091802e-72,6.478523826295802e-57,6.478523826295803e-72,-0.5,49.631357192993164,37,22,0.0006783773955011366,False,D,-2.6708152670415714e-05,0.0017956677169731219,0.9751720206654009,-0.22144870762630087,0.0
184,0.0009173641703134831,0.0007359696126217557,0.0013763523075816901,0.0012354951680981167,0.0006783773955011366,TOGGLE_B_OFF,False,5.87249220367438e-72,-3.395069430549939e-72,6.783263309091802e-72,6.478523826295802e-57,6.478523826295803e-72,-0.5,48.2480525970459,37,22,0.0006783773955011366,False,D,-2.6708152670415714e-05,0.0017956677169731219,0.9751720206654009,-0.22144870762630087,0.0
185,0.0009173641703134831,0.0007359696126217557,0.0013763523075816901,0.0012354951680981167,0.0006783773955011366,TOGGLE_B_OFF,False,5.87249220367438e-72,-3.395069430549939e-72,6.783263309091802e-72,6.478523826295802e-57,6.478523826295803e-72,-0.5,48.94566535949707,37,22,0.0006783773955011366,False,D,-2.6708152670415714e-05,0.0017956677169731219,0.9751720206654009,-0.22144870762630087,0.0
186,0.0009173641703134831,0.0007359696126217557,0.0013763523075816901,0.0012354951680981167,0.0006783773955011366,TOGGLE_B_OFF,False,5.87249220367438e-72,-3.395069430549939e-72,6.783263309091802e-72,6.478523826295802e-57,6.478523826295803e-72,-0.5,48.31647872924805,37,22,0.0006783773955011366,False,D,-2.6708152670415714e-05,0.0017956677169731219,0.9751720206654009,-0.22144870762630087,0.0
187,0.0009173641703134831,0.0007359696126217557,0.0013763523075816901,0.0012354951680981167,0.0006783773955011366,TOGGLE_B_OFF,False,5.87249220367438e-72,-3.395069430549939e-72,6.783263309091802e-72,6.478523826295802e-57,6.478523826295803e-72,-0.5,48.12979698181152,37,22,0.0006783773955011366,False,D,-2.6708152670415714e-05,0.0017956677169731219,0.9751720206654009,-0.22144870762630087,0.0
188,0.0009173641703134831,0.0007359696126217557,0.0013763523075816901,0.0012354951680981167,0.0006783773955011366,TOGGLE_B_OFF,False,5.87249220367438e-72,-3.395069430549939e-72,6.783263309091802e-72,6.478523826295802e-57,6.478523826295803e-72,-0.5,49.2253303527832,37,22,0.0006783773955011366,False,D,-2.6708152670415714e-05,0.0017956677169731219,0.9751720206654009,-0.22144870762630087,0.0
189,0.0009173641703134831,0.0007359696126217557,0.0013763523075816901,0.0012354951680981167,0.0006783773955011366,TOGGLE_B_OFF,False,5.87249220367438e-72,-3.395069430549939e-72,6.783263309091802e-72,6.478523826295802e-57,6.478523826295803e-72,-0.5,48.53940010070801,37,22,0.0006783773955011366,False,D,-2.6708152670415714e-05,0.0017956677169731219,0.9751720206654009,-0.22144870762630087,0.0
190,0.0009173641703134831,0.0007359696126217557,0.0013763523075816901,0.0012354951680981167,0.0006783773955011366,TOGGLE_B_OFF,False,5.87249220367438e-72,-3.395069430549939e-72,6.783263309091802e-72,6.478523826295802e-57,6.478523826295803e-72,-0.5,48.745155334472656,37,22,0.0006783773955011366,False,D,-2.6708152670415714e-05,0.0017956677169731219,0.9751720206654009,-0.22144870762630087,0.0
191,0.0009173641703134831,0.0007359696126217557,0.0013763523075816901,0.0012354951680981167,0.0006783773955011366,TOGGLE_B_OFF,False,5.87249220367438e-72,-3.395069430549939e-72,6.783263309091802e-72,6.478523826295802e-57,6.478523826295803e-72,-0.5,47.84727096557617,37,22,0.0006783773955011366,False,D,-2.6708152670415714e-05,0.0017956677169731219,0.9751720206654009,-0.22144870762630087,0.0
192,0.0009173641703134831,0.0007359696126217557,0.0013763523075816901,0.0012354951680981167,0.0006783773955011366,TOGGLE_B_OFF,False,5.87249220367438e-72,-3.395069430549939e-72,6.783263309091802e-72,6.478523826295802e-57,6.478523826295803e-72,-0.5,50.21214485168457,37,22,0.0006783773955011366,False,D,-2.6708152670415714e-05,0.0017956677169731219,0.9751720206654009,-0.22144870762630087,0.0
193,0.0009173641703134831,0.0007359696126217557,0.0013763523075816901,0.0012354951680981167,0.0006783773955011366,TOGGLE_B_OFF,False,5.87249220367438e-72,-3.395069430549939e-72,6.783263309091802e-72,6.478523826295802e-57,6.478523826295803e-72,-0.5,48.702239990234375,37,22,0.0006783773955011366,False,D,-2.6708152670415714e-05,0.0017956677169731219,0.9751720206654009,-0.22144870762630087,0.0
194,0.0009173641703134831,0.0007359696126217557,0.0013763523075816901,0.0012354951680981167,0.0006783773955011366,TOGGLE_B_OFF,False,5.87249220367438e-72,-3.395069430549939e-72,6.783263309091802e-72,6.478523826295802e-57,6.478523826295803e-72,-0.5,47.586917877197266,37,22,0.0006783773955011366,False,D,-2.6708152670415714e-05,0.0017956677169731219,0.9751720206654009,-0.22144870762630087,0.0
195,0.0009173641703134831,0.0007359696126217557,0.0013763523075816901,0.0012354951680981167,0.0006783773955011366,TOGGLE_B_OFF,False,5.87249220367438e-72,-3.395069430549939e-72,6.783263309091802e-72,6.478523826295802e-57,6.478523826295803e-72,-0.5,50.28557777404785,37,22,0.0006783773955011366,False,D,-2.6708152670415714e-05,0.0017956677169731219,0.9751720206654009,-0.22144870762630087,0.0
196,0.0009173641703134831,0.0007359696126217557,0.0013763523075816901,0.0012354951680981167,0.0006783773955011366,TOGGLE_B_OFF,False,5.87249220367438e-72,-3.395069430549939e-72,6.783263309091802e-72,6.478523826295802e-57,6.478523826295803e-72,-0.5,47.64127731323242,37,22,0.0006783773955011366,False,D,-2.6708152670415714e-05,0.0017956677169731219,0.9751720206654009,-0.22144870762630087,0.0
197,0.0009173641703134831,0.0007359696126217557,0.0013763523075816901,0.0012354951680981167,0.0006783773955011366,TOGGLE_B_OFF,False,5.87249220367438e-72,-3.395069430549939e-72,6.783263309091802e-72,6.478523826295802e-57,6.478523826295803e-72,-0.5,47.525882720947266,37,22,0.0006783773955011366,False,D,-2.6708152670415714e-05,0.0017956677169731219,0.9751720206654009,-0.22144870762630087,0.0
198,0.0009173641703134831,0.0007359696126217557,0.0013763523075816901,0.0012354951680981167,0.0006783773955011366,TOGGLE_B_OFF,False,5.87249220367438e-72,-3.395069430549939e-72,6.783263309091802e-72,6.478523826295802e-57,6.478523826295803e-72,-0.5,47.570228576660156,37,22,0.0006783773955011366,False,D,-2.6708152670415714e-05,0.0017956677169731219,0.9751720206654009,-0.22144870762630087,0.0
199,0.0009173641703134831,0.0007359696126217557,0.0013763523075816901,0.0012354951680981167,0.0006783773955011366,TOGGLE_B_OFF,False,5.87249220367438e-72,-3.395069430549939e-72,6.783263309091802e-72,6.478523826295802e-57,6.478523826295803e-72,-0.5,48.261165618896484,37,22,0.0006783773955011366,False,D,-2.6708152670415714e-05,0.0017956677169731219,0.9751720206654009,-0.22144870762630087,0.0
200,0.0009173641703134831,0.0007359696126217557,0.0013763523075816901,0.0012354951680981167,0.0006783773955011366,TOGGLE_B_OFF,False,5.87249220367438e-72,-3.395069430549939e-72,6.783263309091802e-72,6.478523826295802e-57,6.478523826295803e-72,-0.5,47.666072845458984,37,22,0.0006783773955011366,False,D,-2.6708152670415714e-05,0.0017956677169731219,0.9751720206654009,-0.22144870762630087,0.0
201,0.0009173641703134831,0.0007359696126217557,0.0013763523075816901,0.0012354951680981167,0.0006783773955011366,TOGGLE_B_OFF,False,5.87249220367438e-72,-3.395069430549939e-72,6.783263309091802e-72,6.478523826295802e-57,6.478523826295803e-72,-0.5,48.09904098510742,37,22,0.0006783773955011366,False,D,-2.6708152670415714e-05,0.0017956677169731219,0.9751720206654009,-0.22144870762630087,0.0
202,0.0009173641703134831,0.0007359696126217557,0.0013763523075816901,0.0012354951680981167,0.0006783773955011366,TOGGLE_B_OFF,False,5.87249220367438e-72,-3.395069430549939e-72,6.783263309091802e-72,6.478523826295802e-57,6.478523826295803e-72,-0.5,47.91665077209473,37,22,0.0006783773955011366,False,D,-2.6708152670415714e-05,0.0017956677169731219,0.9751720206654009,-0.22144870762630087,0.0
203,0.0009173641703134831,0.0007359696126217557,0.0013763523075816901,0.0012354951680981167,0.0006783773955011366,TOGGLE_B_OFF,False,5.87249220367438e-72,-3.395069430549939e-72,6.783263309091802e-72,6.478523826295802e-57,6.478523826295803e-72,-0.5,48.70724678039551,37,22,0.0006783773955011366,False,D,-2.6708152670415714e-05,0.0017956677169731219,0.9751720206654009,-0.22144870762630087,0.0
204,0.0009173641703134831,0.0007359696126217557,0.0013763523075816901,0.0012354951680981167,0.0006783773955011366,TOGGLE_B_OFF,False,5.87249220367438e-72,-3.395069430549939e-72,6.783263309091802e-72,6.478523826295802e-57,6.478523826295803e-72,-0.5,50.392866134643555,37,22,0.0006783773955011366,False,D,-2.6708152670415714e-05,0.0017956677169731219,0.9751720206654009,-0.22144870762630087,0.0
205,0.0009173641703134831,0.0007359696126217557,0.0013763523075816901,0.0012354951680981167,0.0006783773955011366,TOGGLE_B_OFF,False,5.87249220367438e-72,-3.395069430549939e-72,6.783263309091802e-72,6.478523826295802e-57,6.478523826295803e-72,-0.5,48.08640480041504,37,22,0.0006783773955011366,False,D,-2.6708152670415714e-05,0.0017956677169731219,0.9751720206654009,-0.22144870762630087,0.0
206,0.0009173641703134831,0.0007359696126217557,0.0013763523075816901,0.0012354951680981167,0.0006783773955011366,TOGGLE_B_OFF,False,5.87249220367438e-72,-3.395069430549939e-72,6.783263309091802e-72,6.478523826295802e-57,6.478523826295803e-72,-0.5,49.71480369567871,37,22,0.0006783773955011366,False,D,-2.6708152670415714e-05,0.0017956677169731219,0.9751720206654009,-0.22144870762630087,0.0
207,0.0009173641703134831,0.0007359696126217557,0.0013763523075816901,0.0012354951680981167,0.0006783773955011366,TOGGLE_B_OFF,False,5.87249220367438e-72,-3.395069430549939e-72,6.783263309091802e-72,6.478523826295802e-57,6.478523826295803e-72,-0.5,55.156707763671875,37,22,0.0006783773955011366,False,D,-2.6708152670415714e-05,0.0017956677169731219,0.9751720206654009,-0.22144870762630087,0.0
208,0.0009173641703134831,0.0007359696126217557,0.0013763523075816901,0.0012354951680981167,0.0006783773955011366,TOGGLE_B_OFF,False,5.87249220367438e-72,-3.395069430549939e-72,6.783263309091802e-72,6.478523826295802e-57,6.478523826295803e-72,-0.5,48.58040809631348,37,22,0.0006783773955011366,False,D,-2.6708152670415714e-05,0.0017956677169731219,0.9751720206654009,-0.22144870762630087,0.0
209,0.0009173641703134831,0.0007359696126217557,0.0013763523075816901,0.0012354951680981167,0.0006783773955011366,TOGGLE_B_OFF,False,5.87249220367438e-72,-3.395069430549939e-72,6.783263309091802e-72,6.478523826295802e-57,6.478523826295803e-72,-0.5,48.09260368347168,37,22,0.0006783773955011366,False,D,-2.6708152670415714e-05,0.0017956677169731219,0.9751720206654009,-0.22144870762630087,0.0
210,0.0009173641703134831,0.0007359696126217557,0.0013763523075816901,0.0012354951680981167,0.0006783773955011366,TOGGLE_B_OFF,False,5.87249220367438e-72,-3.395069430549939e-72,6.783263309091802e-72,6.478523826295802e-57,6.478523826295803e-72,-0.5,46.738624572753906,37,22,0.0006783773955011366,False,D,-2.6708152670415714e-05,0.0017956677169731219,0.9751720206654009,-0.22144870762630087,0.0
211,0.0009173641703134831,0.0007359696126217557,0.0013763523075816901,0.0012354951680981167,0.0006783773955011366,TOGGLE_B_OFF,False,5.87249220367438e-72,-3.395069430549939e-72,6.783263309091802e-72,6.478523826295802e-57,6.478523826295803e-72,-0.5,48.23446273803711,37,22,0.0006783773955011366,False,D,-2.6708152670415714e-05,0.0017956677169731219,0.9751720206654009,-0.22144870762630087,0.0
212,0.0009173641703134831,0.0007359696126217557,0.0013763523075816901,0.0012354951680981167,0.0006783773955011366,TOGGLE_B_OFF,False,5.87249220367438e-72,-3.395069430549939e-72,6.783263309091802e-72,6.478523826295802e-57,6.478523826295803e-72,-0.5,47.95217514038086,37,22,0.0006783773955011366,False,D,-2.6708152670415714e-05,0.0017956677169731219,0.9751720206654009,-0.22144870762630087,0.0
213,0.0009173641703134831,0.0007359696126217557,0.0013763523075816901,0.0012354951680981167,0.0006783773955011366,TOGGLE_B_OFF,False,5.87249220367438e-72,-3.395069430549939e-72,6.783263309091802e-72,6.478523826295802e-57,6.478523826295803e-72,-0.5,49.27682876586914,37,22,0.0006783773955011366,False,D,-2.6708152670415714e-05,0.0017956677169731219,0.9751720206654009,-0.22144870762630087,0.0
214,0.0009173641703134831,0.0007359696126217557,0.0013763523075816901,0.0012354951680981167,0.0006783773955011366,TOGGLE_B_OFF,False,5.87249220367438e-72,-3.395069430549939e-72,6.783263309091802e-72,6.478523826295802e-57,6.478523826295803e-72,-0.5,48.502206802368164,37,22,0.0006783773955011366,False,D,-2.6708152670415714e-05,0.0017956677169731219,0.9751720206654009,-0.22144870762630087,0.0
215,0.0009173641703134831,0.0007359696126217557,0.0013763523075816901,0.0012354951680981167,0.0006783773955011366,TOGGLE_B_OFF,False,5.87249220367438e-72,-3.395069430549939e-72,6.783263309091802e-72,6.478523826295802e-57,6.478523826295803e-72,-0.5,48.947811126708984,37,22,0.0006783773955011366,False,D,-2.6708152670415714e-05,0.0017956677169731219,0.9751720206654009,-0.22144870762630087,0.0
216,0.0009173641703134831,0.0007359696126217557,0.0013763523075816901,0.0012354951680981167,0.0006783773955011366,TOGGLE_B_OFF,False,5.87249220367438e-72,-3.395069430549939e-72,6.783263309091802e-72,6.478523826295802e-57,6.478523826295803e-72,-0.5,48.51508140563965,37,22,0.0006783773955011366,False,D,-2.6708152670415714e-05,0.0017956677169731219,0.9751720206654009,-0.22144870762630087,0.0
217,0.0009173641703134831,0.0007359696126217557,0.0013763523075816901,0.0012354951680981167,0.0006783773955011366,TOGGLE_B_OFF,False,5.87249220367438e-72,-3.395069430549939e-72,6.783263309091802e-72,6.478523826295802e-57,6.478523826295803e-72,-0.5,48.0809211730957,37,22,0.0006783773955011366,False,D,-2.6708152670415714e-05,0.0017956677169731219,0.9751720206654009,-0.22144870762630087,0.0
218,0.0009173641703134831,0.0007359696126217557,0.0013763523075816901,0.0012354951680981167,0.0006783773955011366,TOGGLE_B_OFF,False,5.87249220367438e-72,-3.395069430549939e-72,6.783263309091802e-72,6.478523826295802e-57,6.478523826295803e-72,-0.5,48.340797424316406,37,22,0.0006783773955011366,False,D,-2.6708152670415714e-05,0.0017956677169731219,0.9751720206654009,-0.22144870762630087,0.0
219,0.0009173641703134831,0.0007359696126217557,0.0013763523075816901,0.0012354951680981167,0.0006783773955011366,TOGGLE_B_OFF,False,5.87249220367438e-72,-3.395069430549939e-72,6.783263309091802e-72,6.478523826295802e-57,6.478523826295803e-72,-0.5,48.048973083496094,37,22,0.0006783773955011366,False,D,-2.6708152670415714e-05,0.0017956677169731219,0.9751720206654009,-0.22144870762630087,0.0
220,0.0009173641703134831,0.0007359696126217557,0.0013763523075816901,0.0012354951680981167,0.0006783773955011366,TOGGLE_B_OFF,False,5.87249220367438e-72,-3.395069430549939e-72,6.783263309091802e-72,6.478523826295802e-57,6.478523826295803e-72,-0.5,49.226999282836914,37,22,0.0006783773955011366,False,D,-2.6708152670415714e-05,0.0017956677169731219,0.9751720206654009,-0.22144870762630087,0.0
221,0.0009173641703134831,0.0007359696126217557,0.0013763523075816901,0.0012354951680981167,0.0006783773955011366,TOGGLE_B_OFF,False,5.87249220367438e-72,-3.395069430549939e-72,6.783263309091802e-72,6.478523826295802e-57,6.478523826295803e-72,-0.5,47.9273796081543,37,22,0.0006783773955011366,False,D,-2.6708152670415714e-05,0.0017956677169731219,0.9751720206654009,-0.22144870762630087,0.0
222,0.0009173641703134831,0.0007359696126217557,0.0013763523075816901,0.0012354951680981167,0.0006783773955011366,TOGGLE_B_OFF,False,5.87249220367438e-72,-3.395069430549939e-72,6.783263309091802e-72,6.478523826295802e-57,6.478523826295803e-72,-0.5,48.29835891723633,37,22,0.0006783773955011366,False,D,-2.6708152670415714e-05,0.0017956677169731219,0.9751720206654009,-0.22144870762630087,0.0
223,0.0009173641703134831,0.0007359696126217557,0.0013763523075816901,0.0012354951680981167,0.0006783773955011366,TOGGLE_B_OFF,False,5.87249220367438e-72,-3.395069430549939e-72,6.783263309091802e-72,6.478523826295802e-57,6.478523826295803e-72,-0.5,48.334360122680664,37,22,0.0006783773955011366,False,D,-2.6708152670415714e-05,0.0017956677169731219,0.9751720206654009,-0.22144870762630087,0.0
224,0.0009173641703134831,0.0007359696126217557,0.0013763523075816901,0.0012354951680981167,0.0006783773955011366,TOGGLE_B_OFF,False,5.87249220367438e-72,-3.395069430549939e-72,6.783263309091802e-72,6.478523826295802e-57,6.478523826295803e-72,-0.5,48.543453216552734,37,22,0.0006783773955011366,False,D,-2.6708152670415714e-05,0.0017956677169731219,0.9751720206654009,-0.22144870762630087,0.0
225,0.0009173641703134831,0.0007359696126217557,0.0013763523075816901,0.0012354951680981167,0.0006783773955011366,TOGGLE_B_OFF,False,5.87249220367438e-72,-3.395069430549939e-72,6.783263309091802e-72,6.478523826295802e-57,6.478523826295803e-72,-0.5,48.479318618774414,37,22,0.0006783773955011366,False,D,-2.6708152670415714e-05,0.0017956677169731219,0.9751720206654009,-0.22144870762630087,0.0
226,0.0009173641703134831,0.0007359696126217557,0.0013763523075816901,0.0012354951680981167,0.0006783773955011366,TOGGLE_B_OFF,False,5.87249220367438e-72,-3.395069430549939e-72,6.783263309091802e-72,6.478523826295802e-57,6.478523826295803e-72,-0.5,48.122406005859375,37,22,0.0006783773955011366,False,D,-2.6708152670415714e-05,0.0017956677169731219,0.9751720206654009,-0.22144870762630087,0.0
227,0.0009173641703134831,0.0007359696126217557,0.0013763523075816901,0.0012354951680981167,0.0006783773955011366,TOGGLE_B_OFF,False,5.87249220367438e-72,-3.395069430549939e-72,6.783263309091802e-72,6.478523826295802e-57,6.478523826295803e-72,-0.5,48.421621322631836,37,22,0.0006783773955011366,False,D,-2.6708152670415714e-05,0.0017956677169731219,0.9751720206654009,-0.22144870762630087,0.0
228,0.0009173641703134831,0.0007359696126217557,0.0013763523075816901,0.0012354951680981167,0.0006783773955011366,TOGGLE_B_OFF,False,5.87249220367438e-72,-3.395069430549939e-72,6.783263309091802e-72,6.478523826295802e-57,6.478523826295803e-72,-0.5,47.97792434692383,37,22,0.0006783773955011366,False,D,-2.6708152670415714e-05,0.0017956677169731219,0.9751720206654009,-0.22144870762630087,0.0
229,0.0009173641703134831,0.0007359696126217557,0.0013763523075816901,0.0012354951680981167,0.0006783773955011366,TOGGLE_B_OFF,False,5.87249220367438e-72,-3.395069430549939e-72,6.783263309091802e-72,6.478523826295802e-57,6.478523826295803e-72,-0.5,48.70748519897461,37,22,0.0006783773955011366,False,D,-2.6708152670415714e-05,0.0017956677169731219,0.9751720206654009,-0.22144870762630087,0.0
230,0.0009173641703134831,0.0007359696126217557,0.0013763523075816901,0.0012354951680981167,0.0006783773955011366,TOGGLE_B_OFF,False,5.87249220367438e-72,-3.395069430549939e-72,6.783263309091802e-72,6.478523826295802e-57,6.478523826295803e-72,-0.5,47.499895095825195,37,22,0.0006783773955011366,False,D,-2.6708152670415714e-05,0.0017956677169731219,0.9751720206654009,-0.22144870762630087,0.0
231,0.0009173641703134831,0.0007359696126217557,0.0013763523075816901,0.0012354951680981167,0.0006783773955011366,TOGGLE_B_OFF,False,5.87249220367438e-72,-3.395069430549939e-72,6.783263309091802e-72,6.478523826295802e-57,6.478523826295803e-72,-0.5,48.84004592895508,37,22,0.0006783773955011366,False,D,-2.6708152670415714e-05,0.0017956677169731219,0.9751720206654009,-0.22144870762630087,0.0
232,0.0009173641703134831,0.0007359696126217557,0.0013763523075816901,0.0012354951680981167,0.0006783773955011366,TOGGLE_B_OFF,False,5.87249220367438e-72,-3.395069430549939e-72,6.783263309091802e-72,6.478523826295802e-57,6.478523826295803e-72,-0.5,49.38244819641113,37,22,0.0006783773955011366,False,D,-2.6708152670415714e-05,0.0017956677169731219,0.9751720206654009,-0.22144870762630087,0.0
233,0.0009173641703134831,0.0007359696126217557,0.0013763523075816901,0.0012354951680981167,0.0006783773955011366,TOGGLE_B_OFF,False,5.87249220367438e-72,-3.395069430549939e-72,6.783263309091802e-72,6.478523826295802e-57,6.478523826295803e-72,-0.5,48.33984375,37,22,0.0006783773955011366,False,D,-2.6708152670415714e-05,0.0017956677169731219,0.9751720206654009,-0.22144870762630087,0.0
234,0.0009173641703134831,0.0007359696126217557,0.0013763523075816901,0.0012354951680981167,0.0006783773955011366,TOGGLE_B_OFF,False,5.87249220367438e-72,-3.395069430549939e-72,6.783263309091802e-72,6.478523826295802e-57,6.478523826295803e-72,-0.5,48.491477966308594,37,22,0.0006783773955011366,False,D,-2.6708152670415714e-05,0.0017956677169731219,0.9751720206654009,-0.22144870762630087,0.0
235,0.0009173641703134831,0.0007359696126217557,0.0013763523075816901,0.0012354951680981167,0.0006783773955011366,TOGGLE_B_OFF,False,5.87249220367438e-72,-3.395069430549939e-72,6.783263309091802e-72,6.478523826295802e-57,6.478523826295803e-72,-0.5,48.433542251586914,37,22,0.0006783773955011366,False,D,-2.6708152670415714e-05,0.0017956677169731219,0.9751720206654009,-0.22144870762630087,0.0
236,0.0009173641703134831,0.0007359696126217557,0.0013763523075816901,0.0012354951680981167,0.0006783773955011366,TOGGLE_B_OFF,False,5.87249220367438e-72,-3.395069430549939e-72,6.783263309091802e-72,6.478523826295802e-57,6.478523826295803e-72,-0.5,48.532724380493164,37,22,0.0006783773955011366,False,D,-2.6708152670415714e-05,0.0017956677169731219,0.9751720206654009,-0.22144870762630087,0.0
237,0.0009173641703134831,0.0007359696126217557,0.0013763523075816901,0.0012354951680981167,0.0006783773955011366,TOGGLE_B_OFF,False,5.87249220367438e-72,-3.395069430549939e-72,6.783263309091802e-72,6.478523826295802e-57,6.478523826295803e-72,-0.5,48.35391044616699,37,22,0.0006783773955011366,False,D,-2.6708152670415714e-05,0.0017956677169731219,0.9751720206654009,-0.22144870762630087,0.0
238,0.0009173641703134831,0.0007359696126217557,0.0013763523075816901,0.0012354951680981167,0.0006783773955011366,TOGGLE_B_OFF,False,5.87249220367438e-72,-3.395069430549939e-72,6.783263309091802e-72,6.478523826295802e-57,6.478523826295803e-72,-0.5,48.74563217163086,37,22,0.0006783773955011366,False,D,-2.6708152670415714e-05,0.0017956677169731219,0.9751720206654009,-0.22144870762630087,0.0
239,0.0009173641703134831,0.0007359696126217557,0.0013763523075816901,0.0012354951680981167,0.0006783773955011366,TOGGLE_B_OFF,False,5.87249220367438e-72,-3.395069430549939e-72,6.783263309091802e-72,6.478523826295802e-57,6.478523826295803e-72,-0.5,48.494577407836914,37,22,0.0006783773955011366,False,D,-2.6708152670415714e-05,0.0017956677169731219,0.9751720206654009,-0.22144870762630087,0.0
240,0.0009173641703134831,0.0007359696126217557,0.0013763523075816901,0.0012354951680981167,0.0006783773955011366,TOGGLE_B_OFF,False,5.87249220367438e-72,-3.395069430549939e-72,6.783263309091802e-72,6.478523826295802e-57,6.478523826295803e-72,-0.5,48.139333724975586,37,22,0.0006783773955011366,False,D,-2.6708152670415714e-05,0.0017956677169731219,0.9751720206654009,-0.22144870762630087,0.0
241,0.0009173641703134831,0.0007359696126217557,0.0013763523075816901,0.0012354951680981167,0.0006783773955011366,TOGGLE_B_OFF,False,5.87249220367438e-72,-3.395069430549939e-72,6.783263309091802e-72,6.478523826295802e-57,6.478523826295803e-72,-0.5,49.326181411743164,37,22,0.0006783773955011366,False,D,-2.6708152670415714e-05,0.0017956677169731219,0.9751720206654009,-0.22144870762630087,0.0
242,0.0009173641703134831,0.0007359696126217557,0.0013763523075816901,0.0012354951680981167,0.0006783773955011366,TOGGLE_B_OFF,False,5.87249220367438e-72,-3.395069430549939e-72,6.783263309091802e-72,6.478523826295802e-57,6.478523826295803e-72,-0.5,48.882484436035156,37,22,0.0006783773955011366,False,D,-2.6708152670415714e-05,0.0017956677169731219,0.9751720206654009,-0.22144870762630087,0.0
243,0.0009173641703134831,0.0007359696126217557,0.0013763523075816901,0.0012354951680981167,0.0006783773955011366,TOGGLE_B_OFF,False,5.87249220367438e-72,-3.395069430549939e-72,6.783263309091802e-72,6.478523826295802e-57,6.478523826295803e-72,-0.5,48.856496810913086,37,22,0.0006783773955011366,False,D,-2.6708152670415714e-05,0.0017956677169731219,0.9751720206654009,-0.22144870762630087,0.0
244,0.0009173641703134831,0.0007359696126217557,0.0013763523075816901,0.0012354951680981167,0.0006783773955011366,TOGGLE_B_OFF,False,5.87249220367438e-72,-3.395069430549939e-72,6.783263309091802e-72,6.478523826295802e-57,6.478523826295803e-72,-0.5,48.41303825378418,37,22,0.0006783773955011366,False,D,-2.6708152670415714e-05,0.0017956677169731219,0.9751720206654009,-0.22144870762630087,0.0
245,0.0009173641703134831,0.0007359696126217557,0.0013763523075816901,0.0012354951680981167,0.0006783773955011366,TOGGLE_B_OFF,False,5.87249220367438e-72,-3.395069430549939e-72,6.783263309091802e-72,6.478523826295802e-57,6.478523826295803e-72,-0.5,48.01464080810547,37,22,0.0006783773955011366,False,D,-2.6708152670415714e-05,0.0017956677169731219,0.9751720206654009,-0.22144870762630087,0.0
246,0.0009173641703134831,0.0007359696126217557,0.0013763523075816901,0.0012354951680981167,0.0006783773955011366,TOGGLE_B_OFF,False,5.87249220367438e-72,-3.395069430549939e-72,6.783263309091802e-72,6.478523826295802e-57,6.478523826295803e-72,-0.5,49.10397529602051,37,22,0.0006783773955011366,False,D,-2.6708152670415714e-05,0.0017956677169731219,0.9751720206654009,-0.22144870762630087,0.0
247,0.0009173641703134831,0.0007359696126217557,0.0013763523075816901,0.0012354951680981167,0.0006783773955011366,TOGGLE_B_OFF,False,5.87249220367438e-72,-3.395069430549939e-72,6.783263309091802e-72,6.478523826295802e-57,6.478523826295803e-72,-0.5,48.29144477844238,37,22,0.0006783773955011366,False,D,-2.6708152670415714e-05,0.0017956677169731219,0.9751720206654009,-0.22144870762630087,0.0
248,0.0009173641703134831,0.0007359696126217557,0.0013763523075816901,0.0012354951680981167,0.0006783773955011366,TOGGLE_B_OFF,False,5.87249220367438e-72,-3.395069430549939e-72,6.783263309091802e-72,6.478523826295802e-57,6.478523826295803e-72,-0.5,48.642873764038086,37,22,0.0006783773955011366,False,D,-2.6708152670415714e-05,0.0017956677169731219,0.9751720206654009,-0.22144870762630087,0.0
249,0.0009173641703134831,0.0007359696126217557,0.0013763523075816901,0.0012354951680981167,0.0006783773955011366,TOGGLE_B_OFF,False,5.87249220367438e-72,-3.395069430549939e-72,6.783263309091802e-72,6.478523826295802e-57,6.478523826295803e-72,-0.5,54.846763610839844,37,22,0.0006783773955011366,False,D,-2.6708152670415714e-05,0.0017956677169731219,0.9751720206654009,-0.22144870762630087,0.0
250,0.0009173641703134831,0.0007359696126217557,0.0013763523075816901,0.0012354951680981167,0.0006783773955011366,TOGGLE_B_OFF,False,5.87249220367438e-72,-3.395069430549939e-72,6.783263309091802e-72,6.478523826295802e-57,6.478523826295803e-72,-0.5,51.12767219543457,37,22,0.0006783773955011366,False,D,-2.6708152670415714e-05,0.0017956677169731219,0.9751720206654009,-0.22144870762630087,0.0
251,0.0009173641703134831,0.0007359696126217557,0.0013763523075816901,0.0012354951680981167,0.0006783773955011366,TOGGLE_B_OFF,False,5.87249220367438e-72,-3.395069430549939e-72,6.783263309091802e-72,6.478523826295802e-57,6.478523826295803e-72,-0.5,48.641204833984375,37,22,0.0006783773955011366,False,D,-2.6708152670415714e-05,0.0017956677169731219,0.9751720206654009,-0.22144870762630087,0.0
252,0.0009173641703134831,0.0007359696126217557,0.0013763523075816901,0.0012354951680981167,0.0006783773955011366,TOGGLE_B_OFF,False,5.87249220367438e-72,-3.395069430549939e-72,6.783263309091802e-72,6.478523826295802e-57,6.478523826295803e-72,-0.5,48.62165451049805,37,22,0.0006783773955011366,False,D,-2.6708152670415714e-05,0.0017956677169731219,0.9751720206654009,-0.22144870762630087,0.0
253,0.0009173641703134831,0.0007359696126217557,0.0013763523075816901,0.0012354951680981167,0.0006783773955011366,TOGGLE_B_OFF,False,5.87249220367438e-72,-3.395069430549939e-72,6.783263309091802e-72,6.478523826295802e-57,6.478523826295803e-72,-0.5,48.223257064819336,37,22,0.0006783773955011366,False,D,-2.6708152670415714e-05,0.0017956677169731219,0.9751720206654009,-0.22144870762630087,0.0
254,0.0009173641703134831,0.0007359696126217557,0.0013763523075816901,0.0012354951680981167,0.0006783773955011366,TOGGLE_B_OFF,False,5.87249220367438e-72,-3.395069430549939e-72,6.783263309091802e-72,6.478523826295802e-57,6.478523826295803e-72,-0.5,49.622535705566406,37,22,0.0006783773955011366,False,D,-2.6708152670415714e-05,0.0017956677169731219,0.9751720206654009,-0.22144870762630087,0.0
255,0.0009173641703134831,0.0007359696126217557,0.0013763523075816901,0.0012354951680981167,0.0006783773955011366,TOGGLE_B_OFF,False,5.87249220367438e-72,-3.395069430549939e-72,6.783263309091802e-72,6.478523826295802e-57,6.478523826295803e-72,-0.5,49.445390701293945,37,22,0.0006783773955011366,False,D,-2.6708152670415714e-05,0.0017956677169731219,0.9751720206654009,-0.22144870762630087,0.0
256,0.0009173641703134831,0.0007359696126217557,0.0013763523075816901,0.0012354951680981167,0.0006783773955011366,TOGGLE_B_OFF,False,5.87249220367438e-72,-3.395069430549939e-72,6.783263309091802e-72,6.478523826295802e-57,6.478523826295803e-72,-0.5,47.971487045288086,37,22,0.0006783773955011366,False,D,-2.6708152670415714e-05,0.0017956677169731219,0.9751720206654009,-0.22144870762630087,0.0
257,0.0009173641703134831,0.0007359696126217557,0.0013763523075816901,0.0012354951680981167,0.0006783773955011366,TOGGLE_B_OFF,False,5.87249220367438e-72,-3.395069430549939e-72,6.783263309091802e-72,6.478523826295802e-57,6.478523826295803e-72,-0.5,49.166202545166016,37,22,0.0006783773955011366,False,D,-2.6708152670415714e-05,0.0017956677169731219,0.9751720206654009,-0.22144870762630087,0.0
258,0.0009173641703134831,0.0007359696126217557,0.0013763523075816901,0.0012354951680981167,0.0006783773955011366,TOGGLE_B_OFF,False,5.87249220367438e-72,-3.395069430549939e-72,6.783263309091802e-72,6.478523826295802e-57,6.478523826295803e-72,-0.5,48.90322685241699,37,22,0.0006783773955011366,False,D,-2.6708152670415714e-05,0.0017956677169731219,0.9751720206654009,-0.22144870762630087,0.0
259,0.0009173641703134831,0.0007359696126217557,0.0013763523075816901,0.0012354951680981167,0.0006783773955011366,TOGGLE_B_OFF,False,5.87249220367438e-72,-3.395069430549939e-72,6.783263309091802e-72,6.478523826295802e-57,6.478523826295803e-72,-0.5,48.70915412902832,37,22,0.0006783773955011366,False,D,-2.6708152670415714e-05,0.0017956677169731219,0.9751720206654009,-0.22144870762630087,0.0
260,0.0009173641703134831,0.0007359696126217557,0.0013763523075816901,0.0012354951680981167,0.0006783773955011366,TOGGLE_B_OFF,False,5.87249220367438e-72,-3.395069430549939e-72,6.783263309091802e-72,6.478523826295802e-57,6.478523826295803e-72,-0.5,48.85458946228027,37,22,0.0006783773955011366,False,D,-2.6708152670415714e-05,0.0017956677169731219,0.9751720206654009,-0.22144870762630087,0.0
261,0.0009173641703134831,0.0007359696126217557,0.0013763523075816901,0.0012354951680981167,0.0006783773955011366,TOGGLE_B_OFF,False,5.87249220367438e-72,-3.395069430549939e-72,6.783263309091802e-72,6.478523826295802e-57,6.478523826295803e-72,-0.5,48.221588134765625,37,22,0.0006783773955011366,False,D,-2.6708152670415714e-05,0.0017956677169731219,0.9751720206654009,-0.22144870762630087,0.0
262,0.0009173641703134831,0.0007359696126217557,0.0013763523075816901,0.0012354951680981167,0.0006783773955011366,TOGGLE_B_OFF,False,5.87249220367438e-72,-3.395069430549939e-72,6.783263309091802e-72,6.478523826295802e-57,6.478523826295803e-72,-0.5,49.02768135070801,37,22,0.0006783773955011366,False,D,-2.6708152670415714e-05,0.0017956677169731219,0.9751720206654009,-0.22144870762630087,0.0
263,0.0009173641703134831,0.0007359696126217557,0.0013763523075816901,0.0012354951680981167,0.0006783773955011366,TOGGLE_B_OFF,False,5.87249220367438e-72,-3.395069430549939e-72,6.783263309091802e-72,6.478523826295802e-57,6.478523826295803e-72,-0.5,48.81906509399414,37,22,0.0006783773955011366,False,D,-2.6708152670415714e-05,0.0017956677169731219,0.9751720206654009,-0.22144870762630087,0.0
264,0.0009173641703134831,0.0007359696126217557,0.0013763523075816901,0.0012354951680981167,0.0006783773955011366,TOGGLE_B_OFF,False,5.87249220367438e-72,-3.395069430549939e-72,6.783263309091802e-72,6.478523826295802e-57,6.478523826295803e-72,-0.5,48.11429977416992,37,22,0.0006783773955011366,False,D,-2.6708152670415714e-05,0.0017956677169731219,0.9751720206654009,-0.22144870762630087,0.0
265,0.0009173641703134831,0.0007359696126217557,0.0013763523075816901,0.0012354951680981167,0.0006783773955011366,TOGGLE_B_OFF,False,5.87249220367438e-72,-3.395069430549939e-72,6.783263309091802e-72,6.478523826295802e-57,6.478523826295803e-72,-0.5,49.794673919677734,37,22,0.0006783773955011366,False,D,-2.6708152670415714e-05,0.0017956677169731219,0.9751720206654009,-0.22144870762630087,0.0
266,0.0009173641703134831,0.0007359696126217557,0.0013763523075816901,0.0012354951680981167,0.0006783773955011366,TOGGLE_B_OFF,False,5.87249220367438e-72,-3.395069430549939e-72,6.783263309091802e-72,6.478523826295802e-57,6.478523826295803e-72,-0.5,48.722267150878906,37,22,0.0006783773955011366,False,D,-2.6708152670415714e-05,0.0017956677169731219,0.9751720206654009,-0.22144870762630087,0.0
267,0.0009173641703134831,0.0007359696126217557,0.0013763523075816901,0.0012354951680981167,0.0006783773955011366,TOGGLE_B_OFF,False,5.87249220367438e-72,-3.395069430549939e-72,6.783263309091802e-72,6.478523826295802e-57,6.478523826295803e-72,-0.5,47.88947105407715,37,22,0.0006783773955011366,False,D,-2.6708152670415714e-05,0.0017956677169731219,0.9751720206654009,-0.22144870762630087,0.0
268,0.0009173641703134831,0.0007359696126217557,0.0013763523075816901,0.0012354951680981167,0.0006783773955011366,TOGGLE_B_OFF,False,5.87249220367438e-72,-3.395069430549939e-72,6.783263309091802e-72,6.478523826295802e-57,6.478523826295803e-72,-0.5,48.773765563964844,37,22,0.0006783773955011366,False,D,-2.6708152670415714e-05,0.0017956677169731219,0.9751720206654009,-0.22144870762630087,0.0
269,0.0009173641703134831,0.0007359696126217557,0.0013763523075816901,0.0012354951680981167,0.0006783773955011366,TOGGLE_B_OFF,False,5.87249220367438e-72,-3.395069430549939e-72,6.783263309091802e-72,6.478523826295802e-57,6.478523826295803e-72,-0.5,48.41423034667969,37,22,0.0006783773955011366,False,D,-2.6708152670415714e-05,0.0017956677169731219,0.9751720206654009,-0.22144870762630087,0.0
270,0.0009173641703134831,0.0007359696126217557,0.0013763523075816901,0.0012354951680981167,0.0006783773955011366,TOGGLE_B_OFF,False,5.87249220367438e-72,-3.395069430549939e-72,6.783263309091802e-72,6.478523826295802e-57,6.478523826295803e-72,-0.5,48.87199401855469,37,22,0.0006783773955011366,False,D,-2.6708152670415714e-05,0.0017956677169731219,0.9751720206654009,-0.22144870762630087,0.0
271,0.0009173641703134831,0.0007359696126217557,0.0013763523075816901,0.0012354951680981167,0.0006783773955011366,TOGGLE_B_OFF,False,5.87249220367438e-72,-3.395069430549939e-72,6.783263309091802e-72,6.478523826295802e-57,6.478523826295803e-72,-0.5,47.35255241394043,37,22,0.0006783773955011366,False,D,-2.6708152670415714e-05,0.0017956677169731219,0.9751720206654009,-0.22144870762630087,0.0
272,0.0009173641703134831,0.0007359696126217557,0.0013763523075816901,0.0012354951680981167,0.0006783773955011366,TOGGLE_B_OFF,False,5.87249220367438e-72,-3.395069430549939e-72,6.783263309091802e-72,6.478523826295802e-57,6.478523826295803e-72,-0.5,48.21658134460449,37,22,0.0006783773955011366,False,D,-2.6708152670415714e-05,0.0017956677169731219,0.9751720206654009,-0.22144870762630087,0.0
273,0.0009173641703134831,0.0007359696126217557,0.0013763523075816901,0.0012354951680981167,0.0006783773955011366,TOGGLE_B_OFF,False,5.87249220367438e-72,-3.395069430549939e-72,6.783263309091802e-72,6.478523826295802e-57,6.478523826295803e-72,-0.5,47.76334762573242,37,22,0.0006783773955011366,False,D,-2.6708152670415714e-05,0.0017956677169731219,0.9751720206654009,-0.22144870762630087,0.0
274,0.0009173641703134831,0.0007359696126217557,0.0013763523075816901,0.0012354951680981167,0.0006783773955011366,TOGGLE_B_OFF,False,5.87249220367438e-72,-3.395069430549939e-72,6.783263309091802e-72,6.478523826295802e-57,6.478523826295803e-72,-0.5,48.1112003326416,37,22,0.0006783773955011366,False,D,-2.6708152670415714e-05,0.0017956677169731219,0.9751720206654009,-0.22144870762630087,0.0
275,0.0009173641703134831,0.0007359696126217557,0.0013763523075816901,0.0012354951680981167,0.0006783773955011366,TOGGLE_B_OFF,False,5.87249220367438e-72,-3.395069430549939e-72,6.783263309091802e-72,6.478523826295802e-57,6.478523826295803e-72,-0.5,50.211429595947266,37,22,0.0006783773955011366,False,D,-2.6708152670415714e-05,0.0017956677169731219,0.9751720206654009,-0.22144870762630087,0.0
276,0.0009173641703134831,0.0007359696126217557,0.0013763523075816901,0.0012354951680981167,0.0006783773955011366,TOGGLE_B_OFF,False,5.87249220367438e-72,-3.395069430549939e-72,6.783263309091802e-72,6.478523826295802e-57,6.478523826295803e-72,-0.5,47.943115234375,37,22,0.0006783773955011366,False,D,-2.6708152670415714e-05,0.0017956677169731219,0.9751720206654009,-0.22144870762630087,0.0
277,0.0009173641703134831,0.0007359696126217557,0.0013763523075816901,0.0012354951680981167,0.0006783773955011366,TOGGLE_B_OFF,False,5.87249220367438e-72,-3.395069430549939e-72,6.783263309091802e-72,6.478523826295802e-57,6.478523826295803e-72,-0.5,48.90918731689453,37,22,0.0006783773955011366,False,D,-2.6708152670415714e-05,0.0017956677169731219,0.9751720206654009,-0.22144870762630087,0.0
278,0.0009173641703134831,0.0007359696126217557,0.0013763523075816901,0.0012354951680981167,0.0006783773955011366,TOGGLE_B_OFF,False,5.87249220367438e-72,-3.395069430549939e-72,6.783263309091802e-72,6.478523826295802e-57,6.478523826295803e-72,-0.5,48.32267761230469,37,22,0.0006783773955011366,False,D,-2.6708152670415714e-05,0.0017956677169731219,0.9751720206654009,-0.22144870762630087,0.0
279,0.0009173641703134831,0.0007359696126217557,0.0013763523075816901,0.0012354951680981167,0.0006783773955011366,TOGGLE_B_OFF,False,5.87249220367438e-72,-3.395069430549939e-72,6.783263309091802e-72,6.478523826295802e-57,6.478523826295803e-72,-0.5,48.64168167114258,37,22,0.0006783773955011366,False,D,-2.6708152670415714e-05,0.0017956677169731219,0.9751720206654009,-0.22144870762630087,0.0
280,0.0009173641703134831,0.0007359696126217557,0.0013763523075816901,0.0012354951680981167,0.0006783773955011366,TOGGLE_B_OFF,False,5.87249220367438e-72,-3.395069430549939e-72,6.783263309091802e-72,6.478523826295802e-57,6.478523826295803e-72,-0.5,48.453330993652344,37,22,0.0006783773955011366,False,D,-2.6708152670415714e-05,0.0017956677169731219,0.9751720206654009,-0.22144870762630087,0.0
281,0.0009173641703134831,0.0007359696126217557,0.0013763523075816901,0.0012354951680981167,0.0006783773955011366,TOGGLE_B_OFF,False,5.87249220367438e-72,-3.395069430549939e-72,6.783263309091802e-72,6.478523826295802e-57,6.478523826295803e-72,-0.5,47.71304130554199,37,22,0.0006783773955011366,False,D,-2.6708152670415714e-05,0.0017956677169731219,0.9751720206654009,-0.22144870762630087,0.0
282,0.0009173641703134831,0.0007359696126217557,0.0013763523075816901,0.0012354951680981167,0.0006783773955011366,TOGGLE_B_OFF,False,5.87249220367438e-72,-3.395069430549939e-72,6.783263309091802e-72,6.478523826295802e-57,6.478523826295803e-72,-0.5,49.30758476257324,37,22,0.0006783773955011366,False,D,-2.6708152670415714e-05,0.0017956677169731219,0.9751720206654009,-0.22144870762630087,0.0
283,0.0009173641703134831,0.0007359696126217557,0.0013763523075816901,0.0012354951680981167,0.0006783773955011366,TOGGLE_B_OFF,False,5.87249220367438e-72,-3.395069430549939e-72,6.783263309091802e-72,6.478523826295802e-57,6.478523826295803e-72,-0.5,47.52755165100098,37,22,0.0006783773955011366,False,D,-2.6708152670415714e-05,0.0017956677169731219,0.9751720206654009,-0.22144870762630087,0.0
284,0.0009173641703134831,0.0007359696126217557,0.0013763523075816901,0.0012354951680981167,0.0006783773955011366,TOGGLE_B_OFF,False,5.87249220367438e-72,-3.395069430549939e-72,6.783263309091802e-72,6.478523826295802e-57,6.478523826295803e-72,-0.5,48.08163642883301,37,22,0.0006783773955011366,False,D,-2.6708152670415714e-05,0.0017956677169731219,0.9751720206654009,-0.22144870762630087,0.0
285,0.0009173641703134831,0.0007359696126217557,0.0013763523075816901,0.0012354951680981167,0.0006783773955011366,TOGGLE_B_OFF,False,5.87249220367438e-72,-3.395069430549939e-72,6.783263309091802e-72,6.478523826295802e-57,6.478523826295803e-72,-0.5,48.33531379699707,37,22,0.0006783773955011366,False,D,-2.6708152670415714e-05,0.0017956677169731219,0.9751720206654009,-0.22144870762630087,0.0
286,0.0009173641703134831,0.0007359696126217557,0.0013763523075816901,0.0012354951680981167,0.0006783773955011366,TOGGLE_B_OFF,False,5.87249220367438e-72,-3.395069430549939e-72,6.783263309091802e-72,6.478523826295802e-57,6.478523826295803e-72,-0.5,48.68006706237793,37,22,0.0006783773955011366,False,D,-2.6708152670415714e-05,0.0017956677169731219,0.9751720206654009,-0.22144870762630087,0.0
287,0.0009173641703134831,0.0007359696126217557,0.0013763523075816901,0.0012354951680981167,0.0006783773955011366,TOGGLE_B_OFF,False,5.87249220367438e-72,-3.395069430549939e-72,6.783263309091802e-72,6.478523826295802e-57,6.478523826295803e-72,-0.5,49.03602600097656,37,22,0.0006783773955011366,False,D,-2.6708152670415714e-05,0.0017956677169731219,0.9751720206654009,-0.22144870762630087,0.0
288,0.0009173641703134831,0.0007359696126217557,0.0013763523075816901,0.0012354951680981167,0.0006783773955011366,TOGGLE_B_OFF,False,5.87249220367438e-72,-3.395069430549939e-72,6.783263309091802e-72,6.478523826295802e-57,6.478523826295803e-72,-0.5,49.533843994140625,37,22,0.0006783773955011366,False,D,-2.6708152670415714e-05,0.0017956677169731219,0.9751720206654009,-0.22144870762630087,0.0
289,0.0009173641703134831,0.0007359696126217557,0.0013763523075816901,0.0012354951680981167,0.0006783773955011366,TOGGLE_B_OFF,False,5.87249220367438e-72,-3.395069430549939e-72,6.783263309091802e-72,6.478523826295802e-57,6.478523826295803e-72,-0.5,48.987388610839844,37,22,0.0006783773955011366,False,D,-2.6708152670415714e-05,0.0017956677169731219,0.9751720206654009,-0.22144870762630087,0.0
290,0.0009173641703134831,0.0007359696126217557,0.0013763523075816901,0.0012354951680981167,0.0006783773955011366,TOGGLE_B_OFF,False,5.87249220367438e-72,-3.395069430549939e-72,6.783263309091802e-72,6.478523826295802e-57,6.478523826295803e-72,-0.5,50.812721252441406,37,22,0.0006783773955011366,False,D,-2.6708152670415714e-05,0.0017956677169731219,0.9751720206654009,-0.22144870762630087,0.0
291,0.0009173641703134831,0.0007359696126217557,0.0013763523075816901,0.0012354951680981167,0.0006783773955011366,TOGGLE_B_OFF,False,5.87249220367438e-72,-3.395069430549939e-72,6.783263309091802e-72,6.478523826295802e-57,6.478523826295803e-72,-0.5,53.12395095825195,37,22,0.0006783773955011366,False,D,-2.6708152670415714e-05,0.0017956677169731219,0.9751720206654009,-0.22144870762630087,0.0
292,0.0009173641703134831,0.0007359696126217557,0.0013763523075816901,0.0012354951680981167,0.0006783773955011366,TOGGLE_B_OFF,False,5.87249220367438e-72,-3.395069430549939e-72,6.783263309091802e-72,6.478523826295802e-57,6.478523826295803e-72,-0.5,53.74622344970703,37,22,0.0006783773955011366,False,D,-2.6708152670415714e-05,0.0017956677169731219,0.9751720206654009,-0.22144870762630087,0.0
293,0.0009173641703134831,0.0007359696126217557,0.0013763523075816901,0.0012354951680981167,0.0006783773955011366,TOGGLE_B_OFF,False,5.87249220367438e-72,-3.395069430549939e-72,6.783263309091802e-72,6.478523826295802e-57,6.478523826295803e-72,-0.5,48.125505447387695,37,22,0.0006783773955011366,False,D,-2.6708152670415714e-05,0.0017956677169731219,0.9751720206654009,-0.22144870762630087,0.0
294,0.0009173641703134831,0.0007359696126217557,0.0013763523075816901,0.0012354951680981167,0.0006783773955011366,TOGGLE_B_OFF,False,5.87249220367438e-72,-3.395069430549939e-72,6.783263309091802e-72,6.478523826295802e-57,6.478523826295803e-72,-0.5,48.98262023925781,37,22,0.0006783773955011366,False,D,-2.6708152670415714e-05,0.0017956677169731219,0.9751720206654009,-0.22144870762630087,0.0
295,0.0009173641703134831,0.0007359696126217557,0.0013763523075816901,0.0012354951680981167,0.0006783773955011366,TOGGLE_B_OFF,False,5.87249220367438e-72,-3.395069430549939e-72,6.783263309091802e-72,6.478523826295802e-57,6.478523826295803e-72,-0.5,47.67966270446777,37,22,0.0006783773955011366,False,D,-2.6708152670415714e-05,0.0017956677169731219,0.9751720206654009,-0.22144870762630087,0.0
296,0.0009173641703134831,0.0007359696126217557,0.0013763523075816901,0.0012354951680981167,0.0006783773955011366,TOGGLE_B_OFF,False,5.87249220367438e-72,-3.395069430549939e-72,6.783263309091802e-72,6.478523826295802e-57,6.478523826295803e-72,-0.5,48.95210266113281,37,22,0.0006783773955011366,False,D,-2.6708152670415714e-05,0.0017956677169731219,0.9751720206654009,-0.22144870762630087,0.0
297,0.0009173641703134831,0.0007359696126217557,0.0013763523075816901,0.0012354951680981167,0.0006783773955011366,TOGGLE_B_OFF,False,5.87249220367438e-72,-3.395069430549939e-72,6.783263309091802e-72,6.478523826295802e-57,6.478523826295803e-72,-0.5,48.39968681335449,37,22,0.0006783773955011366,False,D,-2.6708152670415714e-05,0.0017956677169731219,0.9751720206654009,-0.22144870762630087,0.0
298,0.0009173641703134831,0.0007359696126217557,0.0013763523075816901,0.0012354951680981167,0.0006783773955011366,TOGGLE_B_OFF,False,5.87249220367438e-72,-3.395069430549939e-72,6.783263309091802e-72,6.478523826295802e-57,6.478523826295803e-72,-0.5,48.4004020690918,37,22,0.0006783773955011366,False,D,-2.6708152670415714e-05,0.0017956677169731219,0.9751720206654009,-0.22144870762630087,0.0
299,0.0009173641703134831,0.0007359696126217557,0.0013763523075816901,0.0012354951680981167,0.0006783773955011366,TOGGLE_B_OFF,False,5.87249220367438e-72,-3.395069430549939e-72,6.783263309091802e-72,6.478523826295802e-57,6.478523826295803e-72,-0.5,48.08831214904785,37,22,0.0006783773955011366,False,D,-2.6708152670415714e-05,0.0017956677169731219,0.9751720206654009,-0.22144870762630087,0.0
