step_idx,particle_x,particle_y,target_x,target_y,tracking_error,chosen_action,action_switched,Fp_x,Fp_y,Fp_mag,Fp_hat_dot_d,Fp_dot_d,score,solver_time_ms,n_actions_evaluated,target_idx,dist_to_target,target_advanced,gates_active,cross_track_error,arc_progress,d_hat_x,d_hat_y,tangent_alignment
0,0.0013254582523174764,0.0011290435509611857,0.0014,0.0011,7.999999999999994e-05,TOGGLE_B_OFF,False,-2.9395811136038333e-09,1.145343066560645e-09,3.1548292923032926e-09,0.36304427193872973,1.145343066559499e-09,0.36418961500528924,1785.2368354797363,13727,1,7.999999999999994e-05,True,ACD,-7.324840956166544e-05,3.560127307701561e-05,2.7105054312110504e-16,0.999999999999,0.4444286075752249
1,0.0013266688790859306,0.001132202270618428,0.0013999506529926643,0.0011062829269247283,7.77305008631089e-05,TOGGLE_A_OFF,True,2.2819776972086715e-11,5.954046281965382e-11,6.376369604903999e-11,0.9945885707550052,6.3419637908042e-11,0.9446519903929131,1742.3572540283203,13727,2,7.77305008631089e-05,True,CD,-7.174774517721772e-05,3.930409958282424e-05,0.25907778359185774,0.9658564603745489,0.8941544017403918
2,0.0013278825159717482,0.0011355152029607874,0.0013998026241462927,0.0011125643036312513,7.54933489777257e-05,TOGGLE_A_OFF,False,2.2876516347660995e-11,6.244730345158081e-11,6.650564418587807e-11,0.9944804974823649,6.613956059585465e-11,0.9945466370429608,1684.5614910125732,13727,3,7.54933489777257e-05,True,CD,-7.01996453590299e-05,4.315848066674001e-05,0.24369928452978545,0.9698508435413087,0.8964751889137347
3,0.0013290993228243944,0.0011389873062957751,0.0013995559499847881,0.001118842580283857,7.327991741885341e-05,TOGGLE_A_OFF,False,2.2936268814667294e-11,6.544760597821172e-11,6.935028158138893e-11,0.9942227386582148,6.89506211033055e-11,0.9942916892793181,1674.0288734436035,13727,4,7.327991741885341e-05,True,CD,-6.859937487132655e-05,4.7166842280611775e-05,0.22765389314119874,0.9737421141841245,0.8982632785677763
4,0.0013303194935521442,0.001142623573801152,0.0013992106913713086,0.0011251162078117255,7.10809749570655e-05,TOGGLE_A_OFF,False,2.2999676366541958e-11,6.854202768827369e-11,7.229795759622636e-11,0.9938049987104834,7.185106546068703e-11,0.9938768497759441,1632.2085857391357,13727,5,7.10809749570655e-05,True,CD,-6.694184161902409e-05,5.1331320338678835e-05,0.21090948187106162,0.9775055961246402,0.8995414032630797
5,0.0013315149118839434,0.0011463465784925181,0.0013987669334932513,0.001131383638291138,6.88964729867132e-05,TOGGLE_A_OFF,False,2.253310469488173e-11,7.017698512605904e-11,7.370583456262884e-11,0.9932624705938734,7.321023259733061e-11,0.9933356808264707,1635.077953338623,13727,6,6.88964729867132e-05,True,CD,-6.5261083619813e-05,5.5560851734744145e-05,0.19343299630385824,0.9811134877979281,0.9006239649649143
6,0.0013326823880848264,0.0011501500566912322,0.001398224785841232,0.0011376433253274059,6.672498956961918e-05,TOGGLE_A_OFF,False,2.2006407935608876e-11,7.169387500301208e-11,7.49952912066881e-11,0.9926376868339335,7.444414502453093e-11,0.992712130978958,3884.129047393799,13727,7,6.672498956961918e-05,True,CD,-6.355892116455698e-05,5.984721345838015e-05,0.17559489758998226,0.9844625091584049,0.9015583641889917
7,0.0013338208690016622,0.0011540338142248148,0.001397584382182072,0.0011438937244364182,6.456475070830081e-05,TOGGLE_A_OFF,False,2.1459859707502673e-11,7.320710481496195e-11,7.628765151749346e-11,0.9919247909411183,7.567260470766952e-11,0.9920004635458259,1658.177137374878,13727,8,6.456475070830081e-05,True,CD,-6.183432217224253e-05,6.418915397307072e-05,0.15742549224709498,0.9875308675625556,0.9023421456461513
8,0.0013349292901109037,0.0011579976740383928,0.0013968458805257912,0.0011501332934257217,6.241404209812002e-05,TOGGLE_A_OFF,False,2.089324568326289e-11,7.471699722117775e-11,7.758322878645014e-11,0.9911172094304848,7.689506433064275e-11,0.9911941044948154,1664.7663116455078,13727,9,6.241404209812002e-05,True,CD,-6.008624686833051e-05,6.858544280619185e-05,0.1389260321142185,0.9903027605732947,0.9029844706878336
9,0.0013360065745183947,0.0011620414850987823,0.001396009463086623,0.0011563604927750332,6.027122290375166e-05,TOGGLE_A_OFF,False,2.0306332682403967e-11,7.622404271894751e-11,7.888251920057067e-11,0.9902079529844559,7.81110880718071e-11,0.9902860640725276,1665.7593250274658,13727,10,6.027122290375166e-05,True,CD,-5.831364675649113e-05,7.303488018079298e-05,0.12009817078506055,0.9927620205125531,0.9034939269555985
10,0.0013370516318270546,0.001166165131765798,0.0013950753362380552,0.0011625737860160924,5.813474036984339e-05,TOGGLE_A_OFF,False,1.969886618079851e-11,7.772890845058052e-11,8.018621164344737e-11,0.9891896478404086,7.932035964688601e-11,0.9892689682000555,1800.8511066436768,13727,11,5.813474036984339e-05,True,CD,-5.651546296977833e-05,7.753630684990438e-05,0.10094396853222863,0.9948921123493965,0.9038785517720799
11,0.0013380541774770077,0.0011703291670600894,0.0013940437304619095,0.0011687716401117638,5.601121257073342e-05,TOGGLE_A_OFF,False,1.8897540292687697e-11,7.849021613900646e-11,8.073308527897163e-11,0.9880440166397406,7.976882989877049e-11,0.9881237854696394,1663.367509841919,13727,12,5.601121257073342e-05,True,CD,-5.47076330860728e-05,8.204612293030592e-05,0.0814658956098996,0.996676129868952,0.9041623140074181
12,0.0013389985121340417,0.0011744710882991686,0.0013929149002914756,0.00117495252583429,5.391853757329945e-05,TOGGLE_A_OFF,False,1.7800288926407267e-11,7.807337601863284e-11,8.007685264051286e-11,0.9868505480119807,7.902487276191274e-11,0.9869295728847426,1741.9583797454834,13727,13,5.391853757329945e-05,True,CD,-5.291797191217675e-05,8.649790497254103e-05,0.06185183504310897,0.9980853422928676,0.9045780408312079
13,0.0013398840372042934,0.0011785907804749566,0.0013916891242487064,0.0011811149181426052,5.186654330726547e-05,TOGGLE_A_OFF,False,1.6691754331634318e-11,7.765436804704224e-11,7.942805259763787e-11,0.985688853770309,7.829233181102724e-11,0.98576714610212,1816.1756992340088,13727,14,5.186654330726547e-05,True,CD,-5.11480693446684e-05,9.089383393914529e-05,0.042404981973382674,0.9991005042046088,0.9051931655040759
14,0.0013407101747569662,0.001182688236671573,0.001390366704775499,0.001187257296558617,4.9866294044502946e-05,TOGGLE_A_OFF,False,1.5572325997988093e-11,7.723522971417744e-11,7.878945390081959e-11,0.9845717604914819,7.757485590705286e-11,0.984649335347389,1643.41139793396,13727,15,4.9866294044502946e-05,True,CD,-4.9399418616031805e-05,9.523619129011608e-05,0.023137352924177682,0.9997322956160436,0.9060062657994324
15,0.0013414763660077823,0.0011867635577976416,0.0013889479681590707,0.0011933781455423622,4.7930217836379716e-05,TOGGLE_A_OFF,False,1.4442364828851852e-11,7.681799346405767e-11,7.816384088370826e-11,0.9835111836794102,7.687599517964865e-11,0.9835880596745898,1656.7633152008057,13727,16,4.7930217836379716e-05,True,CD,-4.767341357259802e-05,9.952735200448246e-05,0.0040599175971627694,0.9999917584996202,0.9070146886777398
16,0.0013421820697553353,0.0011908169522148295,0.0013874332644514525,0.001199475954865942,4.60722144935304e-05,TOGGLE_A_OFF,False,1.3302202253537795e-11,7.6404684738837e-11,7.755400979211261e-11,0.9825179898375952,7.619919232278149e-11,0.982594189029918,1652.254581451416,13727,17,4.60722144935304e-05,True,CD,-4.597134625621653e-05,0.00010376977808517531,-0.014817426014453518,0.9998902159159077,0.9082144998597125
17,0.0013428261112984877,0.0011948287628270962,0.0013858229673831192,0.0012055492199861493,4.431317902003435e-05,TOGGLE_A_OFF,False,1.2139897083443822e-11,7.562084848254472e-11,7.658909730775388e-11,0.9814836022328715,7.517192460098043e-11,0.9815587741574724,1645.6778049468994,13727,18,4.431317902003435e-05,True,CD,-4.4300355851512475e-05,0.0001079445605854032,-0.033485870930984096,0.9994391909696377,0.9093656868791276
18,0.0013434036609417234,0.0011987365414482978,0.0013841174742707772,0.0012115964424156919,4.2696506281945606e-05,TOGGLE_A_OFF,False,1.0886554297636813e-11,7.365989164933316e-11,7.44600342617897e-11,0.9803282703614149,7.299625692718236e-11,0.980401266618342,1783.726692199707,13727,19,4.2696506281945606e-05,True,CD,-4.268364302015292e-05,0.00011198852409663457,-0.05185583154731812,0.9986545812905399,0.9103348302603684
19,0.0013439154135630774,0.0012025439500761247,0.001382317205919332,0.0012176161300929216,4.1253706095714903e-05,TOGGLE_A_OFF,False,9.646309654206357e-12,7.176796184637136e-11,7.241333880941447e-11,0.9793887815884,7.092179105608202e-11,0.9794597033794561,1704.8759460449219,13727,20,4.1253706095714903e-05,True,CD,-4.112248136240506e-05,0.00011590942243928955,-0.0696510987120749,0.9975714132062148,0.9117044685917031
20,0.0013443620775146512,0.0012062545457049753,0.0013804226065180615,0.001223606797749979,4.001827586289969e-05,TOGGLE_A_OFF,False,8.419417133325197e-12,6.994307980823742e-11,7.044800208612306e-11,0.9786819242054251,6.894716491999892e-11,0.9787508713703451,1654.963493347168,13727,21,4.001827586289969e-05,True,CD,-3.961788485944915e-05,0.00011971462769428388,-0.08687766068507995,0.9962189880101308,0.9134614846382881
21,0.0013447443722970206,0.0012098717829812458,0.0013784341435310182,0.0012295669672792598,3.902436380431886e-05,TOGGLE_A_OFF,False,7.2060868787854425e-12,6.818331632053438e-11,6.856305355343105e-11,0.9782194630342875,6.707069165049143e-11,0.978286533725938,1655.0428867340088,13727,22,3.902436380431886e-05,True,CD,-3.817063285860186e-05,0.00012341114673488764,-0.10354286024693152,0.994624992693187,0.9155898618221945
22,0.0013450630263882907,0.0012133990168147527,0.0013763523075816901,0.0012354951680981167,3.830481717926512e-05,TOGGLE_A_OFF,False,6.006488113023035e-12,6.648679139303353e-11,6.675755634527559e-11,0.9780081113568927,6.529040960815568e-11,0.9780734017665008,1650.5584716796875,13727,23,3.830481717926512e-05,True,CD,-3.6781292889808976e-05,0.00012700563799962754,-0.11965523094004057,0.9928155043645929,0.9180706416748583
23,0.0013453187752236447,0.0012168395049452076,0.001374177612331947,0.001241389937511703,3.788873471687276e-05,TOGGLE_A_OFF,False,4.820751973871623e-12,6.485167341240099e-11,6.503060198077752e-11,0.9780495364934216,6.360412817472413e-11,0.9781131406215964,1665.4455661773682,13727,24,3.788873471687276e-05,True,CD,-3.545024147889056e-05,0.0001305044282664723,-0.13522434438518754,0.990815006287061,0.9208818985151473
24,0.0013455173782056782,0.0012201731817801545,0.0013719105943553007,0.0012472498210738712,3.7811985588735456e-05,TOGGLE_A_OFF,False,3.743578016025906e-12,6.283832792467175e-11,6.294974052949428e-11,0.9779452076036814,6.156237501592177e-11,0.9780067699786973,4529.030323028564,13727,25,3.7811985588735456e-05,True,CD,-3.418057424284905e-05,0.00013388773718477298,-0.15026066850747277,0.9886464137889329,0.9232949841207779
25,0.0013456651622934723,0.0012233800262495481,0.0013695518130045147,0.001253073372946036,3.8108620025253716e-05,TOGGLE_A_OFF,False,2.7856644271872483e-12,6.044759415751246e-11,6.051174733663069e-11,0.9777002993934438,5.916333118814364e-11,0.977759462724632,1654.6733379364014,13727,26,3.8108620025253716e-05,True,CD,-3.297542956811234e-05,0.00013713586613736767,-0.1646979837274469,0.986344044516994,0.9253301014581334
26,0.0013457634491808397,0.0012264658300692962,0.0013671018502735925,0.0012588591562539123,3.8789881960353176e-05,TOGGLE_A_OFF,False,1.8526641797875355e-12,5.816603166323944e-11,5.819552907236123e-11,0.977747912307077,5.69015348040193e-11,0.977804813841881,1619.1740036010742,13727,27,3.8789881960353176e-05,True,CD,-3.1834318594810914e-05,0.00014025751587471626,-0.17847135603870606,0.9839451077533401,0.9277402782421053
27,0.0013458135447832807,0.0012294360454473076,0.0013645613106541782,0.0012646057434420436,3.9854565387053576e-05,TOGGLE_A_OFF,False,9.442798596359815e-13,5.5987240866839647e-11,5.5995203404709886e-11,0.978084112209683,5.476899689420851e-11,0.9781388812065772,1634.383201599121,13727,28,3.9854565387053576e-05,True,CD,-3.075658757857911e-05,0.00014326073922336132,-0.19160419122703068,0.981472278723276,0.9305016738551615
28,0.0013458167381071797,0.0012322958084630452,0.0013619308209864079,0.0012703117166260292,4.129010705356758e-05,TOGGLE_A_OFF,False,6.019273740833244e-14,5.390526288749694e-11,5.390529649427588e-11,0.9786992668489441,5.275805285748962e-11,0.9787520249018017,1630.9375762939453,13727,29,4.129010705356758e-05,True,CD,-2.9741445349360754e-05,0.0001461529930950472,-0.2041195866754724,0.978945960885205,0.933587598781203
29,0.0013457743002673766,0.0012350499607177055,0.0013592110303042462,0.001275975667942366,4.307504179826586e-05,TOGGLE_A_OFF,False,-7.999344345550357e-13,5.191454694065195e-11,5.192070954015114e-11,0.979578203973963,5.086137497859904e-11,0.9796290653489416,1635.4317665100098,13727,30,4.307504179826586e-05,True,CD,-2.8787986973417498e-05,0.00014894118640764223,-0.21604023580683573,0.9763844614241607,0.9369684719334903
30,0.0013456874836376984,0.0012377030693903799,0.0013564026096753471,0.0012815961998958187,4.518208529461854e-05,TOGGLE_A_OFF,False,-1.636454916039306e-12,5.0009920291494644e-11,5.003668766269283e-11,0.9807003756954558,4.907197908973473e-11,0.9807494476745455,1647.4225521087646,13727,31,4.518208529461854e-05,True,CD,-2.789521413545926e-05,0.0001516317241709119,-0.2273883518206958,0.973804157648902,0.9406117888064067
31,0.0013455575211206187,0.0012402594458243263,0.0013535062520354775,0.0012871719257042293,4.758112116837034e-05,TOGGLE_A_OFF,False,-2.4497357333955964e-12,4.818656054817689e-11,4.824879089289796e-11,0.9820400374124733,4.738322645360553e-11,0.9820874206389268,1657.6225757598877,13727,32,4.758112116837034e-05,True,CD,-2.7062052687080508e-05,0.00015423054799585718,-0.23818560801838617,0.971219653904785,0.9444821098836839
32,0.0013453856255236628,0.001242723162757204,0.0013505226720175454,0.0012927014696406862,5.024162025273302e-05,TOGGLE_A_OFF,False,-3.240155667486202e-12,4.643997010112213e-11,4.655286706254149e-11,0.9835664506306296,4.5788821789834114e-11,0.9836122394524195,2413.8998985290527,13727,33,5.024162025273302e-05,True,CD,-2.628736774656508e-05,0.00015674317328450064,-0.24845309234057483,0.9686439288533345,0.9485410791684796
33,0.0013451894474146705,0.0012450828083970817,0.0013474526057752766,0.001298183467372963,5.31488651754488e-05,TOGGLE_A_OFF,False,-3.697870236029622e-12,4.4478272443890173e-11,4.4631725979122e-11,0.9841383678696828,4.3924778098667926e-11,0.9841822926477815,1604.8729419708252,13727,34,5.31488651754488e-05,True,CD,-2.5560718007805927e-05,0.00015915288025523122,-0.2582112740347229,0.9660884731531488,0.9508167717904931
34,0.0013449716340186082,0.001247341263824313,0.0013442968108015774,0.0013036165663001485,5.627934838927177e-05,TOGGLE_A_OFF,False,-4.105685789536615e-12,4.257088187189937e-11,4.276840702146403e-11,0.9847693346976273,4.211800049793916e-11,0.9848114526981252,1604.8405170440674,13727,35,5.627934838927177e-05,True,CD,-2.4880184070723472e-05,0.0001614630121400023,-0.26747125206115097,0.9635658406766276,0.9530897959552975
35,0.0013447330148998494,0.0012495029091625137,0.001341056065741637,0.0013089994258863795,5.961002816125252e-05,TOGGLE_A_OFF,False,-4.4978644229907126e-12,4.074605468494895e-11,4.099355750305719e-11,0.9855692100481672,4.0402973654562244e-11,0.9856096130218218,1623.8667964935303,13727,36,5.961002816125252e-05,True,CD,-2.4244798558962588e-05,0.00016367897783462368,-0.2762522780210458,0.961085156937822,0.9555564309092476
36,0.0013444744015821551,0.0012515718952097851,0.0013377311702008061,0.0013143307179915987,6.312005233221448e-05,TOGGLE_A_OFF,False,-4.874746193934605e-12,3.899946819892525e-11,3.930294734818576e-11,0.9865224102895747,3.8774224871826757e-11,0.9865611845144465,1629.9505233764648,13727,37,6.312005233221448e-05,True,CD,-2.3653546897449906e-05,0.00016580582257180054,-0.28457404841459,0.9586540621970707,0.9581968805404663
37,0.0013441965869294315,0.001253552159015134,0.0013343229445473082,0.0013196091271992529,6.679080669948342e-05,TOGGLE_A_OFF,False,-5.236682832336293e-12,3.732709333832045e-11,3.76926351450011e-11,0.987610154463868,3.7226616827859225e-11,0.9876473810806958,1748.6217021942139,13727,38,6.679080669948342e-05,True,CD,-2.310537813325251e-05,0.0001678482567113022,-0.2924555532737316,0.9562791168677529,0.9609894751935633
38,0.0013439003446327799,0.0012554474382456221,0.0013308322297098248,0.0013248333511408524,7.060581092193505e-05,TOGGLE_A_OFF,False,-5.584035737060088e-12,3.572517184201768e-11,3.6158945756955595e-11,0.9888104536009493,3.5755332366120984e-11,0.9888462089333154,1632.3959827423096,13727,39,7.060581092193505e-05,True,CD,-2.2599214235487848e-05,0.00016981068214589327,-0.2999150778557003,0.9539659040410314,0.9639105484060094
39,0.0013435864287951837,0.0012572612844393412,0.0013272598869700095,0.0013300021008173116,7.455053544611714e-05,TOGGLE_A_OFF,False,-5.917174135426336e-12,3.41901952615781e-11,3.469844955864449e-11,0.9900980936346895,3.435585885818697e-11,0.9901324494935476,1623.6827373504639,13727,40,7.455053544611714e-05,True,CD,-2.2133958080725134e-05,0.00017169721650957956,-0.30697020957707305,0.9517191237073154,0.9669343117070385
40,0.0013432555736058384,0.0012589970752318797,0.001323606797749979,0.0013351141009169893,7.861218729803556e-05,TOGGLE_A_OFF,False,-6.236473393497289e-12,3.2718885612046756e-11,3.3307943137966353e-11,0.9914446179960048,3.3023972405271705e-11,0.99147764196841,1648.09250831604,13727,41,7.861218729803556e-05,True,CD,-2.1708500301995798e-05,0.00017351171536381276,-0.3136378491267227,0.9495426791846563,0.9700327327932331
41,0.0013429084930967246,0.0012606580256371218,0.0013198738633948361,0.0013401680901303536,8.277949336170765e-05,TOGGLE_A_OFF,False,-6.542313465818943e-12,3.1308177546512163e-11,3.1984431318517515e-11,0.9928183170386726,3.175572209140661e-11,0.992850072760764,1667.480230331421,13727,42,8.277949336170765e-05,True,CD,-2.1321725155133296e-05,0.0001752577925259977,-0.3199342248603462,0.9474397562700336,0.9731754233590509
42,0.0013425458809745716,0.0012622471984569288,0.001316062004950276,0.0013451628214611907,8.70424966752169e-05,TOGGLE_A_OFF,False,-6.835077474350728e-12,2.995520193594199e-11,3.072511036763643e-11,0.9941842325844835,3.054741445615477e-11,0.9942147799989397,1692.284345626831,13727,43,8.70424966752169e-05,True,CD,-2.0972515535129846e-05,0.00017693883869330978,-0.3258749097206599,0.945412895624215,0.9763295439171848
43,0.0013421684105218547,0.0012637675138884726,0.001312172162935332,0.0013500970625342822,9.139237297860893e-05,TOGGLE_A_OFF,False,-7.115150407216034e-12,2.8657270745262695e-11,2.952735226674745e-11,0.995504187012286,2.9395598317120815e-11,0.9955335826106032,3960.3586196899414,13727,44,9.139237297860893e-05,True,CD,-2.065975725707201e-05,0.000178558038503711,-0.331474840048871,0.9434640588875581,0.9794597340506324
44,0.0013417767345609219,0.0012652217583926618,0.0013082052971103157,0.001354969595899476,9.582126981860281e-05,TOGGLE_A_OFF,False,-7.382917928725326e-12,2.7411863105303648e-11,2.8388689931840836e-11,0.9967368473962847,2.8297050041221077e-11,0.9967651444463259,1678.5385608673096,13727,45,9.582126981860281e-05,True,CD,-2.038234270059316e-05,0.00018011838616532473,-0.33674833575728186,0.9415946890051533,0.9825280776344049
45,0.0013413714854757627,0.0012666125928821998,0.0013041623862400124,0.0013597792193320735,0.00010032216778950816,TOGGLE_A_OFF,False,-7.63876529285874e-12,2.621661248815329e-11,2.7306803283309793e-11,0.9978378361342067,2.7248759337796432e-11,0.9978650848935445,1685.7216358184814,13727,46,0.00010032216778950816,True,CD,-2.013917390331169e-05,0.00018162269977510157,-0.3417091214221679,0.9398057652168879,0.9854941135662152
46,0.0013409628794543121,0.0012679406573128185,0.001300044427852184,0.001364524746129461,0.00010489426053915808,TOGGLE_A_OFF,False,-7.702042051210016e-12,2.5033424752352047e-11,2.619148347440976e-11,0.9984376253443867,2.615156100206177e-11,0.9984637769053888,1754.9364566802979,13727,47,0.00010489426053915808,True,CD,-1.992139030927134e-05,0.00018306737160330236,-0.34637034793240373,0.9380978531428348,0.9873560720867592
47,0.0013405574399059643,0.0012692082667376716,0.001295852437991444,0.0013692050054039094,0.00010953485719195106,TOGGLE_A_OFF,False,-7.642355439383453e-12,2.3893874740440267e-11,2.5086307954215248e-11,0.9987684398022308,2.5056411424269658e-11,0.9987934962136551,1636.232852935791,13727,48,0.00010953485719195106,True,CD,-1.9722722993246013e-05,0.00018445194322182687,-0.3507659988092744,0.9364631408001821,0.9885357224198017
48,0.0013401552010793062,0.0012704176683777414,0.0012915874509685646,0.0013738188423714755,0.00011423935019992848,TOGGLE_A_OFF,False,-7.582023256904985e-12,2.279668384609681e-11,2.4024484823761347e-11,0.9990870209662502,2.400355005984158e-11,0.9991110245163101,1771.1262702941895,13727,49,0.00011423935019992848,True,CD,-1.9542719196216413e-05,0.0001857788334625954,-0.3549251949045603,0.9348947031724852,0.9897411473630751
49,0.0013397561873254727,0.0012715710472942486,0.0012872505191052755,0.0013783651186369257,0.00011900344057712887,TOGGLE_A_OFF,False,-7.521232066346343e-12,2.1740680385426004e-11,2.3004915027382378e-11,0.9993793390048678,2.2991636153267553e-11,0.999402330641021,1593.3737754821777,13727,50,0.00011900344057712887,True,CD,-1.9380910757766994e-05,0.00018705037498461326,-0.3588566888651896,0.9333926702383738,0.9909601991992546
50,0.001339360413799005,0.0012726705270423347,0.001282842712474619,0.001382842712474619,0.0001238231036839173,TOGGLE_A_OFF,False,-7.46015521941725e-12,2.072470499614857e-11,2.2026513865684326e-11,0.9996295355643208,2.2019353455190657e-11,0.9996515549177759,1612.8497123718262,13727,50,0.0001238231036839173,False,CD,-1.9236817217171758e-05,0.0001882688169840122,-0.3625690257367791,0.9319569204498093,0.9921792005081909
51,0.0013389678871372586,0.0012737181703545402,0.001282842712474619,0.001382842712474619,0.00012271186138197338,TOGGLE_A_OFF,False,-7.398953261282766e-12,1.9747611199243246e-11,2.1088211338070477e-11,0.9998198041934034,2.108541115062293e-11,0.9998408896045541,2059.8506927490234,13727,50,0.00012271186138197338,False,CD,-1.9109948644459545e-05,0.00018943632781939893,-0.3660705375212847,0.9305871058406552,0.9933828019328058
52,0.0013385786061166497,0.0012747159798569194,0.001282842712474619,0.001382842712474619,0.00012164653775038264,TOGGLE_A_OFF,False,-7.337774367160731e-12,1.880826601413879e-11,2.0188952501850345e-11,0.9999302689419851,2.0188544635101122e-11,0.9999504574866203,2049.8571395874023,13727,50,0.00012164653775038264,False,CD,-1.899980821887129e-05,0.00019055499755604794,-0.3693693391149229,0.9292826756804485,0.9945538358639894
53,0.0013381925622843723,0.00127566589881969,0.001282842712474619,0.001382842712474619,0.0001206253508147671,TOGGLE_A_OFF,False,-7.276754804679902e-12,1.790555060967192e-11,1.9327697822631502e-11,0.9999388644051879,1.932751615119317e-11,0.9999581919213391,1574.1369724273682,13727,50,0.0001206253508147671,False,CD,-1.890589457117218e-05,0.0001916268404324091,-0.3724733254783803,0.9280428986879247,0.9956731688359397
54,0.0013378097405645365,0.0012765698119434773,0.001282842712474619,0.001382842712474619,0.00011964657773768428,TOGGLE_A_OFF,False,-7.216019416024243e-12,1.7038360975042052e-11,1.8503423492107475e-11,0.9998212213950197,1.8501115297089592e-11,0.9998397225103168,1599.3695259094238,13727,51,0.00011964657773768428,True,CD,-1.882770390539357e-05,0.00019265379725229244,-0.3753901699037612,0.9268668838283275,0.9967195562852038
55,0.001337430119837968,0.0012774295461814807,0.0012783651186369259,0.0013872505191052757,0.00012469691439970766,TOGGLE_A_OFF,False,-7.155682114426038e-12,1.6205608596910205e-11,1.7715121690774994e-11,0.9995505634596996,1.770815941833475e-11,0.999568271619118,1633.927822113037,13727,51,0.00012469691439970766,False,CD,-1.876473191475108e-05,0.00019363773770594695,-0.37812732325439474,0.9257535997264473,0.9976695043292991
56,0.0013370536734951667,0.0012782468715972477,0.0012783651186369259,0.0013872505191052757,0.000123798794991725,TOGGLE_A_OFF,False,-7.0958463900936816e-12,1.5406221130595053e-11,1.6961800774581662e-11,0.9990976206281695,1.694749389307421e-11,0.9991145681220626,2306.610107421875,13727,51,0.000123798794991725,False,CD,-1.871647550570442e-05,0.00019458046262308215,-0.3806920140644967,0.924701892733829,0.9984971443600161
57,0.0013366803699621575,0.0012790235022571929,0.0012783651186369259,0.0013872505191052757,0.0001229380157354109,TOGGLE_A_OFF,False,-7.036605821166167e-12,1.463914305501871e-11,1.6242485366093825e-11,0.9984305680101853,1.6217992320534188e-11,0.9984467860025058,1764.0016078948975,13727,51,0.0001229380157354109,False,CD,-1.8682434343385702e-05,0.00019548370616070203,-0.3830912493958057,0.9237105036938625,0.9991741275058964
58,0.0013363101731991773,0.0012797610971565366,0.0012783651186369259,0.0013872505191052757,0.00012211308357050184,TOGGLE_A_OFF,False,-6.978044585769907e-12,1.3903336302622286e-11,1.5556216332540745e-11,0.9975149981896743,1.551855662179075e-11,0.997530516746296,1618.0508136749268,13727,51,0.00012211308357050184,False,CD,-1.8662112230921407e-05,0.00019634913792843518,-0.38533181635773106,0.9227780834526036,0.999669547364854
59,0.0013359430431723203,0.0012804612611769448,0.0012783651186369259,0.0013872505191052757,0.00012132255768276228,TOGGLE_A_OFF,False,-6.9202379717142226e-12,1.3197780856932769e-11,1.4902050635156775e-11,0.9963139376466921,1.484811706126108e-11,0.9963287857637533,1816.9326782226562,13727,51,0.00012132255768276228,False,CD,-1.865501833450998e-05,0.0001971783650538558,-0.3874202842062626,0.9219032071663202,0.9999499007865253
60,0.001335578936298431,0.0012811255460738363,0.0012783651186369259,0.0013872505191052757,0.00012056504813720976,TOGGLE_A_OFF,False,-6.8632528807954914e-12,1.2521475311791829e-11,1.427906103669145e-11,0.9947879186395033,1.4205632196735355e-11,0.9948021242717001,1646.8186378479004,13727,51,0.00012056504813720976,False,CD,-1.8660668265478152e-05,0.0001979729341901098,-0.3893630069449249,0.9210843874590509,0.9999790978128597
61,0.0013352178058636652,0.0012817554514910727,0.0012783651186369259,0.0013872505191052757,0.00011983921451606195,TOGGLE_A_OFF,False,-6.807148325087058e-12,1.187343738747786e-11,1.3686335656927773e-11,0.9928951189496786,1.3590088765189478e-11,0.9929087090384439,1655.761480331421,13727,52,0.00011983921451606195,True,CD,-1.8678585029933677e-05,0.00019873433346798312,-0.39116612635848635,0.9203200864849714,0.9997185330511986
62,0.0013348596024162697,0.0012823524260005459,0.0012738188423714754,0.0013915874509685647,0.00012513298952158798,TOGGLE_A_OFF,False,-6.751975912970143e-12,1.1252704400048302e-11,1.312297736964426e-11,0.9905915824824525,1.3000501511059801e-11,0.9906045829839636,4029.484272003174,13727,52,0.00012513298952158798,False,CD,-1.870829985604628e-05,0.00019946399439437867,-0.3928355754169432,0.9196087269512222,0.9991272316084302
63,0.0013345042741342195,0.0012829178681640423,0.0012738188423714754,0.0013915874509685647,0.00012446605904880095,TOGGLE_A_OFF,False,-6.697780323011457e-12,1.0658333681221596e-11,1.2588103038805416e-11,0.9878315337324668,1.2435912963139215e-11,0.98784396964543,1623.6371994018555,13727,52,0.00012446605904880095,False,CD,-1.874935290843249e-05,0.00020016329369901915,-0.39437708199355004,0.9189487021571232,0.9981620830746385
64,0.0013341517671684442,0.0012834531276146625,0.0012738188423714754,0.0013915874509685647,0.00012382686986984277,TOGGLE_A_OFF,False,-6.6445997641145415e-12,1.0089402946994347e-11,1.2080842596942038e-11,0.9845677983559153,1.1895393165753938e-11,0.984579693749081,1642.8518295288086,13727,52,0.00012382686986984277,False,CD,-1.8801293898581346e-05,0.0002008335551310384,-0.39579617284639707,0.9183383851054869,0.9967781766966065
65,0.0013338020259624388,0.0012839595061550219,0.0012738188423714754,0.0013915874509685647,0.00012321427197566946,TOGGLE_A_OFF,False,-6.59246642066601e-12,9.545010613971105e-12,1.1600337974750131e-11,0.9807523403060601,1.1378039369417759e-11,0.9807637183454295,1751.9550323486328,13727,52,0.00012321427197566946,False,CD,-1.886368259974467e-05,0.0002014760512069979,-0.39709817781825185,0.917776136741108,0.9949292495929916
66,0.001333454993549108,0.001284438258869443,0.0012738188423714754,0.0013915874509685647,0.00012262715806368477,TOGGLE_A_OFF,False,-6.541406881664639e-12,9.0242760630675e-12,1.114574189787035e-11,0.976336922971647,1.0882975685725875e-11,0.9763478059473327,1761.1076831817627,13727,52,0.00012262715806368477,False,CD,-1.8936089274217355e-05,0.0002020920049117406,-0.3982882342141521,0.9172603133705184,0.9925682574018994
67,0.0013331106118257357,0.001284890595247357,0.0012738188423714754,0.0013915874509685647,0.00012206446225584812,TOGGLE_A_OFF,False,-6.4914425530615884e-12,8.526339850836269e-12,1.0716216574503214e-11,0.9712738973294424,1.040935271084143e-11,0.9712843066821532,1612.3254299163818,13727,52,0.00012206446225584812,False,CD,-1.901809502046181e-05,0.00020268259135338332,-0.39937129132058,0.9167892733158156,0.9896480729155321
68,0.0013327688218079986,0.0012853176803151799,0.0012738188423714754,0.0013915874509685647,0.00012152515883671792,TOGGLE_A_OFF,False,-6.4425900527563095e-12,8.050363869182185e-12,1.0310932305766948e-11,0.9655171141872443,9.956347121558319e-12,0.9655270705343658,1594.0210819244385,13727,52,0.00012152515883671792,False,CD,-1.9109292047072028e-05,0.00020324893937365528,-0.4003521150339663,0.91636138285386,0.9861223129118899
69,0.001332448258210533,0.001286187503556489,0.0012738188423714754,0.0013915874509685647,0.00012060910959001992,WIDEN,True,-6.042481456836333e-12,1.639578182891114e-11,1.747378733810915e-11,0.9981571215022449,1.7442583428270903e-11,0.9481745640856731,1756.3023567199707,13727,52,0.00012060910959001992,False,CD,-1.8965052957324146e-05,0.00020421042238541573,-0.4012352925698668,0.9159750214904239,0.9876331522135312
70,0.0013320338731968738,0.00128721562600095,0.0012738188423714754,0.0013915874509685647,0.00011950927855640527,STRENGTHEN_TRAP,True,-7.810973488016524e-12,1.9379651511054737e-11,2.0894549517049253e-11,0.9994126446248022,2.08832764037227e-11,0.9494335279012058,1669.823169708252,13727,53,0.00011950927855640527,True,CD,-1.8822635025313682e-05,0.00020536422556892333,-0.40408973856547176,0.9147193466763986,0.991525889160633
71,0.0013315097328421995,0.0012883781733401937,0.0012692050054039093,0.0013958524379914438,0.00012422800257384233,STRENGTHEN_TRAP,False,-9.879812926167207e-12,2.1913501082511567e-11,2.4037725207458717e-11,0.9999504368114707,2.4037533771589254e-11,0.9999744743452422,1677.9003143310547,13727,53,0.00012422800257384233,False,CD,-1.8706098711119526e-05,0.0002066966357571329,-0.40737124288349624,0.9132626514150046,0.9956621773205878
72,0.0013308585252992957,0.0012896377472761094,0.0012692050054039093,0.0013958524379914438,0.00012281171377049075,STRENGTHEN_TRAP,False,-1.2274972996493893e-11,2.3742409342354654e-11,2.672783125217203e-11,0.9985223540904221,2.6689335504004457e-11,0.9985490434259261,1860.964298248291,13727,53,0.00012281171377049075,False,CD,-1.864735617124381e-05,0.00020818276482774018,-0.41093772116060606,0.9116634188807491,0.9990628251345852
73,0.0013300619137901668,0.0012909452337812283,0.0012692050054039093,0.0013958524379914438,0.00012128101580023646,STRENGTHEN_TRAP,False,-1.5015773189068084e-11,2.4645539994894206e-11,2.885959261849456e-11,0.9928078984640603,2.8653024305994956e-11,0.9928365514883662,1690.8009052276611,13727,53,0.00012128101580023646,False,CD,-1.8685236007579475e-05,0.00020978826813126302,-0.41458698922267645,0.9100096858634444,0.9997415298239235
74,0.0013291011212572318,0.0012922434483443963,0.0012692050054039093,0.0013958524379914438,0.00011967609381157384,STRENGTHEN_TRAP,False,-1.8110512578554497e-11,2.4470768006591852e-11,3.0443540409919804e-11,0.9788632017432793,2.980104030125675e-11,0.9788930027835806,1636.1706256866455,13727,54,0.00011967609381157384,True,CD,-1.8863421534862773e-05,0.00021147254280403144,-0.41806563850388534,0.9084168216740305,0.9941255349867544
75,0.0013280103570321078,0.0012934939863085777,0.0012645247461294607,0.0014000444278521838,0.0001240299132661945,STRENGTHEN_TRAP,False,-2.0560421258689074e-11,2.3572085287843587e-11,3.1278972603845636e-11,0.9602973987549903,3.0038076324600324e-11,0.9603274368313149,1673.508882522583,13727,54,0.0001240299132661945,False,CD,-1.9171013369629578e-05,0.00021318458356586306,-0.4210861128771502,0.9070206643401354,0.9830645974528154
76,0.0013270973583783478,0.001295856874371416,0.0012645247461294607,0.0014000444278521838,0.00012153344438448803,WIDEN,True,-1.7209619180337886e-11,4.453939067680428e-11,4.7748594892344776e-11,0.9976216544068279,4.763602985375682e-11,0.9476692904366817,1975.6889343261719,13727,54,0.00012153344438448803,False,CD,-1.874864315437011e-05,0.0002158065493877514,-0.4235841903337383,0.9058567401622182,0.98544966876365
77,0.0013260224193552056,0.0012979103203283398,0.0012645247461294607,0.0014000444278521838,0.00011921971201052547,STRENGTHEN_TRAP,True,-2.0262123228965488e-11,3.8706544396893895e-11,4.368924600968184e-11,0.9993216596405905,4.366060915250095e-11,0.949365320249743,1639.0962600708008,13727,55,0.00011921971201052547,True,CD,-1.8608976489105703e-05,0.00021823345693527865,-0.4314020617766305,0.9021597758118465,0.9979954163922704
78,0.0013247737606322388,0.001299592736176722,0.0012597792193320735,0.0014041623862400124,0.00012312230550626442,STRENGTHEN_TRAP,False,-2.353666242547769e-11,3.171279161736598e-11,3.949272882819534e-11,0.9827873672564404,3.881393777820188e-11,0.9828261811942186,1803.072452545166,13727,55,0.00012312230550626442,False,CD,-1.879761814789602e-05,0.0002204224581328646,-0.43749036606592373,0.8992230977891484,0.9961810729102366
79,0.0013238383398301342,0.001302374949667351,0.0012597792193320735,0.0014041623862400124,0.00012026742353197156,WIDEN,True,-1.7632266719439637e-11,5.2443488777269917e-11,5.532825991116198e-11,0.9911503636319835,5.483961608043672e-11,0.9412052032480639,1677.203893661499,13727,55,0.00012026742353197156,False,CD,-1.8127127702424642e-05,0.00022341839678640914,-0.441566047965107,0.8972287474677155,0.9726992481617341
80,0.001323248108079176,0.0013055689031626692,0.0012597792193320735,0.0014041623862400124,0.00011725602220830467,WIDEN,False,-1.1125606396356589e-11,6.020460502079268e-11,6.122396249342495e-11,0.9595271813122831,5.874701568726629e-11,0.9595859283279704,1621.6850280761719,13727,56,0.00011725602220830467,True,CD,-1.6923097375645105e-05,0.00022657325600745987,-0.4512426445425743,0.8924012974801371,0.9272866043651378
81,0.0013217125918963066,0.0013079957253519642,0.001254969595899476,0.0014082052971103158,0.00012040176820389793,TRANSLATE_TRAP_Y_NEG,True,-2.894379815742624e-11,4.5744520568747023e-11,5.413228808984847e-11,0.9966118115704042,5.394987430948647e-11,0.9466657614447137,3849.269151687622,13727,56,0.00012040176820389793,False,CD,-1.6905738036538623e-05,0.00022957181452035443,-0.4635688391353995,0.8860609072635273,0.9999520469687152
82,0.001320401886662813,0.0013105019528809455,0.001254969595899476,0.0014082052971103158,0.0001175896600392258,WIDEN,True,-2.4706211595391126e-11,4.724127595963435e-11,5.331167832370845e-11,0.9999512921593711,5.331008157826916e-11,0.9500046022409492,1632.6005458831787,13727,57,0.0001175896600392258,True,CD,-1.663536790180839e-05,0.00023251034250566156,-0.4702740729466336,0.882520422603461,0.9950624721731408
83,0.0013190818444513645,0.0013123607358670696,0.0012500970625342821,0.001412172162935332,0.00012133103934917266,WIDEN,False,-2.4882209483488536e-11,3.503723384294843e-11,4.2973621026690984e-11,0.9928779631263521,4.266855419110785e-11,0.9929206316805432,1621.80757522583,13727,57,0.00012133103934917266,False,CD,-1.671119818537879e-05,0.00023488801481947195,-0.47792420817541237,0.8784010765236526,0.9995411268462914
84,0.00131779245110935,0.0013136787522646342,0.0012500970625342821,0.001412172162935332,0.00011951408946177086,WIDEN,False,-2.430449190515824e-11,2.484402379139879e-11,3.475534268160065e-11,0.9635927593753424,3.3490960150358556e-11,0.9636262503354928,1614.8309707641602,13727,58,0.00011951408946177086,True,CD,-1.705006704340637e-05,0.0002367802950228149,-0.4828074018941984,0.8757265627318728,0.9833984348774628
85,0.0013166367053716558,0.0013146185990485601,0.0012451628214611907,0.0014160620049502763,0.00012409383821200385,WIDEN,False,-2.1785293913749742e-11,1.7715694511289058e-11,2.8079260369991565e-11,0.9282024784474734,2.6064167270876538e-11,0.9282285426147443,1951.7836570739746,13727,58,0.00012409383821200385,False,CD,-1.7482096829202892e-05,0.00023827023601895192,-0.48547466821805974,0.8742507343528925,0.9575589729959695
86,0.0013156570358945122,0.0013151896162639312,0.0012451628214611907,0.0014160620049502763,0.000123063695165797,WIDEN,False,-1.8466334594043368e-11,1.0763420933297184e-11,2.137420743621861e-11,0.8604408939024817,1.8392102593770913e-11,0.8604592860050755,2123.6891746520996,13727,58,0.000123063695165797,False,CD,-1.797129000881718e-05,0.00023934066157925267,-0.48685597592811236,0.8734822600952423,0.9027319836848149
87,0.0013134840797204368,0.001315982517147467,0.0012451628214611907,0.0014160620049502763,0.00012117631042823206,MOVE_C_DOWN,True,-4.095925891828813e-11,1.4945829544445032e-11,4.3600902650139844e-11,0.7569228699777417,3.300327729043396e-11,0.7069558732550321,2043.558120727539,13727,58,0.00012117631042823206,False,CD,-1.931546399738663e-05,0.00024131514636714494,-0.48707360169920905,0.8733609256921037,0.8152553935111879
88,0.0013111880931509134,0.0013177164477129102,0.0012451628214611907,0.0014160620049502763,0.0001184533035842807,STRENGTHEN_TRAP,True,-4.3278327237332867e-11,3.2683821157387215e-11,5.423325339595385e-11,0.9143050398935626,4.958665121478517e-11,0.8643546265447773,1650.73561668396,13727,59,0.0001184533035842807,True,CD,-2.0212584563903877e-05,0.00024419097240497054,-0.48556481185401495,0.8742006711774959,0.9512607507993593
89,0.001307591496704097,0.0013175285110316216,0.0012401680901303537,0.0014198738633948362,0.00012255809603758878,STRENGTHEN_TRAP,False,-6.779424585147384e-11,-3.542522983658398e-12,6.788673831949673e-11,0.4417448839678685,2.99890610867871e-11,0.4417748730289553,1823.4169483184814,13727,59,0.00012255809603758878,False,CD,-2.326244950058299e-05,0.0002462165713062022,-0.48796471111245204,0.8728633574087934,0.5340087263858544
90,0.0013051824175723615,0.0013220590986251308,0.0012401680901303537,0.0014198738633948362,0.00011745037666899749,NARROW,True,-4.541007181306309e-11,8.539956420128055e-11,9.672207704467572e-11,0.9999287644356829,9.671618692169994e-11,0.9500254806226045,1661.0312461853027,13727,60,0.00011745037666899749,True,CD,-2.2579079438464706e-05,0.0002516112971946803,-0.4792056676633657,0.8777026421729178,0.9901720035604575
91,0.0013017635383144246,0.0013184121600112808,0.0012351141009169894,0.001423606797749979,0.00012453135875903124,MOVE_C_UP,True,-6.444435576146975e-11,-6.874317334418656e-11,9.422684793061773e-11,-0.29652434260069016,-2.7940850662304215e-11,-0.34655228345135247,1683.4304332733154,13727,60,0.00012453135875903124,False,CD,-2.748811469050486e-05,0.0002506047415040877,-0.493934374693371,0.8694991854477387,-0.18998958185993256
92,0.0013003221102934762,0.001321117335476378,0.0012351141009169894,0.001423606797749979,0.00012147499480953218,NARROW,True,-2.7170278087739814e-11,5.0991356206920184e-11,5.77783905901344e-11,0.9999826304223689,5.7778386986524064e-11,0.9500404088093555,1743.4649467468262,13727,60,0.00012147499480953218,False,CD,-2.7057315423267944e-05,0.0002538616253851051,-0.4705614903819223,0.8823672046079016,0.9894943075228966
93,0.001299076811188843,0.0013227067786879172,0.0012351141009169894,0.001423606797749979,0.00011946565260377353,WIDEN,True,-2.3473335111826812e-11,2.996029870001931e-11,3.806070098495954e-11,0.9864902831941403,3.754749818350343e-11,0.9365278306923238,1655.3637981414795,13727,61,0.00011946565260377353,True,CD,-2.7112284642634367e-05,0.00025602666130040893,-0.4795869165949666,0.8774943814230097,0.9996993857546348
94,0.0012983367072216896,0.0013241773636967927,0.0012300021008173115,0.0014272598869700093,0.00012367548276362022,WIDEN,False,-1.3950631116610304e-11,2.7719874362175293e-11,3.103242728512416e-11,0.9992048624159109,3.1008751440726665e-11,0.9992358711673516,1666.9895648956299,13727,61,0.00012367548276362022,False,CD,-2.682406123930746e-05,0.00025776473996422055,-0.48409323947978283,0.8750164201247811,0.9841731709458249
95,0.0012976134325212696,0.0013245223740649722,0.0012300021008173115,0.0014272598869700093,0.00012298897809436145,WIDEN,False,-1.3633406912202292e-11,6.503292228510677e-12,1.5105051931161726e-11,0.8169380437137794,1.234070851288202e-11,0.8169503844222923,1661.9877815246582,13727,61,0.00012298897809436145,False,CD,-2.719435133991926e-05,0.0002585268654270219,-0.4891257805983068,0.8722132599038578,0.8872760336095562
96,0.0012968595259669567,0.001324914636777956,0.0012300021008173115,0.0014272598869700093,0.00012224755839898961,STRENGTHEN_TRAP,True,-1.4210803755135547e-11,7.393977944322856e-12,1.6019296276931375e-11,0.8364864000314307,1.3400759960127254e-11,0.7864998007913908,1821.7637538909912,13727,61,0.00012224755839898961,False,CD,-2.7559169807758537e-05,0.00025935082155411574,-0.4892016827189882,0.8721706906465779,0.9036161022605924
97,0.0012954250519205388,0.0013255303136719364,0.0012300021008173115,0.0014272598869700093,0.00012095068670521577,MOVE_C_DOWN,True,-2.7039198755948568e-11,1.1605236042683207e-11,2.9424475746733096e-11,0.7936724772505178,2.335419023018469e-11,0.7436958314407479,1678.4000396728516,13727,61,0.00012095068670521577,False,CD,-2.8328258153495045e-05,0.00026081125777577323,-0.4894365825253065,0.8720388934468275,0.8711066190170129
98,0.00129421025554565,0.0013265388931968688,0.0012300021008173115,0.0014272598869700093,0.00011944624615393847,STRENGTHEN_TRAP,True,-2.289837220174883e-11,1.9011276156531375e-11,2.976178876663367e-11,0.9335343545844859,2.7784585801893747e-11,0.8835621391702877,1702.8253078460693,13727,62,0.00011944624615393847,True,CD,-2.86786504938088e-05,0.00026246892357421805,-0.4893313095741942,0.8720979701091064,0.9755226951814921
99,0.0012926926984252786,0.001325581103450802,0.0012248333511408523,0.0014308322297098249,0.00012523054975788122,TRANSLATE_TRAP_Y_POS,True,-2.8605277804570412e-11,-1.805391137956672e-11,3.382610876790142e-11,-0.04923055424430928,-1.6653273131263205e-12,-0.0992322195716224,3606.238603591919,13727,62,0.00012523054975788122,False,CD,-3.046536029006376e-05,0.00026264964331795614,-0.49144651709776876,0.8709077567862696,0.09348557358768982
100,0.001291928608592473,0.0013278898360040944,0.0012248333511408523,0.0014308322297098249,0.00012287762202437384,NARROW,True,-1.4402754032549483e-11,4.3518583371161794e-11,4.584000896983857e-11,0.9827581867012594,4.505062685175473e-11,0.9328032373281111,1680.2983283996582,13727,62,0.00012287762202437384,False,CD,-2.9654094300058103e-05,0.000265128514666176,-0.4842093924876323,0.8749521496772157,0.94167881329474
101,0.001255812151986244,0.001399273318422721,0.0012248333511408523,0.0014308322297098249,4.422274283042296e-05,TOGGLE_B_ON,True,-1.8796050840195616e-09,3.7150033274839753e-09,4.163431877080396e-09,0.9988847656000538,4.1587896735140095e-09,0.9530435552735677,1679.0506839752197,13727,63,4.422274283042296e-05,True,BCD,-6.294048529133245e-06,0.00034541404230586443,-0.49307715207982133,0.8699855872914644,0.9229430584412018
102,0.0012316487360037218,0.0013230097666561294,0.0012196091271992526,0.0014343229445473082,0.00011196238543545717,TOGGLE_B_OFF,True,-1.0583136262616016e-09,-3.3402047160910923e-09,3.503854345849461e-09,-0.41858458812384935,-1.4666598467879447e-09,-0.4700512479706373,1576.6222476959229,13727,64,0.00011196238543545717,True,CD,-7.844985940581015e-05,0.00030655977707838827,-0.7393303143727221,0.673342918762448,-0.47728472257614063
103,0.0012115669101121242,0.0013673928710055902,0.0012143307179915987,0.0014377311702008062,7.039257750409747e-05,TOGGLE_A_ON,True,-3.785335001502756e-10,8.366018074066521e-10,9.182538836792881e-10,0.9994769928288874,9.177746297902147e-10,0.9503947674586775,1573.3721256256104,13727,65,7.039257750409747e-05,True,ACD,-5.9031519170754155e-05,0.0003605725108073998,-0.38258497209980197,0.9239203099410315,0.8885924610564856
104,0.0011722928884001303,0.0012976967361158717,0.0012089994258863796,0.001441056065741637,0.0001479840102341407,MOVE_A_RIGHT,True,-3.1558453964962447e-09,-5.6003998790408635e-09,6.4283620753460565e-09,-0.4288521777812378,-2.7568175044306515e-09,-0.4816089952856684,1574.3050575256348,13727,65,0.0001479840102341407,False,ACD,-0.00013776186611377762,0.00034158061760785675,-0.576487110929469,0.8171062421315087,-0.2022876309404267
105,0.0011519406557634498,0.0013750646017107195,0.0012089994258863796,0.001441056065741637,8.723861858652524e-05,NARROW,True,-9.043499434766991e-10,3.4378353533317904e-09,3.5547940498549596e-09,0.99997888783309,3.5547200004285365e-09,0.9535336078335184,1586.709976196289,13727,66,8.723861858652524e-05,True,ACD,-8.576044490213547e-05,0.00042645055397963125,-0.24815541852736997,0.9687202321897993,0.6902975238510237
106,0.001101305559552071,0.0013131284488461412,0.0012036165663001485,0.0014442968108015776,0.0001663510783850755,MOVE_C_UP,True,-4.3196270682930655e-09,-5.283708384850424e-09,6.824716280203069e-09,-0.22253463495473957,-1.5187359686192926e-09,-0.27405337092335885,1653.6228656768799,13727,66,0.0001663510783850755,False,ACD,-0.00016402001757835388,0.0004508327131277302,-0.6139378218335555,0.7893543886749672,0.23928421940485586
107,0.0010986025976765959,0.0013604839195111,0.0012036165663001485,0.0014442968108015776,0.00013435971997789332,TOGGLE_A_OFF,True,-5.094963102555785e-11,8.926295924899291e-10,8.94082465039091e-10,0.9274763791378018,8.292412948014354e-10,0.8783056204326032,1623.809814453125,13727,66,0.00013435971997789332,False,CD,-0.00012147828703593349,0.00048357160834359427,-0.42612428711159817,0.9046646295352139,0.40674080245866767
108,0.001104267928778129,0.0013735627460869947,0.0012036165663001485,0.0014442968108015776,0.00012195679435164088,WIDEN,True,1.0678897541237945e-10,2.4653007293043335e-10,2.6866514870505735e-10,0.47848905033378736,1.2855381035071897e-10,0.4286176041441381,1682.7027797698975,13727,66,0.00012195679435164088,False,CD,-0.000107240069308762,0.0004826585764902511,-0.6155568568647279,0.7880924793227678,-0.044604061561707264
109,0.001037612181040985,0.001329324625720028,0.0012036165663001485,0.0014442968108015776,0.00020193082792802807,TOGGLE_A_ON,True,-2.5320278913241465e-09,-1.680457551397257e-09,3.038931197722559e-09,0.12817364544782733,3.8951101805087795e-10,0.0785631564658782,1625.7834434509277,13727,66,0.00020193082792802807,False,ACD,-0.00016761140276620552,0.0005632923463529854,-0.6552093207356007,0.7554473813704233,0.7327119485036867
110,0.0010327628556711624,0.0013485657199761103,0.0012036165663001485,0.0014442968108015776,0.0001958454293220222,TOGGLE_A_OFF,True,-9.140762974020576e-11,3.626860821716185e-10,3.740274708837849e-10,0.894346193408967,3.3451093916148967e-10,0.8446807043481285,1613.661766052246,13727,66,0.0001958454293220222,False,CD,-0.00014928438050458147,0.0005758976630141345,-0.6523730381668499,0.7578980268290854,0.3690067576625066
111,0.0010317184818752693,0.0013654300128472885,0.0012036165663001485,0.0014442968108015776,0.00018912673858686814,WIDEN,True,-1.96859822686762e-11,3.1788443155248145e-10,3.1849340608767227e-10,0.7406955270508192,2.3590738197984607e-10,0.690931434432799,1832.643747329712,13727,66,0.00018912673858686814,False,CD,-0.0001326815498088778,0.0005807447340726837,-0.7163360185372498,0.6977554790502172,0.17980047468789287
112,0.0009889749271915257,0.0013927517406844504,0.0012036165663001485,0.0014442968108015776,0.00022074403161267088,TOGGLE_B_ON,True,-8.056970242965776e-10,5.150024367396456e-10,9.562296820367649e-10,0.9907745232444833,9.474089981067228e-10,0.94172193224259,1741.7762279510498,13727,66,0.00022074403161267088,False,BCD,-0.00010704072995686273,0.0006433754727897436,-0.7618204858245344,0.6477881963855189,0.8217115218109171
113,0.0009099012651126702,0.0014048907672285752,0.0012036165663001485,0.0014442968108015776,0.000296346949405133,TOGGLE_A_ON,True,-8.25064123371288e-09,1.266600664608304e-09,8.347296449212127e-09,0.9549087242744112,7.970907158366199e-09,0.9128796314327774,1796.2496280670166,13727,66,0.000296346949405133,False,ABCD,-8.207522592675086e-05,0.0007432520728901467,-0.898800900867103,0.4383570925612139,0.9048963925154684
114,0.0008958903588701008,0.0014836543026130532,0.0012036165663001485,0.0014442968108015776,0.00031023286560416367,TOGGLE_A_ON,False,-2.252798596236591e-09,1.2664304426623931e-08,1.286311424676824e-08,0.27455755693195866,3.5316654966869165e-09,0.2780892224286456,1679.2232990264893,13727,66,0.00031023286560416367,False,ABCD,-2.470829636736611e-06,0.0007343113023720413,-0.9947938159300123,0.10190811442448812,-0.08882049240070465
115,0.0008892702403937356,0.001403928685454207,0.0012036165663001485,0.0014442968108015776,0.0003169277491084077,MOVE_A_LEFT,True,-1.791176943370122e-08,-2.157101685728204e-07,2.1645255440849078e-07,0.329217373898223,7.125994186514292e-08,0.3504773157633659,1757.667064666748,13727,66,0.0003169277491084077,False,ABCD,-7.652863263592647e-05,0.000768071256648348,-0.968258796682295,-0.24994980025067864,0.41889496987613595
116,0.0008219827654667649,0.0014471998735353345,0.0012036165663001485,0.0014442968108015776,0.00038164484237543524,PHASE_SHIFT_C_POS,True,-2.045571413125866e-09,1.3154648089680017e-09,2.432038254187416e-09,0.8496776959024506,2.066449509842278e-09,0.8017441454122928,1696.2270736694336,13727,66,0.00038164484237543524,False,ABCD,-9.82326059359586e-06,0.0008178280656532304,-0.9998708350814569,0.016072123432893933,0.5016696257853553
117,0.000808085458578253,0.0013684162149426636,0.0012036165663001485,0.0014442968108015776,0.00040274399064866694,TOGGLE_A_OFF,True,-1.8100433180307816e-09,-1.0261112886811402e-08,1.0419534274094735e-08,0.5640638103577288,5.877282768862639e-09,0.5199410931265914,1846.1291790008545,13727,66,0.00040274399064866694,False,BCD,-7.003264456424544e-05,0.0008766044405324911,-0.9111636352300476,-0.41204469397429067,0.7140854942010383
118,0.0008056552930254861,0.0013731727415332096,0.0012036165663001485,0.0014442968108015776,0.0004042670011955986,TOGGLE_B_OFF,True,-4.5807541485477675e-11,8.965841396078216e-11,1.0068248135056434e-10,0.1873291419075478,1.8860950165665813e-11,0.13734800285771348,1754.8208236694336,13727,66,0.0004042670011955986,False,CD,-6.474903155131772e-05,0.0008756623085361443,-0.9599718710446375,-0.28009642411350066,-0.1455021960215045
119,0.0008028623341084712,0.0013741101449943462,0.0012036165663001485,0.0014442968108015776,0.0004068539328514311,WIDEN,True,-5.264603529283277e-11,1.7669638961739543e-11,5.553216341087764e-11,0.8085546723810233,4.4901598747964e-11,0.7585995739797712,4319.331884384155,13727,66,0.0004068539328514311,False,CD,-6.236168626475242e-05,0.0008777146632171246,-0.9537679648149169,-0.3005439556718924,0.5838712477002653
120,0.0007997778984919602,0.0013733518422120888,0.0012036165663001485,0.0014442968108015776,0.0004100229971419357,WIDEN,False,-5.814024163981081e-11,-1.429367069962022e-11,5.987150173500555e-11,0.9967715866554808,5.967920855143452e-11,0.9968312658640323,1859.4534397125244,13727,66,0.0004100229971419357,False,CD,-6.116357991939764e-05,0.0008811934797193676,-0.9488460062713834,-0.31573922211365557,0.924482614063012
121,0.0007966173610848206,0.001372080291355719,0.0012036165663001485,0.0014442968108015776,0.0004133564789945631,WIDEN,False,-5.957472659799344e-11,-2.396816897422502e-11,6.421542784411446e-11,0.9988752530859584,6.414420061506601e-11,0.9989393972865734,1656.2445163726807,13727,66,0.0004133564789945631,False,CD,-6.030575106970808e-05,0.0008850806779873429,-0.9442781869467934,-0.32914845534281906,0.9665441384566967
122,0.0007934716500790749,0.0013705553537353041,0.0012036165663001485,0.0014442968108015776,0.0004167213155002376,WIDEN,False,-5.929525551580231e-11,-2.874439695286827e-11,6.589512639693734e-11,0.994752667128562,6.555034748679426e-11,0.9948182174760488,1631.277322769165,13727,66,0.0004167213155002376,False,CD,-5.9626442337399525e-05,0.0008891146579909838,-0.9396991921012187,-0.3420020882427503,0.9799465961033232
123,0.0007903234232016574,0.0013687069514722837,0.0012036165663001485,0.0014442968108015776,0.000420148841442711,WIDEN,False,-5.93426785795728e-11,-3.4841561822304223e-11,6.88148816115812e-11,0.9857978186152347,6.783854597878098e-11,0.9858656571612135,1384.6564292907715,13727,66,0.000420148841442711,False,CD,-5.9166180335050314e-05,0.0008933678486922821,-0.9351025574969931,-0.3543772099905211,0.9913368487902069
124,0.0007871025387908916,0.0013664295600001185,0.0012036165663001485,0.0014442968108015776,0.0004237301545315832,WIDEN,False,-6.071224081754192e-11,-4.2927817909812144e-11,7.435572429601632e-11,0.9712155618125304,7.22164077616949e-11,0.9712877782202921,1417.6676273345947,13727,66,0.0004237301545315832,False,CD,-5.8957422847028494e-05,0.0008979894347668176,-0.9305091835058504,-0.3662685618632279,0.998276360440711
125,0.0007837846962908177,0.0013636352434966057,0.0012036165663001485,0.0014442968108015776,0.0004275103361506318,WIDEN,False,-6.253985774400166e-11,-5.2671625195442524e-11,8.17651142442126e-11,0.9515736043202163,7.780647604262397e-11,0.9516514107962589,1302.520990371704,13727,66,0.0004275103361506318,False,CD,-5.904164598653918e-05,0.0009030768009287507,-0.9258529497691154,-0.37788399728211486,0.9999147447954274
126,0.0007642914434037845,0.0013505769232618448,0.0012036165663001485,0.0014442968108015776,0.00044921039717304577,TRANSLATE_TRAP_X_NEG,True,-3.6743916038683045e-10,-2.461435375064866e-10,4.4226482749817e-10,0.9819283766504174,4.342733660432316e-10,0.9323626500164606,1280.4691791534424,13727,66,0.00044921039717304577,False,CD,-5.598354963164365e-05,0.0009302514503386224,-0.9211229865424868,-0.38927168361072856,0.9864836460046253
127,0.0007566231554064183,0.0013458368095422347,0.0012036165663001485,0.0014442968108015776,0.0004577089481650986,WIDEN,True,-1.445438234288176e-10,-8.934903863224605e-11,1.699298902369086e-10,0.9974208592446638,1.6949261455230803e-10,0.9475903518592161,1171.9682216644287,13727,66,0.0004577089481650986,False,CD,-5.4069334388763166e-05,0.000940466450567773,-0.8861160022357251,-0.46346351591020674,0.9744100138715956
128,0.0007476182343536622,0.001341613162953625,0.0012036165663001485,0.0014442968108015776,0.0004674167415415716,WIDEN,False,-1.6973876295296984e-10,-7.961386256481367e-11,1.8748230519516643e-10,0.9969726985442933,1.869157367124284e-10,0.9971596142810057,1158.9176654815674,13727,66,0.0004674167415415716,False,CD,-5.060985110736467e-05,0.0009511960211594151,-0.8696344738495766,-0.49369614328090433,0.9328249801970161
129,0.0007376558844883608,0.0013384165614066035,0.0012036165663001485,0.0014442968108015776,0.00047783886845509746,WIDEN,False,-1.8778587089593192e-10,-6.025451961945892e-11,1.972159741063471e-10,0.9691896779889326,1.9114065562808222e-10,0.9693808186445607,1141.5328979492188,13727,66,0.00047783886845509746,False,CD,-4.550473670790326e-05,0.0009615762356907093,-0.8476016671271897,-0.5306330312761067,0.8664974341321504
130,0.0007266970960357755,0.0013357174983637536,0.0012036165663001485,0.0014442968108015776,0.000489123346617927,WIDEN,False,-2.0656829576932077e-10,-5.087613976195808e-11,2.1274125696281829e-10,0.9330647576117844,1.9850230242679602e-10,0.9332632599142112,1130.7201385498047,13727,66,0.000489123346617927,False,CD,-3.90883538175246e-05,0.0009719597743056673,-0.8199749663894177,-0.572399383728462,0.8152605953401206
131,0.0007163105688612134,0.0013335773926624525,0.0012036165663001485,0.0014442968108015776,0.0004997258495345442,WIDEN,False,-1.9578142480748993e-10,-4.0340042094678464e-11,1.9989418524772366e-10,0.8947604812050398,1.7885831214282382e-10,0.8949393395171826,1166.985273361206,13727,66,0.0004997258495345442,False,CD,-3.2524705996664534e-05,0.0009811086446376595,-0.7862410782296095,-0.6179198709398963,0.7783438025584635
132,0.0007063713180513012,0.001331264405867139,0.0012036165663001485,0.0014442968108015776,0.0005099305457327701,WIDEN,False,-1.8735046395963967e-10,-4.359877394404294e-11,1.9235656847458056e-10,0.8813285387918455,1.6953021474925445e-10,0.8814980690065948,1171.5128421783447,13727,66,0.0005099305457327701,False,CD,-2.6233992604984444e-05,0.0009897813564800845,-0.7513023796003674,-0.659958130796834,0.7806981407605719
133,0.0006962977789502539,0.0013279909178683614,0.0012036165663001485,0.0014442968108015776,0.0005204799830244774,WIDEN,False,-1.8988173861299882e-10,-6.17037950914434e-11,1.996557862607093e-10,0.8964751911007491,1.7898735561763082e-10,0.8966541784563667,1176.5587329864502,13727,66,0.0005204799830244774,False,CD,-2.024363375842305e-05,0.0009990560793566227,-0.7156572148430459,-0.6984516811069404,0.8181276251307074
134,0.0006876583249430095,0.0013241327384063259,0.0012036165663001485,0.0014442968108015776,0.0005297662797111222,WIDEN,False,-1.6284987144111507e-10,-7.272496952496975e-11,1.7835078306751412e-10,0.9187162992347634,1.6385469010170795e-10,0.9188801539248651,1166.1171913146973,13727,66,0.0005297662797111222,False,CD,-1.5561700135216603e-05,0.0010076638880184932,-0.6778446811025426,-0.7352051334824876,0.8636350467450126
135,0.0006763348464937643,0.0013193906707982045,0.0012036165663001485,0.0014442968108015776,0.0005418741143960658,WIDEN,False,-2.1344254025538626e-10,-8.938586856300311e-11,2.314034388020944e-10,0.8896913244841154,2.0587852164933878e-10,0.8898972030057647,1155.0819873809814,13727,66,0.0005418741143960658,False,CD,-8.986703515722835e-06,0.0010183599326133155,-0.6442826814826393,-0.7647874386648528,0.8372774947206642
136,0.0006712779062429809,0.0013107269468606308,0.0012036165663001485,0.0014442968108015776,0.0005488400108817357,WIDEN,False,-9.532107804902262e-11,-1.6330734885006844e-10,1.8909097839100047e-10,0.9937008052262459,1.8790085118896106e-10,0.9938887060774348,1156.7118167877197,13727,66,0.0005488400108817357,False,CD,-9.53353401706629e-06,0.0010286142731673591,-0.5976734930899086,-0.8017396058919062,0.9991300328442511
137,0.0006707666168284393,0.001300428617018698,0.0012036165663001485,0.0014442968108015776,0.0005519303632111132,PHASE_SHIFT_C_POS,True,-9.637578411492954e-12,-1.9411894425396384e-10,1.943580392880912e-10,0.8429303620305884,1.6383113535102806e-10,0.7930941931659393,1151.1318683624268,13727,66,0.0005519303632111132,False,CD,-1.4557071520802684e-05,0.001037898753600083,-0.579152400266293,-0.815219293971747,0.878903048895796
138,0.000655207995587979,0.0012966247134170094,0.0012036165663001485,0.0014442968108015776,0.0005679427865344554,PHASE_SHIFT_C_POS,False,-2.932731011340975e-10,-7.170189366017185e-11,3.0191103557714677e-10,0.7573751047719194,2.2866065957714502e-10,0.7576037654314965,1154.9575328826904,13727,66,0.0005679427865344554,False,CD,-3.0833787395895197e-06,0.0010493279889324926,-0.5806305931088693,-0.8141671292456161,0.6875120336070013
139,0.0005756798343730378,0.0013053006326057945,0.0012036165663001485,0.0014442968108015776,0.0006431364372015739,TOGGLE_B_ON,True,-1.228652313897516e-08,1.3403664844807307e-09,1.2359418803377902e-08,0.4123441158366193,5.096334031077465e-09,0.36744044986769675,1139.394998550415,13727,66,0.0006431364372015739,False,BCD,7.137665693798627e-05,0.0010763844292528233,-0.5087122330165001,-0.8609366201860426,0.3353426110334474
140,0.0005840619831865064,0.0012257409720907515,0.0012036165663001485,0.0014442968108015776,0.0006569737712357408,TOGGLE_B_ON,False,3.855257406326572e-10,-3.659240336470789e-09,3.6794931630246592e-09,0.9774415671366263,3.5964905409768922e-09,0.9810380576776032,1166.8946743011475,13727,66,0.0006569737712357408,False,BCD,3.452874000814865e-05,0.0011392082783418624,-0.10762898164391022,-0.9941911296669323,0.9216279859485196
141,0.0005985686309112405,0.0011470672333224023,0.0012036165663001485,0.0014442968108015776,0.0006741130660703954,MOVE_C_RIGHT,True,6.558498958018786e-10,-3.5568633327732874e-09,3.616824000950341e-09,0.9538600999417798,3.44994505687842e-09,0.9073100449986582,1185.220718383789,13727,66,0.0006741130660703954,False,BCD,4.181232296975024e-06,0.001209950810656254,-0.1223064859348679,-0.9924923795658549,0.95561459644826
142,0.0005863005261478284,0.00106801349460301,0.0012036165663001485,0.0014442968108015776,0.0007229579707553767,TOGGLE_A_ON,True,-1.9526147955320855e-09,-1.2582342818425721e-08,1.2732951556497816e-08,0.9983099016766599,1.271143261473091e-08,0.9610213342913907,1172.4371910095215,13727,66,0.0007229579707553767,False,ABCD,1.4934201040448425e-05,0.001287502939193851,-0.09566598400520605,-0.9954134917220661,0.9734096441116006
143,0.0005982573081703042,0.0009889120700667415,0.0012036165663001485,0.0014442968108015776,0.0007575190383730625,TOGGLE_A_ON,False,3.6148908868767647e-09,-2.3914713687815463e-08,2.418637978065781e-08,0.9999985550189163,2.4186345831795096e-08,1.0241849008507113,1179.4016361236572,13727,66,0.0007575190383730625,False,ABCD,1.6818567983033206e-05,0.00136454676645216,0.15111623618859726,-0.9885160004563395,0.9928382468983695
144,0.0006222725095763565,0.0009126017162382684,0.0012036165663001485,0.0014442968108015776,0.0007878201481751795,MOVE_A_RIGHT,True,1.5601171493042066e-09,-4.9574055059671225e-09,5.1970986973643505e-09,0.9988104037239569,5.190917246918141e-09,0.9540013209708751,3423.593044281006,13727,66,0.0007878201481751795,False,ABCD,2.1658835764870696e-05,0.0014408526820903539,0.34634272144028344,-0.9381080531065412,0.9879114068952519
145,0.0007005797679572978,0.000928971605818241,0.0012036165663001485,0.0014442968108015776,0.0007201431020138594,TOGGLE_A_OFF,True,1.1087633077958415e-08,2.317835318744922e-09,1.1327310706264703e-08,0.35445730996381375,4.015048436524203e-09,0.308472358400338,1175.6882667541504,13727,66,0.0007201431020138594,False,BCD,-5.5176585811089675e-05,0.001464226131692847,0.538295138032608,-0.8427563968125469,0.3078129320360896
146,0.00077335387561991,0.0009245956260743066,0.0012036165663001485,0.0014442968108015776,0.0006746964535243444,TOGGLE_B_OFF,True,1.3717596120264907e-09,-8.248527489481231e-11,1.3742373353105865e-09,0.30491030448764656,4.190194292581474e-10,0.2553293239169047,1157.423734664917,13727,66,0.0006746964535243444,False,CD,-0.00011340767615168108,0.0015200892929020788,0.24719641065876558,-0.9689653938895315,0.658398682562539
147,0.0008291183873944475,0.0008672343218130934,0.0012036165663001485,0.0014442968108015776,0.0006879316842545275,MOVE_C_LEFT,True,2.8637246134189374e-09,-2.9457261194144364e-09,4.108311214124592e-09,0.8089197267626742,3.3232947937054226e-09,0.7622430215563796,1149.7564315795898,13727,66,0.0006879316842545275,False,CD,-0.00011124337848547134,0.0016316474092338063,0.14231541756573346,-0.9898213585902009,0.9862135964574087
148,0.0008822153290590967,0.0008073952477405374,0.0012036165663001485,0.0014442968108015776,0.0007134019598583082,TOGGLE_B_ON,True,6.598470114161455e-09,-7.436329279012587e-09,9.941770516028911e-09,0.9565551269760777,9.509852514882188e-09,0.9160649794909599,1150.078296661377,13727,66,0.0007134019598583082,False,BCD,-8.457842535191355e-05,0.0017318784718171117,0.4168000343591349,-0.9089982020644903,0.8950141990192186
149,0.0009613962188196487,0.0007959765483081454,0.0012036165663001485,0.0014442968108015776,0.0006920909329655511,TOGGLE_C_OFF,True,9.409281934635383e-09,-1.3569153189759297e-09,9.506619047186404e-09,0.8023620529636131,7.627751177805524e-09,0.7599898041414186,1165.6875610351562,13727,66,0.0006920909329655511,False,BD,-9.353546518389781e-05,0.0018344354158621456,0.7089579991578449,-0.7052507039544613,0.9998568154879931
150,0.00103563516105969,0.0007661674984225852,0.0012036165663001485,0.0014442968108015776,0.0006986251618816519,TOGGLE_A_ON,True,1.866052450255572e-08,-7.492732102632031e-09,2.0108610321757568e-08,0.9834955863295534,1.9776730482165054e-08,0.9532723168117183,1168.9887046813965,13727,66,0.0006986251618816519,False,ABD,-6.427093689526266e-05,0.0019274927674870633,0.8452533627876454,-0.5343657480549864,0.8831943687985871
151,0.0011098390597287988,0.0007362713210364272,0.0012036165663001485,0.0014442968108015776,0.0007142088734368404,MOVE_B_LEFT,True,2.250155870755025e-08,-9.065704129451923e-09,2.425916601270728e-08,0.984127268939632,2.3874107778966025e-08,0.958001376718598,1165.1709079742432,13727,66,0.0007142088734368404,False,ABD,-2.0048462376196625e-05,0.0020022647942918356,0.9791446953572512,-0.20316413451161044,0.7799125550703729
152,0.0011819403774249854,0.0007016101037110999,0.0012036165663001485,0.0014442968108015776,0.0007430029623447331,MOVE_A_RIGHT,True,2.70382543976266e-09,-1.2998081612358491e-09,3.00002887731486e-09,0.8012125576594152,2.4036616110581008e-09,0.7536162192704733,1206.7358493804932,13727,66,0.0007430029623447331,False,ABD,3.796896054700813e-05,0.002056316693470296,0.9813632728963657,0.19216171993439077,0.6398330556893573
153,0.0011263171695818682,0.0007431403272210621,0.0012036165663001485,0.0014442968108015776,0.0007054045727098768,WIDEN,True,-1.0484727667742102e-09,7.828262704850366e-10,1.308477020214218e-09,-0.30833024981168683,-4.0344335484575125e-10,-0.3587336931665326,1264.5540237426758,13727,66,0.0007054045727098768,False,ABD,-2.144372494031335e-05,0.002021038017291656,0.8161874678606468,0.5777871730189764,-0.5557346288610648
154,0.0011825118558987816,0.0007247627211933298,0.0012036165663001485,0.0014442968108015776,0.0007198435350195872,NARROW,True,1.0592448822239855e-09,-3.46409712523747e-10,1.1144502723085002e-09,0.8528024919864611,9.50406822222171e-10,0.8037528988086832,1147.0580101013184,13727,66,0.0007198435350195872,False,ABD,1.726920920414488e-05,0.002066035940034615,0.9728866898093523,0.231282270807367,0.7187650631160991
155,0.001254476781420728,0.0006898192025579563,0.0012036165663001485,0.0014442968108015776,0.0007561899383244443,TRANSLATE_TRAP_X_POS,True,2.4720516404718795e-09,-1.2003372745809513e-09,2.748062751450217e-09,0.5479663925962304,1.5058465805066392e-09,0.49947223917673705,1142.5611972808838,13727,66,0.0007561899383244443,False,ABD,8.270769506238851e-05,0.002107069868754047,0.8583079490495378,0.5131349380001164,0.5341306072199637
156,0.0012558311382794795,0.0007020673191558255,0.0012036165663001485,0.0014442968108015776,0.0007440638277699679,MOVE_A_LEFT,True,2.5529025346752498e-11,2.3087155874506043e-10,2.3227872862689993e-10,0.871145364961911,2.023494089679344e-10,0.8213477143708788,1155.107021331787,13727,66,0.0007440638277699679,False,ABD,7.307503611711096e-05,0.0021135028686954374,0.5837891708904103,0.8119052924751995,0.6299567569027872
157,0.0012613430892809963,0.0007082314790764867,0.0012036165663001485,0.0014442968108015776,0.0007383254865051229,WIDEN,True,1.0389782863987219e-10,1.1619167713381223e-10,1.5586938323881414e-10,0.9967571993542443,1.5536492665939316e-10,0.9469125642809036,1148.1685638427734,13727,66,0.0007383254865051229,False,ABD,7.093819584052863e-05,0.002120272588431856,0.6044874075793546,0.7966146961210999,0.968189351262119
158,0.0012618311440061687,0.000720642020466567,0.0012036165663001485,0.0014442968108015776,0.0007259925568711421,MOVE_C_UP,True,9.199614834906817e-12,2.3393319394888816e-10,2.3411401526657635e-10,0.824002606414118,1.9291138278034e-10,0.7741955177968983,1157.8149795532227,13727,66,0.0007259925568711421,False,ABD,6.094253937694624e-05,0.0021266017372304456,0.5985229713804096,0.8011056439247448,0.5999358532799983
159,0.0012874949564414236,0.0007238165264512582,0.0012036165663001485,0.0014442968108015776,0.0007253464168727996,MOVE_C_UP,False,4.837514676582184e-10,5.983802808169591e-11,4.87438275134592e-10,0.7131452947659221,3.476150255463461e-10,0.7134929097914685,1193.857192993164,13727,66,0.0007253464168727996,False,ABD,7.346315141777715e-05,0.0021459769633363477,0.6216960484376682,0.7832585929021622,0.8630684315152861
160,0.0013282653289806024,0.0007494877158632913,0.0012036165663001485,0.0014442968108015776,0.0007059015458594269,TOGGLE_C_ON,True,7.685034171192212e-10,4.838905203945335e-10,9.081561197567367e-10,0.9036264911889632,8.206348315740551e-10,0.8544471260205372,1184.2126846313477,13727,66,0.0007059015458594269,False,ABCD,8.022597549640724e-05,0.0021860095376287766,0.5364509287932827,0.8439315143985008,0.9818724489539172
161,0.0013588795966923246,0.0007772645496425368,0.0012036165663001485,0.0014442968108015776,0.0006848639616986023,PHASE_SHIFT_B_POS,True,5.770653512290654e-10,5.235809816451737e-10,7.791928284639485e-10,0.9221186621207391,7.185091706359129e-10,0.872837171291375,1177.170991897583,13727,66,0.0006848639616986023,False,ABCD,8.265177492627142e-05,0.0022203058953581697,0.42293464646126533,0.906160187174888,0.9948499492889655
162,0.001434866192221009,0.0008022852870409451,0.0012036165663001485,0.0014442968108015776,0.0006823893215240016,PHASE_SHIFT_B_POS,False,2.2574477273565408e-09,7.433285618843066e-10,2.376679951667915e-09,0.61203629180599,1.454614996464762e-09,0.6134909068024547,1160.1057052612305,13727,66,0.0006823893215240016,False,ABCD,0.00012701295567480315,0.0022731446130999683,0.33399296302248427,0.9425755676069761,0.7946436575049651
163,0.0014392410067052084,0.0008821655787168575,0.0012036165663001485,0.0014442968108015776,0.0006095165288991621,TRANSLATE_TRAP_X_NEG,True,8.8337192216057e-11,1.612959979339839e-09,1.6153771554905037e-09,0.999795511571145,1.6150478293494805e-09,0.9514105594004945,1166.081190109253,13727,66,0.0006095165288991621,False,ABCD,9.029021718484908e-05,0.002329118407903425,0.03451272692606086,0.9994042583851835,0.9188355074277771
164,0.0014451706616815854,0.0009619455210072674,0.0012036165663001485,0.0014442968108015776,0.0005394544909088987,ROTATE_INTERFERENCE_CW,True,6.404410141481527e-10,8.616748757339923e-09,8.640516410476993e-09,0.999283301676489,8.634324766134636e-09,0.9579176264426237,1169.8801517486572,13727,66,0.0005394544909088987,False,ABCD,6.608578308287346e-05,0.0023929895783787202,0.036321301726433615,0.99934016382765,0.9744532650305617
165,0.001439778421192368,0.0010417635875242311,0.0012036165663001485,0.0014442968108015776,0.0004666962797668135,MOVE_A_RIGHT,True,-5.861688438791874e-10,8.676701987694553e-09,8.696479247189479e-09,0.9987980964335579,8.686027916564889e-09,0.9574841243501226,1165.9119129180908,13727,66,0.0004666962797668135,False,ABCD,4.361755993704717e-05,0.0024606116520718125,-0.018421901274291608,0.9998303023771289,0.9802429388919021
166,0.001438993017274687,0.0011217597320606154,0.0012036165663001485,0.0014442968108015776,0.0003992896703348623,TRANSLATE_TRAP_X_POS,True,-2.3978402761592634e-11,2.4422844473858997e-09,2.4424021547939327e-09,0.9973178803106652,2.4358523372031664e-09,0.9497537326478682,1158.301591873169,13727,66,0.0003992896703348623,False,ABCD,3.9531972847577275e-05,1.98107366217154e-05,-0.08297397098322745,0.996551714733019,0.9992116936230453
167,0.0013614302895405149,0.0011413562436490255,0.0012036165663001485,0.0014442968108015776,0.00034158184739487685,TOGGLE_B_OFF,True,-1.2962933096786915e-08,3.2751332511356783e-09,1.337027046414799e-08,0.4725182350625215,6.317697074546004e-09,0.4288359321370675,1150.0334739685059,13727,66,0.00034158184739487685,False,ACD,-3.6211334582703146e-05,4.557134217544759e-05,-0.24223739028882757,0.9702170101292268,0.35358701608905135
168,0.001359135540484406,0.0011501813499560007,0.0012036165663001485,0.0014442968108015776,0.00033270115064383207,TOGGLE_A_OFF,True,-4.325500065902216e-11,1.663493348468539e-10,1.7188105272543199e-10,0.9493620972800455,1.6317830606021548e-10,0.8995252755861056,1155.5607318878174,13727,66,0.00033270115064383207,False,CD,-3.737553264784659e-05,5.553172872120332e-05,0.06514174593598425,0.9978760208234506,0.9933301096962142
169,0.001357750193407296,0.0011590492133123748,0.0012036165663001485,0.0014442968108015776,0.0003242273382652479,TOGGLE_A_OFF,False,-2.611317720072277e-11,1.6715528624053756e-10,1.6918270520851826e-10,0.9798844085852315,1.6578047492050706e-10,0.9800501890601521,1149.0199565887451,13727,66,0.0003242273382652479,False,CD,-3.740930724056358e-05,6.543288619168014e-05,0.045901226002409826,0.9989459832490992,0.9999628994115315
170,0.0013572839257655867,0.001168106783918501,0.0012036165663001485,0.0014442968108015776,0.00031606105156243913,TOGGLE_A_OFF,False,-8.788937986803594e-12,1.7073118365346238e-10,1.7095725343678218e-10,0.9973482915499188,1.7050492199153276e-10,0.9975187964719103,1171.7612743377686,13727,66,0.00031606105156243913,False,CD,-3.6282612972392194e-05,7.534553865005383e-05,0.021326018580684093,0.9997725746036097,0.9906395840899453
171,0.0013576082717346811,0.0011772592031974029,0.0012036165663001485,0.0014442968108015776,0.00030825724519887134,TOGGLE_A_OFF,False,6.113777482371731e-12,1.7251903901502947e-10,1.7262733589374892e-10,0.9990119774504171,1.7245777520518893e-10,0.9991844352256223,3419.679880142212,13727,66,0.00030825724519887134,False,CD,-3.4141201429071675e-05,8.51096149330779e-05,-0.008902410394392983,0.9999603727584416,0.9693567928784298
172,0.00135727208768261,0.0011849387689608388,0.0012036165663001485,0.0014442968108015776,0.0003014574814443631,WIDEN,True,-6.336920089445579e-12,1.447564043110183e-10,1.4489504182433233e-10,0.9999930972127529,1.4489504163778268e-10,0.9501379922543907,1177.1559715270996,13727,66,0.0003014574814443631,False,CD,-3.276990985259223e-05,9.336374621937773e-05,-0.04368387822050067,0.9990454037638354,0.9820682261018029
173,0.0013565582316622082,0.0011912776841279799,0.0012036165663001485,0.0014442968108015776,0.0002956515372298787,WIDEN,False,-1.3455868976488888e-11,1.1948573592491536e-10,1.2024101421491356e-10,0.9991455818774768,1.2013927725887967e-10,0.9992657211547357,1184.0732097625732,13727,66,0.0002956515372298787,False,CD,-3.194377034772505e-05,0.00010024579263120198,-0.07094326894936695,0.9974803519813329,0.9904280455697271
174,0.001355621259490998,0.0011963416170646226,0.0012036165663001485,0.0014442968108015776,0.00029083879530278486,WIDEN,False,-1.7661509338154584e-11,9.545288707216981e-11,9.707307846418658e-11,0.9958769587795895,9.667383803724536e-11,0.9959736326176267,1155.3075313568115,13727,66,0.00029083879530278486,False,CD,-3.1559791308562526e-05,0.00010582419761877804,-0.09210264611296376,0.9957495179898482,0.9966724727622884
175,0.0013549651608668564,0.0012011141148959904,0.0012036165663001485,0.0014442968108015776,0.0002864336234893296,PHASE_SHIFT_C_NEG,True,-1.2367167705801769e-11,8.995946475778822e-11,9.080557326822604e-11,0.9995809987470363,9.076852520024931e-11,0.9496717672722366,1144.4718837738037,13727,66,0.0002864336234893296,False,CD,-3.091419742770824e-05,0.00011100255367651091,-0.10784193584448147,0.9941680526306099,0.9900917079643929
176,0.0013545675004792476,0.0012056370754789747,0.0012036165663001485,0.0014442968108015776,0.00028239095912191946,PHASE_SHIFT_C_NEG,False,-7.495721714012627e-12,8.525579843987698e-11,8.558467743489399e-11,0.9993239434913804,8.552781668061952e-11,0.999409471308061,1158.3285331726074,13727,66,0.00028239095912191946,False,CD,-3.0030671390381667e-05,0.0001158234609198386,-0.12383038657258878,0.9923033988449836,0.9796945984101532
177,0.001354410007620191,0.0012099427172772282,0.0012036165663001485,0.0014442968108015776,0.0002786763411141331,PHASE_SHIFT_C_NEG,False,-2.9686704540291164e-12,8.115943585429162e-11,8.121371209624334e-11,0.9945891127467974,8.077526844578924e-11,0.9946698880152431,1167.8993701934814,13727,66,0.0002786763411141331,False,CD,-2.892877424456045e-05,0.00012032012276337195,-0.140056746349112,0.9901434783909463,0.9652917006346255
178,0.0013541056135064125,0.0012131769344420297,0.0012036165663001485,0.0014442968108015776,0.000275795849456626,WIDEN,True,-5.737693869856492e-12,6.096355731032846e-11,6.123296865965174e-11,0.9979801449600463,6.111028491943817e-11,0.9480412552449656,1164.1473770141602,13727,66,0.000275795849456626,False,CD,-2.8247657698773497e-05,0.00012374092254786588,-0.15650663056696204,0.9876769079950167,0.9768670402083679
179,0.0013537745432432623,0.0012155133717018343,0.0012036165663001485,0.0014442968108015776,0.00027365905803746865,WIDEN,False,-6.240527439208177e-12,4.404080478585487e-11,4.448074492300334e-11,0.9995776631093242,4.446295864116073e-11,0.9996221260679653,1395.0598239898682,13727,66,0.00027365905803746865,False,CD,-2.7844432409099968e-05,0.0001262413130052517,-0.16823816747447756,0.9857463766115749,0.9847540980254527
180,0.0013534925930675347,0.0012170862985049129,0.0012036165663001485,0.0014442968108015776,0.0002721900811890307,WIDEN,False,-5.314635604464913e-12,2.9648971735117623e-11,3.012153509630693e-11,0.9999667974650592,3.0121534951782895e-11,0.999996919000011,1310.4135990142822,13727,66,0.0002721900811890307,False,CD,-2.7620872428124382e-05,0.00012794147073490327,-0.17634331928465638,0.9843287224000369,0.9898661122715781
181,0.0013532930704417043,0.001217979404459768,0.0012036165663001485,0.0014442968108015776,0.0002713348932690393,WIDEN,False,-3.760912893204516e-12,1.6834650639902745e-11,1.7249635589132018e-11,0.9992511031141995,1.7237716641861236e-11,0.9992683408308414,1206.0914039611816,13727,66,0.0002713348932690393,False,CD,-2.7528345375371502e-05,0.000128919311847888,-0.18160408432415798,0.9833717285720607,0.9947510276513387
182,0.0013532424030334408,0.0012183331516880294,0.0012036165663001485,0.0014442968108015776,0.00027101193010294154,WIDEN,False,-9.55058145464599e-13,6.667978161201988e-12,6.7360276735985074e-12,0.9989164379288806,6.729727685939315e-12,0.9989231676565665,1127.48122215271,13727,66,0.00027101193010294154,False,CD,-2.7464189520977843e-05,0.0001292968128286132,-0.1844537264494503,0.9828411991755991,0.9836679374772687
183,0.001353100461786889,0.0012191638559015281,0.0012036165663001485,0.0014442968108015776,0.0002702411559920481,NARROW,True,-2.675529464449786e-12,1.565840552660446e-11,1.5885342978693788e-11,0.9997832338681557,1.5882899357577142e-11,0.9497991167675133,1131.5066814422607,13727,66,0.0002702411559920481,False,CD,-2.7333982408599014e-05,0.00013019066388358165,-0.18569056539824488,0.9826082708384348,0.9878189569533767
184,0.0013529669405262842,0.00122051696302069,0.0012036165663001485,0.0014442968108015776,0.0002690408046269637,NARROW,False,-2.5168164684843037e-12,2.5505468310474148e-11,2.5629344097589285e-11,0.9957971825642639,2.552262444053202e-11,0.9958227051887044,1139.8401260375977,13727,66,0.0002690408046269637,False,CD,-2.7025470735311807e-05,0.00013161141983813828,-0.18851348650767438,0.9820706010276141,0.9735135547351735
185,0.0013528763603926927,0.0012219261509685232,0.0012036165663001485,0.0014442968108015776,0.00026781933553635877,STRENGTHEN_TRAP,True,-1.7073952935119556e-12,2.6562567026639728e-11,2.661738465238527e-11,0.9914564756900854,2.639096983601696e-11,0.9414828666599214,1119.8859214782715,13727,66,0.00026781933553635877,False,CD,-2.665336212308994e-05,0.0001330715814462217,-0.19348668279966288,0.9811029016251049,0.9641728214572708
186,0.0013528400407847392,0.0012233813469205567,0.0012036165663001485,0.0014442968108015776,0.00026659198697451497,STRENGTHEN_TRAP,False,-6.846084811694638e-13,2.742979747465099e-11,2.743833956843706e-11,0.9846489442577824,2.7018116737192347e-11,0.9846759623745196,1155.7350158691406,13727,66,0.00026659198697451497,False,CD,-2.6209883559092555e-05,0.00013455612910628787,-0.1988582669216182,0.9800282596307862,0.9518942349574027
187,0.0013528697515372808,0.0012248722058023187,0.0012036165663001485,0.0014442968108015776,0.00026537458541184863,STRENGTHEN_TRAP,False,5.600344915040758e-13,2.8102027862894726e-11,2.810760766480466e-11,0.9745337225363901,2.7392786062896992e-11,0.974561115322453,1181.9753646850586,13727,66,0.00026537458541184863,False,CD,-2.5687123742825434e-05,0.00013604952783982652,-0.20462783333748585,0.9788398489138164,0.9358792778437763
188,0.0013529776036284604,0.0012263883835269204,0.0012036165663001485,0.0014442968108015776,0.00026418327378754307,STRENGTHEN_TRAP,False,2.032964023945988e-12,2.857927680687151e-11,2.8651492204184453e-11,0.9600761835985318,2.750857536598009e-11,0.9601036921738977,1164.4330024719238,13727,66,0.00026418327378754307,False,CD,-2.507705837887387e-05,0.0001375360672741504,-0.21079435688357545,0.9775304287356256,0.9151748714156023
189,0.0013531759702286484,0.0012279197831505909,0.0012036165663001485,0.0014442968108015776,0.0002630342817933132,STRENGTHEN_TRAP,False,3.739122323210346e-12,2.8866202844601034e-11,2.910736508881529e-11,0.9400511191198097,2.736335117748881e-11,0.9400784824709871,1158.1535339355469,13727,66,0.0002630342817933132,False,CD,-2.4371544118072296e-05,0.0001390001683042496,-0.21735691511597463,0.9760921941339775,0.8886900744132301
190,0.0013534774450017393,0.0012294567643707794,0.0012036165663001485,0.0014442968108015776,0.000261943750671018,STRENGTHEN_TRAP,False,5.682665594310568e-12,2.8971413460298464e-11,2.9523473476952606e-11,0.9130870037734611,2.6958413025059677e-11,0.9131139621864861,1140.8286094665527,13727,66,0.000261943750671018,False,CD,-2.3562278768042317e-05,0.00014042664283716046,-0.22431547097278273,0.9745165824552566,0.8552542994081765
191,0.0013538920966916451,0.0012317539102734382,0.0012036165663001485,0.0014442968108015776,0.00026030216979379986,NARROW,True,7.816000216840491e-12,4.330018015210124e-11,4.39999484158115e-11,0.9161486807531931,4.031141084303501e-11,0.8661889921640361,1167.7265167236328,13727,66,0.00026030216979379986,False,CD,-2.237755764103504e-05,0.00014256046286107894,-0.23167168999116078,0.9727940316709665,0.8602760363426126
192,0.0013545671065660662,0.0012347583243453029,0.0012036165663001485,0.0014442968108015776,0.0002582488004095254,NARROW,False,1.272363637549189e-11,5.663187105907194e-11,5.804360207867091e-11,0.8933664235613848,5.185509856606596e-11,0.8934182786599509,1163.1715297698975,13727,66,0.0002582488004095254,False,CD,-2.068793976596798e-05,0.00014528130298407417,-0.24253381375549213,0.9701429529627211,0.8341501756425173
193,0.0013556059782273192,0.0012383509339899954,0.0012036165663001485,0.0014442968108015776,0.0002559579760696247,NARROW,False,1.9582269474090157e-11,6.771909640189045e-11,7.049355499082463e-11,0.8568620185562216,6.040410668666054e-11,0.8569224226629082,1174.3433475494385,13727,66,0.0002559579760696247,False,CD,-1.842878425264749e-05,0.00014841486325763766,-0.2572063110305982,0.9663565147315155,0.794551368363779
194,0.0013570455428608612,0.001242340250358529,0.0012036165663001485,0.0014442968108015776,0.0002536274889566477,NARROW,False,2.7135154062618506e-11,7.519684197738321e-11,7.994298987011671e-11,0.8106808496703919,6.480906163394742e-11,0.8107456587320259,1294.635534286499,13727,66,0.0002536274889566477,False,CD,-1.562743783025338e-05,0.00015174072691481326,-0.27554124632492916,0.9612892496911182,0.7480588873270763
195,0.0013665140163451135,0.0013217779492796207,0.0012036165663001485,0.0014442968108015776,0.00020382946465069356,TOGGLE_A_ON,True,3.348265406417033e-10,2.8090958875813204e-09,2.828980119750645e-09,0.913085735727946,2.5831023070879864e-09,0.865668838035034,1963.2306098937988,13727,66,0.00020382946465069356,False,ACD,2.8389989336935972e-05,0.00021766467973068307,-0.2968316698861911,0.9549298192802343,0.7882750547984726
196,0.0013227241988406518,0.0013887290649008406,0.0012036165663001485,0.0014442968108015776,0.0001314321213170222,TOGGLE_B_ON,True,-1.1531135095343067e-08,1.7630179868494718e-08,2.106633140303572e-08,0.9943927190322693,2.094820755829229e-08,0.9653409265905615,1539.8077964782715,13727,66,0.0001314321213170222,False,ABCD,3.303046248024434e-05,0.00029194322772536284,-0.6328043353577623,0.7743117415811545,0.9886757716570627
197,0.001297980207512557,0.0014648062289722961,0.0012036165663001485,0.0014442968108015776,9.656672831035319e-05,MOVE_A_RIGHT,True,-7.973740915250544e-10,2.4515834483987642e-09,2.5779966730580125e-09,0.8369682193033241,2.1577021217874778e-09,0.7891259214251115,3652.4109840393066,13727,67,9.656672831035319e-05,True,ABCD,7.103692930195382e-05,0.00035435377818768173,-0.7792905808540945,0.6266627407067652,0.8411296775283101
198,0.001294180803323685,0.0013848965016056633,0.001198183467372963,0.0014474526057752766,0.00011458077796260278,MOVE_B_LEFT,True,-6.199349186394504e-10,-1.3038578648364364e-08,1.3053308104573781e-08,-0.2918067552511726,-3.809043775096264e-09,-0.3456157990262689,1514.5244598388672,13727,68,0.00011458077796260278,True,ABCD,9.522113775696202e-06,0.00030774664567074454,-0.9415393438777933,0.33690304826209233,-0.6845012155442449
199,0.001280903251112791,0.0014637869738268828,0.0011927014696406862,0.0014505226720175454,8.919358697430067e-05,TRANSLATE_TRAP_Y_NEG,True,-5.635783857155831e-10,3.348581446081282e-09,3.3956764124229493e-09,0.7959623346238653,2.7028313208216968e-09,0.748665165944687,1704.3864727020264,13727,69,8.919358697430067e-05,True,ABCD,5.961679561549614e-05,0.0003653041684554041,-0.7290556739845553,0.6844543989404464,0.7340569052890054
200,0.0012230546501786116,0.0014085281340819329,0.0011871719257042293,0.0014535062520354774,5.7537822433138656e-05,TRANSLATE_TRAP_X_NEG,True,-3.7010182453563912e-09,-3.5353313789901547e-09,5.118212970533107e-09,0.4263489906369295,2.182145360200622e-09,0.3785311359971301,1500.6685256958008,13727,70,5.7537822433138656e-05,True,ABCD,-1.928621447814388e-05,0.0003779296557944617,-0.9331070307006047,0.3595987614761538,0.18131007900110602
201,0.001219580582259589,0.0014130513544851966,0.0011815961998958187,0.0014564026096753472,5.763804845862369e-05,WIDEN,True,-6.548463751484086e-11,8.526069593676708e-11,1.0750639061038164e-10,0.9812827268615334,1.054951454159233e-10,0.9313882220069493,1731.079339981079,13727,71,5.763804845862369e-05,True,ABCD,-1.7616968668226227e-05,0.000383647104498384,-0.7504153897341135,0.6609665217302669,0.9540979015185953
202,0.00121381416691602,0.0014194319295812072,0.001175975667942366,0.0014592110303042463,5.49010824930884e-05,MOVE_C_RIGHT,True,-1.0869436848542345e-10,1.2027100708382716e-10,1.6210978035085675e-10,0.9907086575419839,1.6060455357448071e-10,0.9408692620955583,1474.6270179748535,13727,72,5.49010824930884e-05,True,ABCD,-1.5613143291858997e-05,0.0003923732527081805,-0.7651406043266936,0.643863227408267,0.9698814697981465
203,0.0011996522426873644,0.0014301513316755052,0.0011703117166260292,0.001461930820986408,4.3252773441915554e-05,PHASE_SHIFT_C_NEG,True,-2.669459827046388e-10,2.0205596922192684e-10,3.3479362655277285e-10,0.9997998589402785,3.3472762040142546e-10,0.9501345865606798,1466.982126235962,13727,73,4.3252773441915554e-05,True,ABCD,-1.4175014006086444e-05,0.0004107626094176557,-0.7852039543352701,0.6192372324838528,0.994594425253184
204,0.0011811648236022285,0.001453824020713393,0.0011646057434420436,0.0014645613106541782,1.9735565130593936e-05,PHASE_SHIFT_C_NEG,False,-3.484796398901919e-10,4.462196758328673e-10,5.661714038331387e-10,0.9573433289953011,5.420213738708889e-10,0.957885350369172,1498.0621337890625,13727,74,1.9735565130593936e-05,True,ABCD,-2.492602654217155e-06,0.0004390317446549654,-0.8169773191664487,0.576669801503085,0.907056809307417
205,0.0011017221406457425,0.0014632505855529966,0.0011588591562539123,0.0014671018502735926,5.726666388533859e-05,MOVE_B_RIGHT,True,-3.458655767553816e-09,4.1039956906506903e-10,3.4829193968167096e-09,0.9332020133888965,3.2502683267826074e-09,0.8864522817156791,1375.8535385131836,13727,75,5.726666388533859e-05,True,ABCD,-2.277542259000796e-05,0.0005191028200336492,-0.8843580341751486,0.46680924089810694,0.9880218960659315
206,0.0010311697381065236,0.0015009647539243663,0.001153073372946036,0.0014695518130045148,0.00012588593664234005,MOVE_A_RIGHT,True,-2.945717689752671e-09,1.5746493234457619e-09,3.340175624057814e-09,0.9945465933282381,3.321961282571314e-09,0.9478685546108094,1412.090539932251,13727,75,0.00012588593664234005,False,ABCD,2.174447800027226e-06,0.0005972861987804281,-0.9262612150885725,0.37688215853321333,0.9157893907067398
207,0.0009552700365325965,0.0015262478569971463,0.001153073372946036,0.0014695518130045148,0.0002057683194777629,MOVE_A_RIGHT,False,-6.6183369566016184e-09,2.2046476069627844e-09,6.975876657596915e-09,0.9677029134667254,6.7505771332439715e-09,0.9744534905999694,1366.2879467010498,13727,75,0.0002057683194777629,False,ABCD,2.8588386714403302e-05,0.0006701410036331888,-0.9977757783940618,0.06665955331476504,0.9105815089951179
208,0.0008752718299686855,0.0015257121830685105,0.001153073372946036,0.0014695518130045148,0.0002834213902413183,MOVE_A_RIGHT,False,-1.4460377043090008e-08,-9.682775793280303e-11,1.4460701222383056e-08,0.9713758429404965,1.4046776810778852e-08,0.9854226197512753,1397.986650466919,13727,75,0.0002834213902413183,False,ABCD,4.3607911575433225e-05,0.0007423227591441561,-0.9697635334509199,-0.24404648980636068,0.9615198416050009
209,0.0008086663295124737,0.0014813984458194637,0.001153073372946036,0.0014695518130045148,0.0003446107286137503,MOVE_A_RIGHT,False,-2.857874282097704e-08,-1.9013908635210135e-08,3.432598524173291e-08,0.9961850197386564,3.4195033281769543e-08,1.030380053020426,1418.224811553955,13727,75,0.0003446107286137503,False,ABCD,2.670053660117609e-05,0.000814309532713868,-0.8777310594725454,-0.4791536154880276,0.9925562945263717
210,0.0007422214402330644,0.0014368442463692768,0.001153073372946036,0.0014695518130045148,0.000412151787002292,STRENGTHEN_TRAP,True,-1.581519108301124e-08,-1.0604776161071235e-08,1.9041574158104234e-08,0.999975352657545,1.904110583388043e-08,0.9690164584914254,1419.1484451293945,13727,75,0.000412151787002292,False,ABCD,2.4162506815019684e-05,0.0008896008492613794,-0.8266346828714697,-0.5627389279870393,0.9980460140945602
211,0.0006878535796368368,0.0013781574869239882,0.001153073372946036,0.0014695518130045148,0.0004741122007777986,NARROW,True,-1.8838344700662724e-09,-2.0334833699009507e-09,2.7719824902537897e-09,0.998742601041051,2.7684980010989205e-09,0.9515110990421498,1444.713830947876,13727,75,0.0004741122007777986,False,ABCD,1.8099240943349735e-05,0.0009654838756976525,-0.7155147638514532,-0.6985976114392416,0.9998131424791136
212,0.0006829549466056197,0.0013732309365909908,0.001153073372946036,0.0014695518130045148,0.00047988440901727445,PHASE_SHIFT_B_POS,True,-9.233705726102393e-11,-9.286328600210961e-11,1.3095694724120298e-10,0.9895093032951209,1.2958410713560197e-10,0.9396388874022564,1404.0217399597168,13727,75,0.00047988440901727445,False,ABCD,1.8536391001111683e-05,0.0009721140454385451,-0.5952948835005605,-0.803507312770744,0.9974628449247502
213,0.0006680333587880559,0.0013538219148667508,0.001153073372946036,0.0014695518130045148,0.0004986554167532432,STRENGTHEN_TRAP,True,-2.812653040053214e-10,-3.658514403734231e-10,4.6147312777724575e-10,0.9993305739023488,4.6116520495272085e-10,0.9497917391073015,1302.6368618011475,13727,75,0.0004986554167532432,False,ABCD,1.788445214456557e-05,0.0009955249672064384,-0.580131074487627,-0.8145231343625788,0.9999965062122201
214,0.0006373274859522601,0.001300646222355386,0.001153073372946036,0.0014695518130045148,0.0005426996577330113,STRENGTHEN_TRAP,False,-5.78792067137989e-10,-1.0023381896595189e-09,1.1574463717303658e-09,0.9992021322653022,1.1565238818178514e-09,1.00035865614712,1326.2667655944824,13727,75,0.0005426996577330113,False,ABCD,1.447588469197464e-05,0.001054505047482179,-0.5342287999403057,-0.8453399253036311,0.9998318710804633
215,0.0005677398087075694,0.0012611803487974783,0.001153073372946036,0.0014695518130045148,0.0006213163835920403,MOVE_B_RIGHT,True,-8.177522505998924e-09,-4.637790511441753e-09,9.401115634015895e-09,0.8128233907934138,7.641447499705164e-09,0.770464838293119,1205.28244972229,13727,75,0.0006213163835920403,False,ABCD,6.133282759266707e-05,0.0011138734384455815,-0.4196653572126109,-0.9076789013487185,0.7661413406842004
216,0.0005800534569765213,0.0012447001182569082,0.001153073372946036,0.0014695518130045148,0.0006155567469604898,TOGGLE_B_OFF,True,2.3210680164376683e-10,-3.1064502717432667e-10,3.877807373728575e-10,0.7641688192372462,2.963307123699844e-10,0.7144651499496162,1190.2470588684082,13727,75,0.0006155567469604898,False,ACD,4.4177017889189866e-05,0.001123906100725764,-0.059314808208171706,-0.9982393267775597,0.5623930113599185
217,0.0005700792928338824,0.001165324328184269,0.001153073372946036,0.0014695518130045148,0.0006575990115304835,PHASE_SHIFT_C_NEG,True,-2.151589740338345e-10,-1.7122651393057605e-09,1.7257303646250964e-09,0.9999435659126918,1.7256339745505946e-09,0.9516691998872424,1173.7139225006104,13727,75,0.0006575990115304835,False,ACD,3.485524292911625e-05,0.0011963203962052403,-0.11418343996884518,-0.9934596831451833,0.9996674714524281
218,0.0005775126165492086,0.001085670416173978,0.001153073372946036,0.0014695518130045148,0.0006918345981061167,PHASE_SHIFT_C_NEG,False,3.78773006828372e-10,-4.058850779708941e-09,4.076486065552743e-09,0.9974590490518553,4.066128911878427e-09,1.0015251779637337,1175.6479740142822,13727,75,0.0006918345981061167,False,ACD,2.2730323194022916e-05,0.001270198737713499,0.02174992388481409,-0.999763442424774,0.998251348732124
219,0.0005326300249955682,0.0010194469084487822,0.001153073372946036,0.0014695518130045148,0.0007665144311238441,MOVE_A_LEFT,True,-8.511270835974024e-10,-1.255823673380651e-09,1.5170729748618858e-09,0.7366430023110883,1.117541927570276e-09,0.6877605442386585,1193.779706954956,13727,75,0.0007665144311238441,False,ACD,7.426099786309872e-05,0.0013249079247214998,0.14654062356711253,-0.9892046530635479,0.7204747941872462
220,0.000579744945868548,0.0009547925641930954,0.001153073372946036,0.0014695518130045148,0.0007705079944634209,TOGGLE_B_ON,True,1.9877515158050282e-08,-2.727729738612917e-08,3.375154161738169e-08,0.9946447126121293,3.357079340688164e-08,0.978215506019011,1175.6999492645264,13727,75,0.0007705079944634209,False,ABCD,4.4634130422582395e-05,0.001389709101366798,0.5022548702208322,-0.8647196339493974,0.9562005419038526
221,0.0006596412732646216,0.0009588640342739642,0.001153073372946036,0.0014695518130045148,0.0007101248089883586,TRANSLATE_TRAP_X_POS,True,2.20890232317384e-08,1.1256436952076849e-09,2.2117685707615062e-08,0.48059867029191244,1.0629730821612906e-08,0.44122840111352535,3416.3670539855957,13727,75,0.0007101248089883586,False,ABCD,-3.153911512027667e-05,0.0014138719173832747,0.5246063506020424,-0.8513449224057514,0.3355337476571135
222,0.0007353262592321711,0.0009847828093046604,0.001153073372946036,0.0014695518130045148,0.0006399325261028807,TOGGLE_B_OFF,True,3.876168798842314e-09,1.3274171329208364e-09,4.097160089853756e-09,-0.09312360153297464,-3.815423967479492e-10,-0.14350514392972258,1202.1934986114502,13727,75,0.0006399325261028807,False,ACD,-0.00011133550602167547,0.001420868004698114,0.23447607742533874,-0.9721218900494171,0.0805516590134657
223,0.0006979488643476971,0.000914051413505835,0.001153073372946036,0.0014695518130045148,0.000718135789506464,NARROW,True,-1.2811863456783377e-09,-2.4244626675645456e-09,2.7421629562749922e-09,0.9253783585070343,2.537539180614907e-09,0.8779158976876492,1164.0174388885498,13727,75,0.000718135789506464,False,ACD,-4.5300457615147344e-05,0.0014773672107835246,-0.0972242708560137,-0.9952624986177109,0.5079730489695746
224,0.000730068482683988,0.0008407825243513582,0.001153073372946036,0.0014695518130045148,0.0007578152515877492,MOVE_C_DOWN,True,2.7247982210715983e-09,-6.215607443953983e-09,6.786626646787866e-09,0.9964682729327173,6.762659130232137e-09,0.9532309320629495,1163.1858348846436,13727,75,0.0007578152515877492,False,ACD,-2.5758468736861466e-05,0.0015626983596595736,0.3231739448071636,-0.946339580381073,0.9386835232953736
225,0.0007883266270150702,0.0007859556274931664,0.001153073372946036,0.0014695518130045148,0.0007748186455635242,MOVE_C_DOWN,False,2.289434769003109e-09,-2.1545932398798066e-09,3.1438485317928535e-09,0.9840815014813472,3.0938041676781416e-09,0.9871753056490253,1167.0920848846436,13727,75,0.0007748186455635242,False,ACD,-2.1279146687130403e-05,0.001647724110127639,0.5948395337415259,-0.8038444682251538,0.9869088349514167
226,0.0008441720912958759,0.0007286731334896644,0.001153073372946036,0.0014695518130045148,0.0008026962187308345,TOGGLE_B_ON,True,1.2434791543966833e-08,-1.2754766769785745e-08,1.7813144475177306e-08,0.9951010236502702,1.7725879296780116e-08,0.9628269029470502,1159.5125198364258,13727,75,0.0008026962187308345,False,ABCD,2.698372139105427e-06,0.0017260228779200878,0.7654373269704251,-0.6435104493933114,0.9207614955984095
227,0.0009176814832329562,0.0006971078155435274,0.001153073372946036,0.0014695518130045148,0.0008075141304994016,WIDEN,True,3.3400160936044585e-09,-1.4342204058779322e-09,3.6349271902162565e-09,0.999763088720009,3.6340670347260367e-09,0.9533971557547349,1137.8092765808105,13727,75,0.0008075141304994016,False,ABCD,1.1215819854774585e-05,0.0018043376133949154,0.9272331792160085,-0.37448448747441243,0.9792537159453196
228,0.000949487670494013,0.0007346874658184814,0.001153073372946036,0.0014695518130045148,0.0007625436033487124,TOGGLE_B_OFF,True,5.995325054282242e-10,7.083597193696131e-10,9.280154724412954e-10,0.5285199066743066,4.904751794068928e-10,0.47901038185371353,1170.8333492279053,13727,75,0.0007625436033487124,False,ACD,-3.121179104770088e-05,0.0018299954662193846,0.9894299800059316,-0.1450114294235625,0.5353997652143567
229,0.0010083925914812718,0.0007074756514882774,0.001153073372946036,0.0014695518130045148,0.0007756884712799186,MOVE_C_RIGHT,True,1.1103316022031558e-09,-5.129306159437095e-10,1.2230838416165181e-09,0.9901388443335879,1.2110238116001088e-09,0.941349868145188,1163.1298065185547,13727,75,0.0007756884712799186,False,ACD,-7.3859404372739515e-06,0.001893506718189228,0.9576094203301058,-0.2880697799024784,0.8986410858645943
230,0.001048979442756157,0.0006385357682305409,0.001153073372946036,0.0014695518130045148,0.0008375101270875205,ROTATE_INTERFERENCE_CW,True,1.6333254998658867e-09,-2.7743287726366464e-09,3.219418010633554e-09,0.5206610824077698,1.6762261868006173e-09,0.4723373085945704,1156.290054321289,13727,75,0.0008375101270875205,False,ACD,6.405627138880558e-05,0.0019272529112111028,0.9998793325649761,-0.015534487678040991,0.41354745079828886
231,0.0010707961827521992,0.0005615680486596383,0.001153073372946036,0.0014695518130045148,0.0009117039280051858,WEAKEN_TRAP,True,1.30777175206936e-09,-4.613714491453942e-09,4.795479993093775e-09,-0.1390415685578832,-6.667711992692742e-10,-0.18970833975715246,1158.5521697998047,13727,75,0.0009117039280051858,False,ACD,0.00014306635480065643,0.0019372499449150273,0.9148332804201788,0.40383173356454993,0.1449594759444182
232,0.001090290003267139,0.0006011308449419096,0.001153073372946036,0.0014695518130045148,0.0008706875038031897,TOGGLE_C_OFF,True,3.674498599207992e-10,7.457411409351179e-10,8.313538649931367e-10,0.9354358785766843,7.776791685438556e-10,0.8862135577452281,1146.2810039520264,13727,75,0.0008706875038031897,False,AD,0.00010697408075596232,0.0019565760209847623,0.7305442636088718,0.6828653446372458,0.5946792883855866
233,0.0011250488736831922,0.0005290765534153113,0.001153073372946036,0.0014695518130045148,0.0009408927071979636,MOVE_A_RIGHT,True,7.445077539849828e-10,-1.5433464352360285e-09,1.7135372814442995e-09,-0.21894860536384225,-3.7517681695978445e-10,-0.26932378218080205,1128.4925937652588,13727,75,0.0009408927071979636,False,AD,0.00018445769964093634,0.001971205224350747,0.7836947723753365,0.6211461210937455,0.23171792599363697
234,0.001129313410750893,0.0006089628083256411,0.001153073372946036,0.0014695518130045148,0.0008609169360499821,MOVE_A_RIGHT,False,5.395992539352819e-10,1.0108146057817785e-08,1.0122538420822355e-08,0.8489258308330647,8.593285187962068e-09,0.8575191160210268,1138.2012367248535,13727,75,0.0008609169360499821,False,AD,0.00010777896944189237,0.0019879560002493274,0.5730138699306587,0.8195456697863882,0.30585183523041415
235,0.0011613518386154194,0.0005392993922789943,0.001153073372946036,0.0014695518130045148,0.0009302892556939105,TRANSLATE_TRAP_X_NEG,True,6.039101376705751e-10,-1.3131244564566899e-09,1.4453384698837744e-09,-0.315249140809091,-4.556420260583269e-10,-0.3657047828351493,1145.3471183776855,13727,75,0.0009302892556939105,False,AD,0.0001834548717109847,0.0019970346261234933,0.7304755939463912,0.6829388015385465,0.1502896630350421
236,0.0011550236194695143,0.0006190487097835434,0.001153073372946036,0.0014695518130045148,0.0008505053392248661,MOVE_A_RIGHT,True,-3.502264452906168e-10,4.413614531987883e-09,4.427488204383555e-09,0.809493654806037,3.5840244176707165e-09,0.7630776792237076,1145.4849243164062,13727,75,0.0008505053392248661,False,AD,0.00010531818308299876,0.002009680563222746,0.5212554082796016,0.8534007261174505,0.23053451716998796
237,0.0011862264609213125,0.0005463288446349664,0.001153073372946036,0.0014695518130045148,0.0009238180429973083,TRANSLATE_TRAP_X_NEG,True,5.881597048565786e-10,-1.3707371647248608e-09,1.4915938499386914e-09,-0.38128120373592195,-5.687170798709262e-10,-0.4318499208157929,1200.9029388427734,13727,75,0.0009238180429973083,False,AD,0.00018415070232819924,0.0020147402892001422,0.6992090524537395,0.7149172686157287,0.080773869500362
238,0.0011836750350976482,0.0006262881481978811,0.001153073372946036,0.0014695518130045148,0.0008438187424497965,TOGGLE_B_ON,True,-5.185464532628395e-10,1.6250761783216778e-08,1.6259032842055842e-08,0.8607427192264366,1.3994845001205803e-08,0.8247375642276424,1167.4673557281494,13727,75,0.0008438187424497965,False,ABD,0.00010807424364546865,0.002032911300997236,0.48132968753309086,0.8765396350980517,0.33159246356905214
239,0.00121368606103685,0.0005564529489876178,0.001153073372946036,0.0014695518130045148,0.0009151084271421294,TOGGLE_B_OFF,True,5.656945117037319e-10,-1.3163624928056578e-09,1.4327667266646197e-09,-0.44343761849916646,-6.353431085746237e-10,-0.49407296160774106,1299.4916439056396,13727,75,0.0009151084271421294,False,AD,0.00018404206128129307,0.0020347844780615573,0.6484042206940512,0.7612962410155328,0.031301854415977146
240,0.0011794127449237131,0.0006287394608872038,0.001153073372946036,0.0014695518130045148,0.0008412248058570452,TOGGLE_B_OFF,False,-1.3995351930068096e-09,2.9517866625225483e-09,3.266763422335724e-09,0.6254451563879125,2.0431819850102356e-09,0.6274883383729227,1206.1233520507812,13727,75,0.0008412248058570452,False,AD,0.00010425730412751052,0.0020304618687987147,0.4370845541122394,0.8994204203569279,-0.07889176506302585
241,0.0012101888056276547,0.000554896153217874,0.001153073372946036,0.0014695518130045148,0.0009164372038662244,TOGGLE_B_OFF,False,6.304370310809294e-10,-1.5126547903606691e-09,1.6387725177580984e-09,-0.43443710857379886,-7.119440286621413e-10,-0.435149052602461,1291.043996810913,13727,75,0.0009164372038662244,False,AD,0.00018422387642739454,0.002032166036924569,0.6642568377141543,0.7475044170760585,0.026854269493266227
242,0.0011900426830401213,0.0006323179443666719,0.001153073372946036,0.0014695518130045148,0.0008380496886719315,NARROW,True,-7.375740234814175e-10,2.8345058337971935e-09,2.9288971921091544e-09,0.7564184914973695,2.215472752224579e-09,0.708633964249594,1246.5131282806396,13727,75,0.0008380496886719315,False,AD,0.00010481949896819898,0.0020393430508587073,0.44252167277197096,0.8967578096262254,0.1310236849815664
243,0.001220886574951488,0.000558502943643513,0.001153073372946036,0.0014695518130045148,0.0009135691942760504,WIDEN,True,6.549828030072941e-10,-1.5674920731978977e-09,1.6988330912051175e-09,-0.4554745678855625,-7.737757236009132e-10,-0.5062483436091635,1330.9760093688965,13727,75,0.0009135691942760504,False,AD,0.00018481616003368078,0.0020398811244677476,0.6458136094170316,0.7634951092770499,0.008488436479350419
244,0.0011981036745171024,0.0006351902271251756,0.001153073372946036,0.0014695518130045148,0.000835575839795926,NARROW,True,-7.78393765015293e-10,2.6200748008358887e-09,2.7332560830244036e-09,0.747633315946916,2.0434740563169296e-09,0.6996767900032328,1182.5997829437256,13727,75,0.000835575839795926,False,AD,0.00010526546568821016,0.0020461115137483314,0.42369551594394733,0.9058046752846461,0.11385890619741273
245,0.0012285573141176285,0.0005612133669925553,0.001153073372946036,0.0014695518130045148,0.0009114694497777848,WIDEN,True,6.525485364214974e-10,-1.5851468803671348e-09,1.7142083376076252e-09,-0.47666333151423157,-8.171007337768545e-10,-0.5274804322480084,1226.778507232666,13727,75,0.0009114694497777848,False,AD,0.0001852601829478606,0.0020454352623126533,0.6314482973982695,0.7754179825816891,-0.010677697913027487
246,0.001203979534288855,0.0006373443904894736,0.001153073372946036,0.0014695518130045148,0.0008337629347433174,NARROW,True,-7.836332522262011e-10,2.4273470571314994e-09,2.5507047672671887e-09,0.7420232562871495,1.8926829992580114e-09,0.6939159392864075,1292.4015522003174,13727,75,0.0008337629347433174,False,AD,0.00010562620919040067,0.002051055996668185,0.40998691866600867,0.9120914025037645,0.10279636732965028
247,0.001234065524757863,0.0005632172485136848,0.001153073372946036,0.0014695518130045148,0.0009099461915112851,WIDEN,True,6.537685136526074e-10,-1.6107826491784816e-09,1.738399842481006e-09,-0.49305041109928965,-8.571192500406117e-10,-0.5439075303493303,3735.491991043091,13727,75,0.0009099461915112851,False,AD,0.0001855957583294068,0.002049433570330404,0.6207092268524405,0.7840408507842412,-0.025635594629171494
248,0.0012084199611175448,0.0006389952470724379,0.001153073372946036,0.0014695518130045148,0.0008323986148685682,NARROW,True,-7.773812674911451e-10,2.297020934838565e-09,2.425000373223224e-09,0.739901216320911,1.7942614656277424e-09,0.6916954777865387,1346.9843864440918,13727,75,0.0008323986148685682,False,AD,0.00010592910809128342,0.002054794950816675,0.4000227475358134,0.9165052108157558,0.09810961437413687
249,0.0012382570334499366,0.0005647675627852959,0.001153073372946036,0.0014695518130045148,0.0009087853406947087,WIDEN,True,6.586031664742251e-10,-1.6384512316407237e-09,1.7658653882317531e-09,-0.5050837893024003,-8.919104867698374e-10,-0.5559756997891702,1346.1947441101074,13727,75,0.0009087853406947087,False,AD,0.00018586702914155905,0.0020524798807547502,0.6124183527808543,0.790533845686203,-0.036601712206797615
250,0.0012119566140560145,0.0006403207754218463,0.001153073372946036,0.0014695518130045148,0.0008313190421096132,NARROW,True,-7.672799418090837e-10,2.2041650259257296e-09,2.333894164399218e-09,0.7396922967326652,1.7263642744877187e-09,0.6914186610071529,1318.7105655670166,13727,75,0.0008313190421096132,False,AD,0.00010619225176889362,0.002057773033432729,0.39236153869612056,0.9198110800324963,0.09690603513174086
251,0.0012416165110704844,0.0005660221179030792,0.001153073372946036,0.0014695518130045148,0.0009078578067291255,WIDEN,True,6.64852909954503e-10,-1.665470336359094e-09,1.7932709870978908e-09,-0.5144249664348614,-9.225038817714093e-10,-0.5653474703166328,1303.0998706817627,13727,75,0.0009078578067291255,False,AD,0.0001860980438378775,0.0020549227118711088,0.6056989476621808,0.7956939014465051,-0.04508745240078932
252,0.0012146585181929334,0.0006413432080439814,0.001153073372946036,0.0014695518130045148,0.0008304951676233608,NARROW,True,-7.655567056231356e-10,2.138978443021639e-09,2.271850754172867e-09,0.7383514782864391,1.6774251011411758e-09,0.6900289033875803,1294.274091720581,13727,75,0.0008304951676233608,False,AD,0.00010640332961007717,0.002060049296187915,0.3861655930435634,0.9224294741322225,0.09389371173144555
253,0.0012441951248973546,0.0005669954517604973,0.001153073372946036,0.0014695518130045148,0.0009071445082789836,WIDEN,True,6.711287870884765e-10,-1.6893247080347785e-09,1.8177546088610638e-09,-0.5214158516287952,-9.478065888473108e-10,-0.5723636582176426,1302.2849559783936,13727,75,0.0009071445082789836,False,AD,0.00018628074117067072,0.002056799333253669,0.6005033156051623,0.7996222657889417,-0.05143043564620882
254,0.0012164027844727915,0.0006420126885379552,0.001153073372946036,0.0014695518130045148,0.0008299588043313988,NARROW,True,-7.776253377583563e-10,2.0989705507209433e-09,2.2383874862761313e-09,0.7343469949217918,1.6437538583644154e-09,0.6859907487801562,1292.6950454711914,13727,75,0.0008299588043313988,False,AD,0.00010653977394456355,0.0020615209250269845,0.38138139610999355,0.9244177793074561,0.0865035636193781
255,0.001245862329083526,0.0005676343635277202,0.001153073372946036,0.0014695518130045148,0.0009066779340271888,WIDEN,True,6.734044535158175e-10,-1.7001856603271719e-09,1.828689377012148e-09,-0.5258858796013113,-9.616824474334872e-10,-0.5768475620487448,1277.8167724609375,13727,75,0.0009066779340271888,False,AD,0.00018639701206512948,0.0020580147708283113,0.5971310777052682,0.8021436754327615,-0.055499494059956106
256,0.0012175530445519601,0.0006424580523522553,0.001153073372946036,0.0014695518130045148,0.0008296033491737512,NARROW,True,-7.846712038649363e-10,2.07394835154161e-09,2.21742433084807e-09,0.7319326718277764,1.6230060469862187e-09,0.6835556778747626,1277.787446975708,13727,75,0.0008296033491737512,False,AD,0.00010663000409679525,0.0020624922648675484,0.3782826451676561,0.9256901427386477,0.08204794657454045
257,0.0012469639543245517,0.0005680604825912175,0.001153073372946036,0.0014695518130045148,0.0009063675082889569,WIDEN,True,6.745052823008219e-10,-1.7062224250175611e-09,1.8347076986497108e-09,-0.52880316298799,-9.70199763007546e-10,-0.5797733627509976,1297.2793579101562,13727,75,0.0009063675082889569,False,AD,0.00018647322608684162,0.0020588187512381867,0.5948990461818925,0.8038004260076687,-0.05815893938780183
258,0.001218323596042926,0.0006427580720938254,0.001153073372946036,0.0014695518130045148,0.0008293645046801111,NARROW,True,-7.890106426559893e-10,2.0578371443110483e-09,2.20391277203311e-09,0.7304219025756202,1.6097868904810358e-09,0.6820316894661013,1311.4063739776611,13727,75,0.0008293645046801111,False,AD,0.00010669060897600043,0.002063143332150874,0.37623238425885286,0.9265253331849249,0.07925629704006484
259,0.0012477032266708956,0.0005683481446367711,0.001153073372946036,0.0014695518130045148,0.0009061582980337743,WIDEN,True,6.753936823603718e-10,-1.7105727279479243e-09,1.8390801189104041e-09,-0.5307403056104376,-9.760744750928935e-10,-0.5817163800855305,1327.5182247161865,13727,75,0.0009061582980337743,False,AD,0.00018652415450204335,0.0020593586541510713,0.5934000570969017,0.8049076793245478,-0.05992600577137544
260,0.001218845627459771,0.0006429620774360151,0.001153073372946036,0.0014695518130045148,0.0008292023760283261,NARROW,True,-7.917848076318099e-10,2.0472312334744726e-09,2.1950122789884235e-09,0.729448618436608,1.6011494038081141e-09,0.681049767840416,1306.7936897277832,13727,75,0.0008292023760283261,False,AD,0.00010673175479721414,0.0020635845816555686,0.3748551872785224,0.9270833773555219,0.07745507635779343
261,0.0011951076737194363,0.0006733400861189506,0.001153073372946036,0.0014695518130045148,0.0007973205105047787,MOVE_A_LEFT,True,-4.4744988649134e-10,5.72611973453982e-10,7.26702052469908e-10,0.2700787391275726,1.9626704413123092e-10,0.2202750061717038,1341.447353363037,13727,75,0.0007973205105047787,False,AD,6.915422459698097e-05,0.0020565157641986606,0.5923827730891406,0.8056566577304846,-0.23226674084816998
262,0.001184611215441534,0.000683483721995376,0.001153073372946036,0.0014695518130045148,0.000786700501596397,TRANSLATE_TRAP_Y_POS,True,-1.978535772874164e-10,1.9120303170040525e-10,2.751447571313214e-10,-0.040676236631440044,-1.1191893925210346e-11,-0.09068742852536527,1322.4232196807861,13727,75,0.000786700501596397,False,AD,5.559533657581022e-05,0.0020518384527096764,0.7235927634495758,0.6902271457147391,-0.3758217550591966
263,0.0012020018272989302,0.0006053968049143092,0.001153073372946036,0.0014695518130045148,0.0008655390641979983,NARROW,True,8.415428869845108e-10,-3.778676114157169e-09,3.8712514263912325e-09,-0.45217852948599013,-1.7504972294346588e-09,-0.5039290267154248,1302.4234771728516,13727,75,0.0008655390641979983,False,AD,0.00013426309887646254,0.002040050355978979,0.7723024617526683,0.6352549941313657,-0.16780701659469735
264,0.0012019355823422843,0.0006194021930002681,0.001153073372946036,0.0014695518130045148,0.0008515526360128585,HOLD,True,-1.2486880148150738e-12,2.6399534592913575e-10,2.6399829903619153e-10,0.827261411775765,2.1839643282849216e-10,0.7774798082085934,1312.9703998565674,13727,75,0.0008515526360128585,False,AD,0.00012129860110005004,0.0020440665707187875,0.557893406511113,0.8299126140563026,0.38300532290632067
265,0.0012184939739836368,0.0005888335767894407,0.001153073372946036,0.0014695518130045148,0.000883144646500171,HOLD,False,3.121183292144145e-10,-5.762048407100479e-10,6.553089881035429e-10,-0.4318331065893984,-2.8298454794181457e-10,-0.4321160911373402,1300.3456592559814,13727,75,0.000883144646500171,False,AD,0.000155905323670352,0.0020465304656094615,0.5873970617790679,0.8092988890463199,0.09236363074380852
266,0.0011902192007516774,0.0006636703137485123,0.001153073372946036,0.0014695518130045148,0.0008067371339950013,HOLD,False,-6.122625696386363e-10,1.6205163697702496e-09,1.7323217827164369e-09,0.6479031245249058,1.1223773436076586e-09,0.6490255018685135,1280.7979583740234,13727,75,0.0008067371339950013,False,AD,7.599048250876684e-05,0.0020494000607059262,0.48356870558617165,0.8753064074803387,0.049850297008362895
267,0.0012130019430335775,0.0005869829832817623,0.001153073372946036,0.0014695518130045148,0.0008846011376382727,HOLD,False,9.209832232002452e-10,-3.1000545903554617e-09,3.2339679281959925e-09,-0.46659319671396604,-1.5089479002806065e-09,-0.46810214461424665,1308.5193634033203,13727,75,0.0008846011376382727,False,AD,0.00015547843088508842,0.0020423700877284013,0.7149689738977102,0.6991561816660036,-0.10456337390063203
268,0.0011846705459118887,0.0006617983021485102,0.001153073372946036,0.0014695518130045148,0.0008083712733884322,HOLD,False,-5.987968623261833e-10,1.5812555236482109e-09,1.6908360989166454e-09,0.6383414271098056,1.079331366732655e-09,0.6394207584765382,1302.0823001861572,13727,75,0.0008083712733884322,False,AD,7.552490841944692e-05,0.0020444921528622565,0.493802548319278,0.8695740585319964,0.036836121218558046
269,0.0012077821319297724,0.0005852094348652166,0.001153073372946036,0.0014695518130045148,0.0008860330073324639,HOLD,False,9.137537310827379e-10,-3.028064070780662e-09,3.162928689967635e-09,-0.45006547140858416,-1.4235254419474908e-09,-0.4514889968505317,1294.0614223480225,13727,75,0.0008860330073324639,False,AD,0.00015514209019049438,0.002038406438133198,0.7248972855780034,0.6888569701757915,-0.09043116534113445
270,0.00117935251796403,0.0006599874867906236,0.001153073372946036,0.0014695518130045148,0.000809990735589629,HOLD,False,-5.887402813011767e-10,1.5485560718048386e-09,1.6566958158787693e-09,0.6288477158304033,1.0418100084888663e-09,0.6298895258388922,1303.093671798706,13727,75,0.000809990735589629,False,AD,7.51613804602279e-05,0.00203977460956216,0.5033016765985108,0.864110769711585,0.023735252006783676
271,0.0012028290400050742,0.0005835096931976049,0.001153073372946036,0.0014695518130045148,0.0008874380341614914,HOLD,False,9.108439215397928e-10,-2.9671913627235867e-09,3.1038461998667787e-09,-0.433780830874839,-1.3463894172667533e-09,-0.43512722029210577,1304.0788173675537,13727,75,0.0008874380341614914,False,AD,0.00015488904881085218,0.0020346367945140026,0.7340528372759602,0.679092359024338,-0.07628825496062025
272,0.001174342346881426,0.000658266019450833,0.001153073372946036,0.0014695518130045148,0.0008115645433816656,HOLD,False,-5.781263373262194e-10,1.51715051308868e-09,1.623568828622758e-09,0.6202743501142495,1.0070587203140845e-09,0.6212814088345635,3541.703701019287,13727,75,0.0008115645433816656,False,AD,7.489384444098174e-05,0.0020353193453764838,0.5121017222922134,0.8589248081315193,0.011835619195382854
273,0.0011982008494904942,0.0005819065285328529,0.001153073372946036,0.0014695518130045148,0.0008887916742319587,HOLD,False,9.120211263834616e-10,-2.9189371209999925e-09,3.0581001375562382e-09,-0.4181206070434582,-1.2786551040353041e-09,-0.4193992621474935,1300.255537033081,13727,75,0.0008887916742319587,False,AD,0.00015471111573109217,0.0020311077606451193,0.7423571817854242,0.6700043392767911,-0.06250058458828912
274,0.0011696220310869788,0.0006566276844303555,0.001153073372946036,0.0014695518130045148,0.0008130925512537438,HOLD,False,-5.671984682351416e-10,1.482976817705298e-09,1.5877450501323012e-09,0.6119160218650332,9.715672467288774e-10,0.6128875891117621,1275.8638858795166,13727,75,0.0008130925512537438,False,AD,7.471111598914606e-05,0.002031112769368142,0.5201348908709884,0.8540841265923651,8.682482282992873e-05
275,0.0011935566814739885,0.0005802920275532995,0.001153073372946036,0.0014695518130045148,0.0008901808042696218,HOLD,False,8.957983745709216e-10,-2.8570025568196256e-09,2.9941473473357625e-09,-0.4069020298346716,-1.218325040157049e-09,-0.4081203548748287,1304.1760921478271,13727,75,0.0008901808042696218,False,AD,0.00015458143276518322,0.0020275630839211335,0.7498925569550086,0.6615596367838695,-0.052657906872784654
276,0.001164670453601151,0.0006548948816493628,0.001153073372946036,0.0014695518130045148,0.0008147394725215625,HOLD,False,-5.554416525925849e-10,1.4345082628876488e-09,1.5382878097832413e-09,0.6012751578094377,9.249348468589104e-10,0.6022000926562967,1328.1400203704834,13727,75,0.0008147394725215625,False,AD,7.458921676660918e-05,0.0020266929835350694,0.5280276550767647,0.8492271754204234,-0.015079410537333568
277,0.001188705088260369,0.000578590646270205,0.001153073372946036,0.0014695518130045148,0.000891673381774293,HOLD,False,8.814630711955572e-10,-2.7984351173295354e-09,2.9339761845973927e-09,-0.3950897705968603,-1.1591843727990058e-09,-0.3962489549696593,1325.3941535949707,13727,75,0.000891673381774293,False,AD,0.00015450637912676552,0.002023854998562164,0.757505860758906,0.6528283625226732,-0.042089555097691904
278,0.0011598232593679884,0.0006522213484719632,0.001153073372946036,0.0014695518130045148,0.0008173583358721594,HOLD,False,-5.444096488232422e-10,1.3879060386942083e-09,1.4908605025205057e-09,0.5901176465099768,8.797836811397285e-10,0.5909974301911165,1336.0328674316406,13727,75,0.0008173583358721594,False,AD,7.544631137413856e-05,0.0020220877702972033,0.5360757397965379,0.8441698888257101,-0.030974328828843174
279,0.001184314222262003,0.0005760623520465638,0.001153073372946036,0.0014695518130045148,0.0008940354621092571,HOLD,False,8.649941366936744e-10,-2.6898528101785938e-09,2.8255128732568382e-09,-0.3824287063812085,-1.0805576154117706e-09,-0.3835092639966203,1307.987928390503,13727,75,0.0008940354621092571,False,AD,0.000155411911531456,0.002020261800622666,0.7625464456363543,0.6469334728126929,-0.027129610303617675
280,0.0011544781793199905,0.0006501371029969011,0.001153073372946036,0.0014695518130045148,0.0008194159142082914,HOLD,False,-5.623961599128953e-10,1.3962761604124396e-09,1.5052828826572352e-09,0.5777402644573961,8.696631084498471e-10,0.578609927565846,1285.6242656707764,13727,75,0.0008194159142082914,False,AD,7.564706872432205e-05,0.002017265034462181,0.5412603672163742,0.8408550498624695,-0.05210591066447246
281,0.0011793550004259076,0.0005741032699246155,0.001153073372946036,0.0014695518130045148,0.0008958341460599193,HOLD,False,8.552088997764307e-10,-2.613871380538552e-09,2.7502192378527437e-09,-0.3673650241235372,-1.0103347240238136e-09,-0.368375358847561,1293.3530807495117,13727,75,0.0008958341460599193,False,AD,0.00015563979958401034,0.002016425936556362,0.7697303289486954,0.6383691883970138,-0.012472317682433964
282,0.0011496808458424759,0.0006465943007655072,0.001153073372946036,0.0014695518130045148,0.0008229645048182605,HOLD,False,-5.593446362447833e-10,1.3664237396453807e-09,1.4764756206460965e-09,0.5658311102581984,8.354364055304535e-10,0.5666665466637288,1261.6357803344727,13727,75,0.0008229645048182605,False,AD,7.747364713713614e-05,0.002012499934581468,0.5487053864607352,0.8360157886471982,-0.06962284041174177
283,0.0011752893588758404,0.000570803773255666,0.001153073372946036,0.0014695518130045148,0.0008990225742345025,HOLD,False,8.448642336370486e-10,-2.5004460765888026e-09,2.639323048663701e-09,-0.3546957367528094,-9.361569879701793e-10,-0.3556318937407796,1282.0062637329102,13727,75,0.0008990225742345025,False,AD,0.00015747197753388794,0.0020129006519355994,0.7722440604251671,0.6353259880850032,0.005979123256318189
284,0.0011442392295660819,0.0006445322580485008,0.001153073372946036,0.0014695518130045148,0.0008250668507151872,HOLD,False,-5.978371347855529e-10,1.4195633667385645e-09,1.5403147054789574e-09,0.5549061321540645,8.547306304234874e-10,0.555760862784488,1290.8713817596436,13727,75,0.0008250668507151872,False,AD,7.77612576425744e-05,0.002007632328074996,0.5513218308504751,0.834292657780295,-0.09177681260696803
285,0.001170298639205296,0.0005688955793188287,0.001153073372946036,0.0014695518130045148,0.0009008209372980779,HOLD,False,8.440547820343746e-10,-2.449844461668405e-09,2.591170847598138e-09,-0.3388686650027253,-8.78066944788226e-10,-0.3397467319475135,1300.6587028503418,13727,75,0.0009008209372980779,False,AD,0.0001577396634472558,0.0020090725790938347,0.7791351380912293,0.6268559935022533,0.02150295781383452
286,0.0011669312710395185,0.0006488246780979098,0.001153073372946036,0.0014695518130045148,0.0008208441212018112,TOGGLE_B_ON,True,-4.284371519248158e-10,1.0169543023198994e-08,1.0178563930822696e-08,0.8051921225632018,8.195700301296496e-09,0.7633878228644982,1477.1630764007568,13727,75,0.0008208441212018112,False,ABD,8.106675248277539e-05,0.0020267047539663024,0.5585961276504045,0.8294397905649347,0.30721808747122703
287,0.0011759043223791626,0.0005693294936547241,0.001153073372946036,0.0014695518130045148,0.0009005117858793046,MOVE_B_LEFT,True,1.986753239251217e-09,-1.760129405474195e-08,1.7713066951693303e-08,-0.5867740442838224,-1.0393568518689243e-08,-0.6471676128025117,1312.5970363616943,13727,75,0.0009005117858793046,False,ABD,0.00015906485932888316,0.00201298665616655,0.7388265829665187,0.6738956004457696,-0.20618834925050292
288,0.0011823435674760286,0.0006490699233161104,0.001153073372946036,0.0014695518130045148,0.0008210038219122239,TOGGLE_A_OFF,True,1.2741569250824183e-09,1.577852980181656e-08,1.5829891931928934e-08,0.8784165525376567,1.3905239976305233e-08,0.8423217925139619,1333.3749771118164,13727,75,0.0008210038219122239,False,BD,8.640221078652963e-05,0.0020386635064587426,0.5470493146537901,0.8371003806803896,0.4482865023828354
289,0.0011627842253362393,0.000726642032576196,0.001153073372946036,0.0014695518130045148,0.0007429732448145068,NARROW,True,-1.2842772437436935e-09,5.093427680743062e-09,5.252844332145923e-09,0.5184764059225351,2.7234763686779833e-09,0.47119988229121307,1381.9515705108643,13727,75,0.0007429732448145068,False,BD,7.301946787826989e-06,0.002049416021372771,0.7023777623108935,0.7118043825443235,0.163419286264882
290,0.0012104401241088652,0.0006623853962483176,0.001153073372946036,0.0014695518130045148,0.0008092024273802056,TOGGLE_C_ON,True,1.6654047597417936e-08,-2.2455417008505894e-08,2.7957164634543287e-08,0.18934073529543954,5.293430298020818e-09,0.14463416559346037,1303.5948276519775,13727,75,0.0008092024273802056,False,BCD,8.558375925446336e-05,0.00206424957980331,0.9014691223191779,0.43284341453127423,0.18876101649058075
291,0.0011962511080153744,0.0007411170405998657,0.001153073372946036,0.0014695518130045148,0.0007297133234729449,TOGGLE_C_OFF,True,-6.012296052033628e-10,3.336087233857478e-09,3.3898311270740065e-09,0.6243264626666138,2.1163619009297577e-09,0.5764428245675436,1297.5945472717285,13727,75,0.0007297133234729449,False,BD,9.037254959814859e-06,0.0020851207546591765,0.6580462146119914,0.7529775424493018,0.31656579572892585
292,0.0012296702679285947,0.0006684316930345235,0.001153073372946036,0.0014695518130045148,0.0008047735898634487,TOGGLE_C_OFF,False,9.541868298899382e-10,-2.0753185164713206e-09,2.284167124171113e-09,-0.11436174638721919,-2.612214557222269e-10,-0.11462296784294142,1314.7640228271484,13727,75,0.0008047735898634487,False,BD,8.887588971787124e-05,0.0020805779144559126,0.8548324501325136,0.5189041165749656,-0.05806721677672043
293,0.0012580350760320839,0.0007432343511507444,0.001153073372946036,0.0014695518130045148,0.0007338623948046574,TRANSLATE_TRAP_X_NEG,True,1.9476024804858644e-09,5.136147650375512e-09,5.49301084182915e-09,0.9550026853751757,5.245841059744478e-09,0.9102485264349202,1321.871280670166,13727,75,0.0007338623948046574,False,BD,4.0299703226919826e-05,0.002135422839434223,0.6159335796173038,0.7877980867569981,0.8352634143147173
294,0.0013118284905405293,0.0008024481042451276,0.001153073372946036,0.0014695518130045148,0.0006857335820878037,WIDEN,True,1.7739553518510754e-09,1.9527028571216257e-09,2.6381747551237073e-09,0.9999649946137865,2.6380834047625e-09,0.952603078018549,1343.8823223114014,13727,75,0.0006857335820878037,False,BD,3.1015241238756524e-05,0.0022084843639501,0.6785539224996122,0.7345505933960095,0.9996997882757563
295,0.0013323319736633463,0.0008797760240401949,0.001153073372946036,0.0014695518130045148,0.0006164163586242777,TRANSLATE_TRAP_X_POS,True,7.774697727746125e-10,2.9321905879153166e-09,3.033512962134393e-09,0.9397360389461371,2.850702394863976e-09,0.892586741341001,1315.4704570770264,13727,75,0.0006164163586242777,False,BD,-1.3232633993802835e-06,0.0022791839447733296,0.5713285304159136,0.8207214572136005,0.9473182132767921
296,0.0013774761996894398,0.0009458214542871469,0.001153073372946036,0.0014695518130045148,0.0005697807624803183,TRANSLATE_TRAP_X_POS,False,2.7022678022723793e-08,3.953383529942617e-08,4.7886838076886575e-08,0.9999699723085871,4.788540114566003e-08,1.047855373454247,1299.1933822631836,13727,75,0.0005697807624803183,False,BD,7.749071476701385e-06,0.002358167755905184,0.5578903934819337,0.8299146395013002,0.9776493462879378
297,0.001402780857541326,0.0010217139723043992,0.001153073372946036,0.0014695518130045148,0.0005127499970022908,TRANSLATE_TRAP_Y_NEG,True,5.512500025889655e-09,1.6532826090108444e-08,1.7427621612291332e-08,0.9996299212575853,1.7421173019631702e-08,0.967051094277217,3538.8734340667725,13727,75,0.0005127499970022908,False,BD,1.0318317083313211e-05,0.0024364859897916475,0.3419957867550194,0.939701485494099,0.9915793787072337
298,0.001400390272323436,0.0010276183465356384,0.001153073372946036,0.0014695518130045148,0.0005064294990448804,TOGGLE_A_ON,True,-4.506146974982334e-11,1.1129483225343577e-10,1.2007112784651709e-10,0.8652496368773713,1.0389236501829222e-10,0.8153535292423896,1299.4000911712646,13727,75,0.0005064294990448804,False,ABD,6.8801714626434696e-06,0.0024417356509191766,0.13996339721406967,0.99015667822739,0.8453610775868912
299,0.0013890469717536607,0.0011068100729480846,0.001153073372946036,0.0014695518130045148,0.00043274138849131203,MOVE_A_LEFT,True,-4.5692174667366625e-10,3.1899376845301074e-09,3.222495913693083e-09,0.9591736287532878,3.090934058353265e-09,0.912264562811641,1292.6735877990723,13727,75,0.00043274138849131203,False,ABD,-1.089342934839575e-05,7.001085234173639e-06,0.14395697026366008,0.9895839482886274,0.9922265615419179
