step_idx,particle_x,particle_y,target_x,target_y,tracking_error,chosen_action,action_switched,Fp_x,Fp_y,Fp_mag,Fp_hat_dot_d,Fp_dot_d,score,solver_time_ms,n_actions_evaluated,target_idx,dist_to_target,target_advanced,gates_active,cross_track_error,arc_progress,d_hat_x,d_hat_y,tangent_alignment
0,0.0013254582523174764,0.0011290435509611857,0.0014,0.0011,7.999999999999994e-05,TOGGLE_B_OFF,False,-2.9395811136038333e-09,1.145343066560645e-09,3.1548292923032926e-09,0.36304427193873,1.1453430665594997e-09,0.3641896150052895,1393.7840461730957,13727,1,7.999999999999994e-05,True,ACD,-7.324840956166544e-05,3.560127307701561e-05,1.6263032587266304e-19,0.999999999999,0.4444286075752249
1,0.0013266688790859306,0.001132202270618428,0.0013999506529926643,0.0011062829269247283,7.77305008631089e-05,TOGGLE_A_OFF,True,2.2819776972086715e-11,5.954046281965382e-11,6.376369604903999e-11,0.8983434259261147,5.7282595501831976e-11,0.8484007085216165,1386.0135078430176,13727,2,7.77305008631089e-05,True,CD,-7.174774517721772e-05,3.930409958282424e-05,-0.08866684420635176,0.9960613388423859,0.8941544017403918
2,0.0013265750864118254,0.0011343361861959136,0.0013998026241462927,0.0011125643036312513,7.639559642454716e-05,NARROW,True,-1.7679502555754802e-12,4.022336100965963e-11,4.02621959040934e-11,0.9985110723078008,4.0203246916735354e-11,0.9485512755547175,1372.586727142334,13727,3,7.639559642454716e-05,True,CD,-7.162481709579267e-05,4.190215044635452e-05,-0.09788799965724575,0.9951974374570619,0.9981504030178285
3,0.00132648246900029,0.0011365485002676529,0.0013995559499847881,0.001118842580283857,7.518798591307257e-05,HOLD,True,-1.7457970780453466e-12,4.17011378112571e-11,4.173766527000724e-11,0.9980110598677981,4.165564956358719e-11,0.9480527155173617,3666.654586791992,13727,4,7.518798591307257e-05,True,CD,-7.147816596710067e-05,4.459285458688748e-05,-0.10435019010657043,0.9945406164771364,0.9975759677189698
4,0.0013263910381435908,0.0011388421771272189,0.0013992106913713086,0.0011251162078117255,7.410198465530419e-05,HOLD,False,-1.7234310463045038e-12,4.3234790230328676e-11,4.326912641632473e-11,0.9974271487070324,4.3158798815627614e-11,0.9974703075058481,1396.0309028625488,13727,5,7.410198465530419e-05,True,CD,-7.13058800275959e-05,4.7379188245812765e-05,-0.1110382523950289,0.9938161331469003,0.9969120628577567
5,0.0013263008055529847,0.0011412202929904035,0.0013987669334932513,0.001131383638291138,7.313070131160837e-05,HOLD,False,-1.7008442625780578e-12,4.482642795099784e-11,4.485868381987533e-11,0.9967547167315787,4.471410143854802e-11,0.9967994308330173,1365.9539222717285,13727,6,7.313070131160837e-05,True,CD,-7.110590114941043e-05,5.026417333534877e-05,-0.11795877408055001,0.9930184930883279,0.9961536855809866
6,0.0013262022007759279,0.0011436492403457657,0.001398224785841232,0.0011376433253274059,7.227256585106635e-05,HOLD,False,-1.858656259265033e-12,4.578457900537305e-11,4.582229018490185e-11,0.9963786437706181,4.565734772753998e-11,0.9964243011183457,1366.8789863586426,13727,7,7.227256585106635e-05,True,CD,-7.089039519664407e-05,5.3208086661516575e-05,-0.12511834800147292,0.9921418240309104,0.9957298329434253
7,0.001326093023333373,0.0011461226265253213,0.001397584382182072,0.0011438937244364182,7.152609589901688e-05,HOLD,False,-2.0579463088093172e-12,4.6622231107094723e-11,4.6667628784986413e-11,0.996047806377966,4.648418532795332e-11,0.9960942905632939,1332.2548866271973,13727,8,7.152609589901688e-05,True,CD,-7.066133457443236e-05,5.6203227203829634e-05,-0.13241748315866536,0.9911940325445489,0.9953575162071947
8,0.00132597301641902,0.0011486413613580986,0.0013968458805257912,0.0011501332934257217,7.088856556590252e-05,HOLD,False,-2.2620770430683653e-12,4.747703308196482e-11,4.753089166862704e-11,0.9956867437500733,4.73268744398165e-11,0.9957340706245131,1328.9425373077393,13727,9,7.088856556590252e-05,True,CD,-7.041785626632653e-05,5.925041100513688e-05,-0.13983629564519812,0.9901746363234258,0.9949524836192122
9,0.0013258419129835877,0.0011512063861280882,0.001396009463086623,0.0011563604927750332,7.035659104014384e-05,HOLD,False,-2.471241537687205e-12,4.834957784205248e-11,4.841269164426083e-11,0.9952934103474832,4.8185828264127816e-11,0.9953415961757474,1328.6902904510498,13727,10,7.035659104014384e-05,True,CD,-7.01590591859422e-05,6.235046359068461e-05,-0.1473759978647416,0.9890805403258986,0.9945125972882366
10,0.0013256994352174403,0.0011538186750814224,0.0013950753362380552,0.0011625737860160924,6.99261582664208e-05,HOLD,False,-2.6856426205717917e-12,4.924048670909083e-11,4.93136716097431e-11,0.9948656648161945,4.9061473556219386e-11,0.9949147262897508,1281.0373306274414,13727,11,6.99261582664208e-05,True,CD,-6.988400237419685e-05,6.55042196273841e-05,-0.1550377663334748,0.9879085438482282,0.9940356209007158
11,0.0013255452940030797,0.0011564792370196558,0.0013940437304619095,0.0011687716401117638,6.959266463560081e-05,HOLD,False,-2.905493439902219e-12,5.0150411037446506e-11,5.023450626167387e-11,0.9944012685623324,4.9954251153479496e-11,0.9944512228134859,1280.2603244781494,13727,12,6.959266463560081e-05,True,CD,-6.959170309770666e-05,6.871252253998793e-05,-0.1628227372994901,0.98665533810764,0.993519218304038
12,0.0013253791883354373,0.0011591891169849728,0.0013929149002914756,0.00117495252583429,6.935097294169488e-05,HOLD,False,-3.131018071108903e-12,5.108003394690192e-11,5.1175903921457636e-11,0.9938978842648049,5.0864616530759944e-11,0.9939487488813357,1253.3938884735107,13727,13,6.935097294169488e-05,True,CD,-6.928113484216123e-05,7.197622408147452e-05,-0.17073200208572645,0.9853175038848133,0.992960952038055
13,0.0013252008047077335,0.0011619493980436044,0.0013916891242487064,0.0011811149181426052,6.919547525704058e-05,HOLD,False,-3.362452165889514e-12,5.2030072173840384e-11,5.213860848721353e-11,0.9933530743385148,5.1793040385580084e-11,0.9934048673789004,1265.058994293213,13727,14,6.919547525704058e-05,True,CD,-6.895122519404737e-05,7.52961838548501e-05,-0.17876660214542228,0.9838915092404142,0.9923582818285471
14,0.0013250098164604982,0.0011647612031742294,0.001390366704775499,0.001187257296558617,6.912016397389809e-05,HOLD,False,-3.6000436466187265e-12,5.3001278050184866e-11,5.312340152146291e-11,0.9927642993613724,5.2740009255447353e-11,0.9928170393706279,1286.4277362823486,13727,15,6.912016397389809e-05,True,CD,-6.86008536036031e-05,7.86732687834934e-05,-0.18692752381922942,0.9823737073216136,0.9917085630570515
15,0.0013248053699503731,0.0011676216770559501,0.0013889479681590707,0.0011933781455423622,6.912068123111883e-05,HOLD,False,-3.853725925565057e-12,5.3918662395596914e-11,5.405620554607703e-11,0.9921636272052403,5.3633593131175025e-11,0.9922172607983715,1330.9838771820068,13727,16,6.912068123111883e-05,True,CD,-6.823017081648619e-05,8.210373340073323e-05,-0.1952156927833834,0.9807603342759654,0.9910477481341982
16,0.0013245804871050934,0.001170479605491318,0.0013874332644514525,0.001199475954865942,6.921892730464876e-05,HOLD,False,-4.238941767895749e-12,5.3870681862224077e-11,5.403720007191869e-11,0.9919875116655299,5.360521962422668e-11,0.9920411168851542,1314.1286373138428,13727,17,6.921892730464876e-05,True,CD,-6.785565276586227e-05,8.552851649426188e-05,-0.20362065842241847,0.9790498595381242,0.9908614821142275
17,0.0013243350818998982,0.0011733351568605948,0.0013858229673831192,0.0012055492199861493,6.941545882766259e-05,HOLD,False,-4.6257791387621076e-12,5.382587522201126e-11,5.402427857969167e-11,0.9918150248972721,5.358308301959895e-11,0.9918686079802917,1307.3310852050781,13727,18,6.941545882766259e-05,True,CD,-6.747738335147543e-05,8.894799036201096e-05,-0.21199677416210055,0.9772703657345101,0.9906791417606039
18,0.0013240690667523805,0.0011761885073980224,0.0013841174742707772,0.0012115964424156919,6.971035151045321e-05,HOLD,False,-5.0142673991104516e-12,5.378439051899247e-11,5.4017622504598154e-11,0.9916459978146148,5.356735081414324e-11,0.991699565165429,1312.8676414489746,13727,19,6.971035151045321e-05,True,CD,-6.709543607018943e-05,9.23625376405212e-05,-0.2203444092007517,0.9754221349405453,0.9905005253021247
19,0.0013237823524614313,0.0011790398412282242,0.001382317205919332,0.0012176161300929216,7.010320343543861e-05,HOLD,False,-5.4044370607531915e-12,5.374637648336379e-11,5.401741316497045e-11,0.9914802270228176,5.355818854821726e-11,0.9915337852113658,1317.5873756408691,13727,20,7.010320343543861e-05,True,CD,-6.67098737333472e-05,9.577255099402454e-05,-0.22866395789584928,0.9735054156795457,0.9903253960387098
20,0.0013234748481456356,0.0011818893504058133,0.0013804226065180615,0.001223606797749979,7.059314836836117e-05,HOLD,False,-5.7963197967042244e-12,5.371198259190324e-11,5.4023831751724e-11,0.9913174754007046,5.3555759821066864e-11,0.9913710311605256,1306.4258098602295,13727,21,7.059314836836117e-05,True,CD,-6.632074818363666e-05,9.917843280382097e-05,-0.23695583812123508,0.9715204222136882,0.990153482934682
21,0.0013231464611810973,0.0011847372349583704,0.0013784341435310182,0.0012295669672792598,7.117887832488197e-05,HOLD,False,-6.189948451967978e-12,5.368135913151218e-11,5.403705932084394e-11,0.9911574727112459,5.3560226306668057e-11,0.9912110329375525,1307.201862335205,13727,22,7.117887832488197e-05,True,CD,-6.592810001100592e-05,0.0001025805948578816,-0.2452204896136577,0.9694673338857984,0.9899844812386516
22,0.0013227970971386649,0.001187583702932962,0.0013763523075816901,0.0012354951680981167,7.185867421452025e-05,HOLD,False,-6.585357054806108e-12,5.365465726593188e-11,5.405727678919741e-11,0.9909999162302752,5.3571747769647664e-11,0.9910534879780448,1422.877550125122,13727,23,7.185867421452025e-05,True,CD,-6.553195826716432e-05,0.00010597945804056191,-0.253458372309345,0.9673462945110697,0.9898180531201032
23,0.001322426659720533,0.0011904289704463683,0.001374177612331947,0.001241389937511703,7.263044306916298e-05,HOLD,False,-6.9825808285048515e-12,5.3632029105693495e-11,5.4084664933976964e-11,0.9908444713829376,5.35904820809011e-11,0.9908980618650185,1326.4977931976318,13727,24,7.263044306916298e-05,True,CD,-6.513234017819743e-05,0.00010937545202226183,-0.26166996467112974,0.9651574118178908,0.9896538283123547
24,0.0013220355470841818,0.001193263414152486,0.0013719105943553007,0.0012472498210738712,7.349865626375586e-05,HOLD,False,-7.372299510522394e-12,5.342800514491676e-11,5.393424268345761e-11,0.9907311331004138,5.3435324097827756e-11,0.9907845684245117,1322.9849338531494,13727,25,7.349865626375586e-05,True,CD,-6.473151355192007e-05,0.0001127575651118908,-0.26985576200648664,0.9629007569370264,0.9895385162626751
25,0.0013216258421158626,0.0011960467010902619,0.0013695518130045147,0.001253073372946036,7.449120745810251e-05,HOLD,False,-7.72275671166358e-12,5.2463722779298367e-11,5.302907861815643e-11,0.9908088141711346,5.2542669311057615e-11,0.9908613568404457,1303.9908409118652,13727,26,7.449120745810251e-05,True,CD,-6.433923210023509e-05,0.00011607929181542039,-0.27798877203542866,0.9605843235345006,0.9896433009498681
26,0.0013211978864544924,0.001198779708977843,0.0013671018502735925,0.0012588591562539123,7.560895369797975e-05,HOLD,False,-8.06677417093758e-12,5.151598501096731e-11,5.2143739386192036e-11,0.9909255136724531,5.167155266157855e-11,0.9909771852251147,1330.1806449890137,13727,27,7.560895369797975e-05,True,CD,-6.395608446427677e-05,0.00011934222208945084,-0.2859572193188792,0.9582423851601505,0.9897887621799955
27,0.0013207520236009301,0.0012014632885359968,0.0013645613106541782,0.0012646057434420436,7.685195666784317e-05,HOLD,False,-8.404316791558115e-12,5.058428295131584e-11,5.1277697124887036e-11,0.991079740277826,5.0821277828318353e-11,0.9911305615556543,3531.2719345092773,13727,28,7.685195666784317e-05,True,CD,-6.358261108463706e-05,0.00012254789687443936,-0.2937654125527745,0.9558775457064039,0.9899732649399134
28,0.0013202885986246565,0.0012040982647017735,0.0013619308209864079,0.0012703117166260292,7.821953655546205e-05,HOLD,False,-8.735355005707022e-12,4.966813058873057e-11,5.0430443417195177e-11,0.9912697964392307,4.9991166650299646e-11,0.991319787605881,1503.4241676330566,13727,29,7.821953655546205e-05,True,CD,-6.321930708120036e-05,0.0001256978089300313,-0.301417546413299,0.9534922457535702,0.9901949781490171
29,0.0013198079578764061,0.0012066854377985234,0.0013592110303042462,0.001275975667942366,7.971033879077603e-05,HOLD,False,-9.059864662317519e-12,4.8767063965886375e-11,4.960148864250309e-11,0.9914937926014985,4.918055958662814e-11,0.9915429731610851,1333.67919921875,13727,30,7.971033879077603e-05,True,CD,-6.286662496967211e-05,0.00012879340376617123,-0.3089177014842093,0.9510887727797616,0.990451888177461
30,0.0013193104487068171,0.0012092255846633977,0.0013564026096753471,0.0012815961998958187,8.132240991531466e-05,HOLD,False,-9.377826913644981e-12,4.788064037837125e-11,4.879036135001666e-11,0.9917496604980549,4.8388816054116936e-11,0.991798049314109,1376.6086101531982,13727,31,8.132240991531466e-05,True,CD,-6.252497722289147e-05,0.00013183608065379766,-0.3162698446917379,0.9486692707875931,0.9907418114811871
31,0.001318796419191167,0.001211719459733433,0.0013535062520354775,0.0012871719257042293,8.30532787862958e-05,HOLD,False,-9.689228100571344e-12,4.700843759396197e-11,4.7996607653148974e-11,0.9920351655750211,4.7615314655396547e-11,0.9920827808896765,1385.5905532836914,13727,32,8.30532787862958e-05,True,CD,-6.219473868478555e-05,0.00013482719370063934,-0.3234778301780559,0.9462357493676173,0.9910624064006072
32,0.00131826621786026,0.0012141677960912768,0.0013505226720175454,0.0012927014696406862,8.490003955220666e-05,HOLD,False,-9.99405963660299e-12,4.615005309191283e-11,4.7219790643398136e-11,0.9923479185928227,4.685945330928358e-11,0.992394778046132,1319.0081119537354,13727,33,8.490003955220666e-05,True,CD,-6.187624884457791e-05,0.00013776805297919118,-0.33054540055113607,0.9437900922199219,0.9914111841716374
33,0.0013177201934375425,0.001216571306471587,0.0013474526057752766,0.001298183467372963,8.685943328397396e-05,HOLD,False,-1.0292317890537494e-11,4.530510332165922e-11,4.645948982227523e-11,0.9926853864562781,4.612064929417326e-11,0.9927315071055723,1328.087329864502,13727,34,8.685943328397396e-05,True,CD,-6.156981397859604e-05,0.00014065992569537548,-0.3374761884551704,0.9413340651563451,0.9917855191993382
34,0.0013171652373624098,0.0012189120275025536,0.0013442968108015774,0.0013036165663001485,8.894369662993673e-05,HOLD,False,-1.0460675572212805e-11,4.412155196992578e-11,4.5344647773049806e-11,0.9929444068405271,4.502570733081041e-11,0.9929894325478579,1282.5899124145508,13727,35,8.894369662993673e-05,True,CD,-6.127613299927953e-05,0.00014348069546555662,-0.34427371841150106,0.9388693236063889,0.9920835111329754
35,0.0013166064885783754,0.0012211777406899702,0.001341056065741637,0.0013089994258863795,9.116156105617921e-05,HOLD,False,-1.0532166450749122e-11,4.270768742837926e-11,4.39871924044537e-11,0.9931719920195177,4.36878406756691e-11,0.9932156798601933,1254.7743320465088,13727,36,9.116156105617921e-05,True,CD,-6.0995997886965166e-05,0.00014621538882794624,-0.35088676380803996,0.9364178976196048,0.9923524348942149
36,0.0013160442969243496,0.001223370356052908,0.0013377311702008061,0.0013143307179915987,9.350993485468114e-05,HOLD,False,-1.0597063021179921e-11,4.1329825898118637e-11,4.266675817827805e-11,0.9934447064773345,4.238805849946533e-11,0.993487094535834,1260.6019973754883,13727,37,9.350993485468114e-05,True,CD,-6.072983866684103e-05,0.00014886663938273965,-0.35728133804011664,0.933996812353374,0.992667725309483
37,0.0013154803287514175,0.0012254907324066723,0.0013343229445473082,0.0013196091271992529,9.598602194259126e-05,HOLD,False,-1.063054961365044e-11,3.9968152654988465e-11,4.135772977014992e-11,0.9937074633714846,4.1098478448162384e-11,0.9937485618499328,1252.4423599243164,13727,38,9.598602194259126e-05,True,CD,-6.0477155777309316e-05,0.00015143531751135464,-0.36346483747399155,0.9316079174835326,0.9929715544896968
38,0.001314915348382451,0.0012275402375636468,0.0013308322297098248,0.0013248333511408524,9.858649532637182e-05,HOLD,False,-1.064962905940547e-11,3.863226206787393e-11,4.0073261304563474e-11,0.9939946982944942,3.9833603274804294e-11,0.9940345318977689,1290.0640964508057,13727,39,9.858649532637182e-05,True,CD,-6.023804091006321e-05,0.00015392318844537604,-0.3694405086947413,0.9292543841884042,0.9933001217585058
39,0.0013143496124457979,0.0012295205768388159,0.0013272598869700095,0.0013300021008173116,0.00010130751131743152,HOLD,False,-1.0663871174765945e-11,3.7328515910921306e-11,3.882185271910537e-11,0.9943232014278128,3.8602463204221324e-11,0.994361803891017,1564.6274089813232,13727,40,0.00010130751131743152,True,CD,-6.001285514084081e-05,0.00015633257026644636,-0.37521365303055343,0.9269383553276169,0.9936710292763717
40,0.0013137833661695827,0.001231433430488448,0.001323606797749979,0.0013351141009169893,0.00010414500097713061,HOLD,False,-1.067349084888041e-11,3.6056441838459366e-11,3.760306377080645e-11,0.9946893163374864,3.7404360483694714e-11,0.9947267206979701,1309.1001510620117,13727,41,0.00010414500097713061,True,CD,-5.980189957221089e-05,0.00015866572532897822,-0.38079080825492995,0.9246612138218824,0.9940804575475204
41,0.0013132168435409212,0.001233280454117911,0.0013198738633948361,0.0013401680901303536,0.00010709473677853558,HOLD,False,-1.0678699969772466e-11,3.481557519196785e-11,3.6416464806348046e-11,0.995088751716815,3.6238609594839926e-11,0.9951249903264098,1311.9895458221436,13727,42,0.00010709473677853558,True,CD,-5.960541936215482e-05,0.00016092486109024835,-0.3861783286996062,0.9224241423774525,0.9945239647879215
42,0.0013126502674844086,0.0012350632790143262,0.001316062004950276,0.0013451628214611907,0.00011015239080267361,HOLD,False,-1.0679707061037791e-11,3.3605457583290844e-11,3.5261635275351885e-11,0.9955165473435286,3.510453691955243e-11,0.9955516518804481,1326.9479274749756,13727,43,0.00011015239080267361,True,CD,-5.942360754718489e-05,0.00016311213099709344,-0.39138238768156064,0.9202281383497682,0.9949964519478933
43,0.001312083850058088,0.0012367835124123111,0.001312172162935332,0.0013500970625342822,0.00011331358453605082,HOLD,False,-1.0676716952361806e-11,3.2425635633416945e-11,3.413816238627921e-11,0.9959670363897175,3.4001480386689824e-11,0.9960010378701042,1308.7165355682373,13727,44,0.00011331358453605082,True,CD,-5.9256608670207596e-05,0.0001652296354163369,-0.396408980305966,0.9180740276964511,0.9954921241297332
44,0.0013115177926651528,0.0012384427377006239,0.0013082052971103157,0.001354969595899476,0.00011657393065559811,HOLD,False,-1.0669930482933683e-11,3.127565985848286e-11,3.304563989536522e-11,0.9964338042625323,3.292878910903274e-11,0.9964667330516412,1376.155138015747,13727,45,0.00011657393065559811,True,CD,-5.910452222270121e-05,0.00016727942259790038,-0.40126392657654736,0.9159624780668534,0.996004448576054
45,0.0013109522862796916,0.001240042514577075,0.0013041623862400124,0.0013597792193320735,0.00011992906740292167,HOLD,False,-1.0659544236737222e-11,3.015508369464941e-11,3.198366701874988e-11,0.9969096442291105,3.1885823018448504e-11,0.996941530052129,1425.4209995269775,13727,46,0.00011992906740292167,True,CD,-5.8967405910171895e-05,0.00016926348966116544,-0.4059528747534019,0.9138940110742867,0.9965261094798294
46,0.0013103875116848454,0.001241584379158634,0.001300044427852184,0.001364524746129461,0.0001233746862775791,HOLD,False,-1.0645750308616097e-11,2.9063462653535804e-11,3.095184745773457e-11,0.9973865101718282,3.087195250575083e-11,0.997417382124334,1343.186616897583,13727,46,0.0001233746862775791,False,CD,-5.884527874929559e-05,0.0001711837835965647,-0.410481304906002,0.9118690137956578,0.9970489599597862
47,0.0013098325398813225,0.0012430615009877113,0.001300044427852184,0.001364524746129461,0.0001218569942902734,HOLD,False,-1.0460972045380139e-11,2.784309052011829e-11,2.9743396340124404e-11,0.997628874457972,2.967386864223013e-11,0.9976585483266143,1339.5414352416992,13727,46,0.0001218569942902734,False,CD,-5.873354129922435e-05,0.00017302895074705144,-0.4148545326159288,0.909887749541678,0.997323682928932
48,0.0013092908777043288,0.0012444724788921084,0.001300044427852184,0.001364524746129461,0.00012040782243565795,HOLD,False,-1.0210091495827314e-11,2.6596306912986973e-11,2.848876111316468e-11,0.9977974340723841,2.8427010536050905e-11,0.9978258610829202,1386.0454559326172,13727,46,0.00012040782243565795,False,CD,-5.863048731858799e-05,0.0001747960530214564,-0.4190476457171645,0.9079642452304504,0.9975196188012333
49,0.0013087621738690155,0.001245819615223741,0.001300044427852184,0.001364524746129461,0.0001190248175758235,HOLD,False,-9.965832509667806e-12,2.5392921617046828e-11,2.7278531592815546e-11,0.9979908623407711,2.7224723258566294e-11,0.9980180870640296,1319.9574947357178,13727,47,0.0001190248175758235,True,CD,-5.8536326681270505e-05,0.0001764879515676183,-0.42305498783104845,0.9061040101827555,0.9977411779370694
50,0.0013082460743578303,0.0012471051730598588,0.001295852437991444,0.0013692050054039094,0.00012272722306329374,HOLD,False,-9.728246597165715e-12,2.4232194322272116e-11,2.611202833040021e-11,0.9982052117090484,2.606616097291152e-11,0.9982312778700213,1328.4683227539062,13727,47,0.00012272722306329374,False,CD,-5.84512124190981e-05,0.000178107447444188,-0.42688403761623994,0.9043063742042609,0.9979842565799856
51,0.0013077422237504524,0.0012483313733666337,0.001295852437991444,0.0013692050054039094,0.00012145699620556173,HOLD,False,-9.497360199872216e-12,2.3113331253560577e-11,2.4988516010418406e-11,0.998435676272646,2.4950424317588213e-11,0.9984606266969636,3545.833110809326,13727,47,0.00012145699620556173,False,CD,-5.8375245914899876e-05,0.00017965727843954172,-0.4305420603893702,0.9025705148262243,0.9982439081189446
52,0.0013072502664422609,0.0012495003925247895,0.001295852437991444,0.0013692050054039094,0.0001202460179712168,HOLD,False,-9.273176791764237e-12,2.2035491995008506e-11,2.3907210528905264e-11,0.9986765244419572,2.3876568596633713e-11,0.9987004010105538,1332.1151733398438,13727,47,0.0001202460179712168,False,CD,-5.830848182328789e-05,0.00018114011647063307,-0.4340361046313891,0.9008954766644184,0.9985142747283813
53,0.0013067698477552316,0.0012506143601992942,0.001295852437991444,0.0013692050054039094,0.0001190921112668567,HOLD,False,-9.055678906910904e-12,2.0997795975361106e-11,2.2867285721920782e-11,0.9989210239919293,2.284361139028112e-11,0.9989438676033195,1346.5712070465088,13727,48,0.0001190921112668567,True,CD,-5.825093271522941e-05,0.00018255856551074444,-0.43737299990914746,0.8992801893450522,0.9987885113856466
54,0.0013063006149455544,0.0012516753575344242,0.0012915874509685646,0.0013738188423714755,0.00012302645277481085,HOLD,False,-8.844830086231955e-12,1.9999328601138464e-11,2.186787972691063e-11,0.9991613594423473,2.185053959742121e-11,0.9991832099819448,1322.9868412017822,13727,48,0.00012302645277481085,False,CD,-5.8202573445585866e-05,0.0001839151599976278,-0.4405593560419301,0.8977234840427867,0.9990587022202604
55,0.0013058422181125681,0.0012526854156550591,0.0012915874509685646,0.0013738188423714755,0.00012196928078164262,HOLD,False,-8.640576737631687e-12,1.903914702891179e-11,2.090810096463623e-11,0.9993885418861,2.089631592519705e-11,0.9994094382020252,1315.1602745056152,13727,48,0.00012196928078164262,False,CD,-5.816334524546109e-05,0.0001852123636761829,-0.4436015633567329,0.8962241086834599,0.9993157693183309
56,0.0013053943110138287,0.0012536465144548415,0.0012915874509685646,0.0013738188423714755,0.00012096287769895567,HOLD,False,-8.442849905343418e-12,1.811628557262295e-11,1.9987033733723065e-11,0.9995923116020631,1.9979884844272254e-11,0.9996122914869073,1320.5194473266602,13727,48,0.00012096287769895567,False,CD,-5.813315954346647e-05,0.0001864525688325536,-0.44650579388966183,0.8947807418697402,0.9995493743232757
57,0.0013049565517912745,0.0012545605816518322,0.0012915874509685646,0.0013738188423714755,0.0001200052732453128,HOLD,False,-8.251566945706096e-12,1.7229760745719128e-11,1.9103743413639985e-11,0.9997610340670303,1.9100178030805996e-11,0.9997801342450611,1308.171033859253,13727,48,0.0001200052732453128,False,CD,-5.811190152189133e-05,0.00018763809587927705,-0.4492780034038307,0.8933920055918718,0.9997478134504404
58,0.0013045286036135351,0.0012554294920924499,0.0012915874509685646,0.0013738188423714755,0.00011909454937683021,HOLD,False,-8.066633107819637e-12,1.637857594122926e-11,1.8257281275118315e-11,0.999881590327926,1.8256119318019893e-11,0.9998998464472441,1256.810188293457,13727,49,0.00011909454937683021,True,CD,-5.809943341531811e-05,0.00018877119325385743,-0.451923934106426,0.8920564767881967,0.9998979068789153
59,0.0013041101352394562,0.0012562550672848077,0.0012872505191052755,0.0013783651186369257,0.00012326845215791763,HOLD,False,-7.88794301859805e-12,1.5561725755781833e-11,1.744668889969708e-11,0.9999392631222666,1.7446629181549647e-11,0.9999567097514481,1249.9721050262451,13727,49,0.00012326845215791763,False,CD,-5.809559756045834e-05,0.00018985403759582407,-0.45444911795916837,0.8907726978214665,0.999984883909755
60,0.001303700821507887,0.0012570390751430033,0.0012872505191052755,0.0013783651186369257,0.00012243619268429787,HOLD,False,-7.715382072667988e-12,1.477819996598337e-11,1.6671002212279783e-11,0.9999176206521085,1.667062878360949e-11,0.9999342912808922,1234.5788478851318,13727,49,0.00012243619268429787,False,CD,-5.810021920695061e-05,0.00019088873416994758,-0.45685888048718976,0.8895391859372984,0.9999922657964697
61,0.001303300343758715,0.0012577832299244718,0.0012872505191052755,0.0013783651186369257,0.00012164534005406362,HOLD,False,-7.548827728351781e-12,1.4026987167571229e-11,1.592925513235131e-11,0.9997984005339093,1.592704360142194e-11,0.9998143275775108,1243.943691253662,13727,49,0.00012164534005406362,False,CD,-5.811310909958347e-05,0.000191877317505807,-0.4591583450013519,0.8883544417706365,0.9999017487705517
62,0.0013029083901900263,0.0012584891923431499,0.0012872505191052755,0.0013783651186369257,0.00012089419602155203,HOLD,False,-7.38815071164363e-12,1.3307078089378462e-11,1.522048285090774e-11,0.9995613971706582,1.521480666546255e-11,0.9995766119773236,1240.0095462799072,13727,49,0.00012089419602155203,False,CD,-5.813406584291391e-05,0.00019282175222631623,-0.4613524371582667,0.8872169569649396,0.9996930905086938
63,0.0013025246561561453,0.0012591585698419055,0.0012872505191052755,0.0013783651186369257,0.00012018111556425284,HOLD,False,-7.233216130638669e-12,1.2617468595411035e-11,1.4543724741231702e-11,0.9991843566258161,1.4532861432867188e-11,0.9991988894872489,1247.6913928985596,13727,49,0.00012018111556425284,False,CD,-5.81628780595727e-05,0.00019372393404011037,-0.46344588979076584,0.8861252209671302,0.9993440041218365
64,0.0013021488444111464,0.001259792917008442,0.0012872505191052755,0.0013783651186369257,0.00011950450659261902,HOLD,False,-7.0838845033249975e-12,1.1957162389302223e-11,1.3898026912500627e-11,0.9986428840168565,1.3880164320927532e-11,0.9986567641811774,1283.5540771484375,13727,50,0.00011950450659261902,True,CD,-5.819932635370951e-05,0.00019458569087486884,-0.46544324794931446,0.8850777270592638,0.998830064685052
65,0.0013017806653022649,0.0012603937361196844,0.001282842712474619,0.001382842712474619,0.00012390479356212772,HOLD,False,-6.9400127020032416e-12,1.1325173436091684e-11,1.328244441590188e-11,0.9979103694758303,1.3255686924984302e-11,0.9979236251627553,1277.221441268921,13727,50,0.00012390479356212772,False,CD,-5.824318509105265e-05,0.00019540878413069787,-0.4673488741019345,0.8840729776854701,0.9981246343578954
66,0.0013014198369174382,0.0012609624778004611,0.001282842712474619,0.001382842712474619,0.00012328787919658525,HOLD,False,-6.801454817868502e-12,1.0720528116711888e-11,1.2696043113534105e-11,0.9969579398187207,1.2658417944258437e-11,0.996970598236665,1280.6191444396973,13727,50,0.00012328787919658525,False,CD,-5.829422400696984e-05,0.00019619491003461005,-0.46916695344660686,0.8831094891301017,0.9971988132405503
67,0.0013010660851910185,0.001261500541783136,0.001282842712474619,0.001382842712474619,0.00012270294903253887,HOLD,False,-6.668062949487309e-12,1.0142267130797293e-11,1.2137901221000959e-11,0.9957544441809993,1.2087364838285865e-11,0.9957665315458376,1282.2556495666504,13727,50,0.00012270294903253887,False,CD,-5.835220965372533e-05,0.00019694570107893462,-0.4709014992959148,0.8821857956002574,0.9960214242284801
68,0.0013007191439714878,0.0012620092777556643,0.001282842712474619,0.001382842712474619,0.00012214862156013933,HOLD,False,-6.539687919032778e-12,9.589447163471766e-12,1.1607110535329624e-11,0.9942664829495564,1.1541555235651878e-11,0.9942780245047921,1284.6629619598389,13727,50,0.00012214862156013933,False,CD,-5.84169066978631e-05,0.0001976627275281584,-0.4725563584989146,0.8813004527629865,0.9945590412031737
69,0.001300378755054798,0.0012624899862863786,0.001282842712474619,0.001382842712474619,0.00012162356469991915,HOLD,False,-6.416179920216182e-12,9.061142331659623e-12,1.1102777360785873e-11,0.9924584902625728,1.1020038115697284e-11,0.9924695103006885,1341.336965560913,13727,50,0.00012162356469991915,False,CD,-5.848807907831707e-05,0.00019834749898024368,-0.4741352168699124,0.8804520407845738,0.9927760708403938
70,0.0013000446681867524,0.0012629439198146184,0.001282842712474619,0.001382842712474619,0.00012112649487889927,HOLD,False,-6.297389101878297e-12,8.556445425219238e-12,1.0624023146398485e-11,0.9902928810435337,1.0521884782801188e-11,0.9903034029283165,1354.3925285339355,13727,50,0.00012112649487889927,False,CD,-5.8565491035467935e-05,0.00019900146596990074,-0.4756416045980273,0.8796391669164202,0.9906348990146686
71,0.0012997166410376288,0.0012633722836971131,0.001282842712474619,0.001382842712474619,0.00012065617604346106,HOLD,False,-6.183166091188968e-12,8.074468957849098e-12,1.0169984850652324e-11,0.9877302738406594,1.0046189651764019e-11,0.9877403200303111,1491.903305053711,13727,50,0.00012065617604346106,False,CD,-5.864890802095152e-05,0.00019962602160261502,-0.4770789016151763,0.8788604676691611,0.988096113086629
72,0.0012993944391520443,0.0012637762373007928,0.001282842712474619,0.001382842712474619,0.00012021141861871344,HOLD,False,-6.0733624603508225e-12,7.614346042269147e-12,9.739815050924654e-12,0.984729800491164,9.592070861718363e-12,0.9847393925620257,1307.6527118682861,13727,50,0.00012021141861871344,False,CD,-5.873809749757779e-05,0.0002002225032094363,-0.478450342903471,0.8781146106138712,0.9851188111106594
73,0.001299077835876855,0.0012641568951334517,0.001282842712474619,0.001382842712474619,0.00011979107842333984,HOLD,False,-5.967831140625237e-12,7.175231103676273e-12,9.33268181790099e-12,0.9812495126365837,9.15867073492029e-12,0.9812586713073186,1309.4768524169922,13727,51,0.00011979107842333984,True,CD,-5.8832829638257814e-05,0.00020079219401366197,-0.4797590237259714,0.8774002958464868,0.9816610080095476
74,0.0012987666122696883,0.0012645153280043916,0.0012783651186369259,0.0013872505191052757,0.00012441924319420288,HOLD,False,-5.86642678739264e-12,6.756300444896547e-12,8.94776837840292e-12,0.9772468931930677,8.74515609569862e-12,0.9772556383491634,1472.6519584655762,13727,51,0.00012441924319420288,False,CD,-5.8932877932365354e-05,0.00020133632480155442,-0.4810079047674025,0.8767162571489553,0.9776801468421885
75,0.0012984605569905162,0.0012648525642078607,0.0012783651186369259,0.0013872505191052757,0.0001240366317089133,HOLD,False,-5.769006099838771e-12,6.356752676058665e-12,8.584272593793603e-12,0.9726794778589949,8.3507184638083e-12,0.9726878285774587,3715.2326107025146,13727,51,0.0001240366317089133,False,CD,-5.903801970748128e-05,0.0002018560755901747,-0.4821998171737458,0.8760612628781196,0.9731337202695132
76,0.0012981594661784915,0.0012651695907227479,0.0012783651186369259,0.0013872505191052757,0.00012367525730450768,HOLD,False,-5.6754280987205656e-12,5.975809020975553e-12,8.241406285271934e-12,0.9675055874973,7.97457413542346e-12,0.9675135620714354,1326.3494968414307,13727,51,0.00012367525730450768,False,CD,-5.9148036573994454e-05,0.00020235257728625845,-0.4833374674816852,0.8754341166109479,0.967980003077991
77,0.0012978631433160981,0.0012654673544226,0.0012783651186369259,0.0013872505191052757,0.00012333414842012467,HOLD,False,-5.585554365516601e-12,5.6127135117656165e-12,7.91839444176014e-12,0.9616851667182367,7.615964164031576e-12,0.9616927826824007,1315.5248165130615,13727,51,0.00012333414842012467,False,CD,-5.9262714799567765e-05,0.00020282691333083333,-0.4844234424306908,0.8748336575724548,0.9621788911056146
78,0.0012974017729148648,0.0012667784324258526,0.0012783651186369259,0.0013872505191052757,0.00012196687203905908,WIDEN,True,-8.696627178591097e-12,2.4713238139810183e-11,2.6198768361096252e-11,0.9857961751956242,2.5827631441380013e-11,0.9358220028270656,1314.8269653320312,13727,51,0.00012196687203905908,False,CD,-5.902659919675634e-05,0.00020443426524837958,-0.4854602136521012,0.8742587608705193,0.9851213200294255
79,0.0012964201617073723,0.0012694405342877442,0.0012783651186369259,0.0013872505191052757,0.00011918547354012017,MOVE_C_DOWN,True,-1.8502935348840093e-11,5.0179437914558046e-11,5.3482096125192604e-11,0.9875818329636599,5.2818934103889326e-11,0.9376346518977637,1313.8346672058105,13727,52,0.00011918547354012017,True,CD,-5.85691769533089e-05,0.00020771701985534643,-0.4889700063792126,0.8723005977640462,0.9862494084333719
80,0.0012948251583160778,0.0012733831206233471,0.0012738188423714754,0.0013915874509685647,0.0001200563576905687,MOVE_C_DOWN,False,-3.00651056192484e-11,7.431600160844424e-11,8.01671919862661e-11,0.9909309603713468,7.944114347618518e-11,0.9910104015148229,1335.6525897979736,13727,52,0.0001200563576905687,False,CD,-5.797137474592795e-05,0.00021264583514492565,-0.4961135228113942,0.8682576647986863,0.9891877661093922
81,0.0012928484291218796,0.0012774125801480612,0.0012738188423714754,0.0013915874509685647,0.0001157498436230901,MOVE_C_DOWN,False,-3.7260467487775386e-11,7.595352264467675e-11,8.460070945058906e-11,0.997149537742207,8.436055547085537e-11,0.997233898297678,1337.8808498382568,13727,53,0.0001157498436230901,True,CD,-5.7603408261786666e-05,0.00021787431601297082,-0.506775839635926,0.8620778667610611,0.996076597066461
82,0.0012909502134884367,0.0012801614113544396,0.0012692050054039093,0.0013958524379914438,0.00011771689648883638,MOVE_C_DOWN,False,-3.578052173372241e-11,5.181424754350137e-11,6.296794409885573e-11,0.9981939681861941,6.285522018253142e-11,0.9982568234063767,1300.333023071289,13727,54,0.00011771689648883638,True,CD,-5.778638123214551e-05,0.00022177206883591054,-0.5180015647828401,0.8553796694337135,0.9987538615126814
83,0.0012892763483352634,0.0012816584136843524,0.0012645247461294607,0.0014000444278521838,0.00012094581498464629,MOVE_C_DOWN,False,-3.155161480985593e-11,2.8217829132364234e-11,4.2329071311013e-11,0.959114087366041,4.059936771360167e-11,0.9591546867337546,1257.3304176330566,13727,54,0.00012094581498464629,False,CD,-5.8414600767977914e-05,0.0002242944105401188,-0.5263115197355683,0.8502918229594099,0.9609498455740725
84,0.0012871544768135927,0.0012885397182952334,0.0012645247461294607,0.0014000444278521838,0.00011377787554800018,WIDEN,True,-3.9996335906050825e-11,1.297095360759442e-10,1.357360329276877e-10,0.9660069250407266,1.3112291379262747e-10,0.9161380479545191,1245.2611923217773,13727,55,0.00011377787554800018,True,CD,-5.648155955038735e-05,0.00023239462869385617,-0.5316612402539863,0.846957097856552,0.9605330424610465
85,0.0012850642723715973,0.0012916104425225283,0.0012597792193320735,0.0014041623862400124,0.00011535715817319382,HOLD,True,-3.939942551684121e-11,5.788178804201667e-11,7.001868406359879e-11,0.9998441044950623,7.000876830959611e-11,0.9499141132633719,1233.459711074829,13727,56,0.00011535715817319382,True,CD,-5.6523361687541734e-05,0.00023672000401157362,-0.5487072500223329,0.8360145655255827,0.9999829045826328
86,0.001283096049381052,0.001299241342654466,0.001254969595899476,0.0014082052971103158,0.00011253550886768037,WIDEN,True,-3.710012932634299e-11,1.438390787686376e-10,1.4854662627283632e-10,0.943013428265801,1.4008240631229436e-10,0.8931535106721132,1240.3995990753174,13727,57,0.00011253550886768037,True,CD,-5.382015396919286e-05,0.0002453071342339259,-0.5577150816908542,0.8300324618065028,0.9356000388917199
87,0.001281273712049395,0.0013017500365041694,0.0012500970625342821,0.001412172162935332,0.0001147389623474426,ROTATE_INTERFERENCE_CW,True,-3.435024944097582e-11,4.728776501000311e-11,5.8447175776923e-11,0.9998685176695128,5.844049087455911e-11,0.9499269581603873,1252.9420852661133,13727,58,0.0001147389623474426,True,CD,-5.385266385615555e-05,0.0002488899014505488,-0.5754108262593062,0.8178645248582326,0.9999819596064121
88,0.0012799667689687023,0.0013086051111846,0.0012451628214611907,0.0014160620049502763,0.00011295263954363124,WIDEN,True,-2.463529668578636e-11,1.2921511353509966e-10,1.3154255360409198e-10,0.9074225146716534,1.1936558220027058e-10,0.8575418802538536,1286.3597869873047,13727,59,0.00011295263954363124,True,CD,-5.086179793795982e-05,0.0002561448098146765,-0.582713113157698,0.8126779360558916,0.8995886676067892
89,0.0012777390646065642,0.0013101320538126003,0.0012401680901303537,0.0014198738633948362,0.00011599501236465203,STRENGTHEN_TRAP,True,-4.199123795077853e-11,2.8782190455474966e-11,5.0908531230572124e-11,0.9461195316864637,4.8166501846246295e-11,0.8961676981883099,1336.8406295776367,13727,60,0.00011599501236465203,True,CD,-5.172644652797604e-05,0.00025907982292155344,-0.5973634185116374,0.8019706641904617,0.9485365763101856
90,0.0012763975374210756,0.0013174655499425614,0.0012351141009169894,0.001423606797749979,0.00011388716615888959,WIDEN,True,-2.5287191703131982e-11,1.382331454020885e-10,1.4052702427642126e-10,0.8930905474299478,1.2550425013027804e-10,0.843216051680078,1298.027753829956,13727,61,0.00011388716615888959,True,CD,-4.83085669166002e-05,0.0002666524662339614,-0.6032297021229517,0.7975675059044561,0.8843482813776924
91,0.0012749752301922154,0.0013224225847429287,0.0012300021008173115,0.0014272598869700093,0.00011407647568199184,WIDEN,False,-2.6809859648008505e-11,9.343790467453962e-11,9.72080789045554e-11,0.9260111251103225,9.001668852734547e-11,0.9261011417988498,1268.5635089874268,13727,62,0.00011407647568199184,True,CD,-4.6328989846514156e-05,0.000272053413942579,-0.618227997895655,0.7859988184570825,0.9207830914256845
92,0.0012742632395687551,0.0013271476799965585,0.0012248333511408523,0.0014308322297098249,0.0001148642665028499,WIDEN,False,-1.3420707072525433e-11,8.906594721788959e-11,9.007140685115575e-11,0.8625765522454824,7.769434615412228e-11,0.8626542465916365,1279.5279026031494,13727,63,0.0001148642665028499,True,CD,-4.38871062337573e-05,0.00027668292231709145,-0.6287887845947902,0.777576146988709,0.8566014899000828
93,0.0012737390025121503,0.0013301507775068766,0.0012196091271992526,0.0014343229445473082,0.00011739626820001325,WIDEN,False,-9.881635714615477e-12,5.660705445857445e-11,5.746307804906014e-11,0.86842367079704,4.990316559833241e-11,0.8684735739626384,1308.8924884796143,13727,64,0.00011739626820001325,True,CD,-4.2365519163256864e-05,0.00027964378929806256,-0.6377516010896301,0.7702421017482834,0.8646789256302707
94,0.0012736796253097463,0.0013328993060319416,0.0012143307179915987,0.0014377311702008062,0.00012046581483963552,WIDEN,False,-1.1192338971798881e-12,5.180854213515795e-11,5.182063028068101e-11,0.7792009030862651,4.0379461114109184e-11,0.7792412825473792,1330.7950496673584,13727,64,0.00012046581483963552,False,CD,-4.063580581832723e-05,0.00028202798967329185,-0.6434390325697621,0.7654973620880012,0.775386087102837
95,0.001269069552877722,0.0013364994050843358,0.0012143307179915987,0.0014377311702008062,0.00011508349279234839,TOGGLE_B_ON,True,-8.689781810978762e-11,6.786026841118221e-11,1.1025537093982963e-10,0.979487496704975,1.0799473676762888e-10,0.9295954914417426,1314.300537109375,13727,65,0.00011508349279234839,True,BCD,-4.176768307275527e-05,0.0002884257224968198,-0.6479942757104372,0.7616452052264924,0.9826158420848367
96,0.001262352104577237,0.0013442361120588986,0.0012089994258863796,0.001441056065741637,0.00011054687582477166,MOVE_B_LEFT,True,-1.2662091739003647e-10,1.4583349076557976e-10,1.9313276197882347e-10,0.9999771748917856,1.9312935367980646e-10,0.9501703042454654,1374.2055892944336,13727,66,0.00011054687582477166,True,BCD,-4.1559063150213885e-05,0.00029986104412445345,-0.6600903291490038,0.7511862334747353,0.9993995878563403
97,0.0012592286972810788,0.0013518375603625218,0.0012036165663001485,0.0014442968108015776,0.00010789542207152347,TRANSLATE_TRAP_X_NEG,True,-5.887484049467828e-11,1.4328392488383355e-10,1.5490813398072378e-10,0.9360092356016556,1.449963800850117e-10,0.8861542319817406,1357.2845458984375,13727,67,0.00010789542207152347,True,BCD,-3.858379352415309e-05,0.000308374792934799,-0.6812932780051041,0.732010566414898,0.9282662335887417
98,0.0012477598621095853,0.0013537206851427814,0.001198183467372963,0.0014474526057752766,0.00010603533307599773,MOVE_B_LEFT,True,-2.1618244991997816e-10,3.549606585273551e-11,2.1907720635526098e-10,0.8037418758500008,1.76082328533831e-10,0.7539179581785346,1338.9921188354492,13727,68,0.00010603533307599773,True,BCD,-4.53746549640268e-05,0.0003189136211236258,-0.696724574282744,0.7173387397795612,0.8192069669240418
99,0.001238822757290474,0.0013709686184175775,0.0011927014696406862,0.0014505226720175454,9.195662357144825e-05,NARROW,True,-1.68460457064492e-10,3.25115882794238e-10,3.661683531375346e-10,0.9495212150361447,3.47685569100151e-10,0.8998689006052448,1366.2471771240234,13727,69,9.195662357144825e-05,True,BCD,-3.880711307259206e-05,0.00033934867278315287,-0.7153661188870926,0.6987498235752322,0.9322167551600691
100,0.0012225218497056375,0.0013633872783343178,0.0011871719257042293,0.0014535062520354774,9.680416596332838e-05,TRANSLATE_TRAP_X_NEG,True,-3.072648690922072e-10,-1.4290489385960637e-10,3.388709318712312e-10,0.40128998731625704,1.359859132424419e-10,0.3514259732294995,3636.4693641662598,13727,70,9.680416596332838e-05,True,BCD,-5.519740142397755e-05,0.00034772067542905636,-0.7501277636465864,0.6612929291959583,0.4204783611439098
101,0.0012247859081206086,0.001412769293250188,0.0011815961998958187,0.0014564026096753472,6.139395083231374e-05,ROTATE_INTERFERENCE_CW,True,4.2676495702625876e-11,9.308290516749541e-10,9.318068505476607e-10,0.6098280851201213,5.682425971993761e-10,0.5603963277173206,1342.2586917877197,13727,71,6.139395083231374e-05,True,BCD,-1.483336685295715e-05,0.0003790531526780971,-0.7637715838784851,0.6454866130740049,0.5458034564861743
102,0.0011812558302046461,0.0013456490107967428,0.001175975667942366,0.0014592110303042463,0.00011368470604324315,TRANSLATE_TRAP_X_NEG,True,-1.1924996557934763e-09,-1.8387496084206018e-09,2.191587450122508e-09,-0.04784263380356596,-1.0485136366733561e-10,-0.0979474851672333,1348.5946655273438,13727,72,0.00011368470604324315,True,BCD,-9.471797876620098e-05,0.00037404276065327354,-0.8120103431318959,0.5836430438588476,-0.06030579236746981
103,0.0012019411610513639,0.0014229284847064546,0.0011703117166260292,0.001461930820986408,5.021557517294707e-05,MOVE_C_RIGHT,True,1.0181789942287367e-09,3.803871332925861e-09,3.937781809819306e-09,0.3657471023272525,1.4402326522854776e-09,0.317187334979538,1388.176679611206,13727,73,5.021557517294707e-05,True,BCD,-1.9128579752195507e-05,0.0004047800757339175,-0.804493809792952,0.5939610340778437,0.2929474240788494
104,0.0011674314621415952,0.0013988318948227852,0.0011646057434420436,0.0014645613106541782,6.579012685582218e-05,TRANSLATE_TRAP_X_NEG,True,-6.504924994351484e-10,-4.5421001853061137e-10,7.933771062710122e-10,0.3915707287037854,3.1066364321016954e-10,0.3418813923469956,1399.5394706726074,13727,74,6.579012685582218e-05,True,BCD,-5.7459789399480076e-05,0.00042403598600242724,-0.8478370349277401,0.5302568832207066,0.435447849748031
105,0.0011479234727694515,0.0014252582419201837,0.0011588591562539123,0.0014671018502735926,4.3249008466157624e-05,TOGGLE_A_ON,True,-3.67716936587004e-10,4.981249074144077e-10,6.191479377657193e-10,0.9114450609771,5.643202413357828e-10,0.8620093812184357,1380.4931640625,13727,75,4.3249008466157624e-05,True,ABCD,-4.268462426984288e-05,0.000457587209272149,-0.8723151893016298,0.4889439748188557,0.873689771298524
106,0.001123034211226338,0.0014563193990229008,0.001153073372946036,0.0014695518130045148,3.2824503295601826e-05,TRANSLATE_TRAP_X_NEG,True,-4.691515273027208e-10,5.854890177953674e-10,7.502669828330843e-10,0.8923322402038913,6.694883098747008e-10,0.843001728513766,1343.8560962677002,13727,76,3.2824503295601826e-05,True,ABCD,-2.3037228294187756e-05,0.0004953287700207772,-0.9102303431949328,0.4141023090073693,0.8457699860663696
107,0.001109231753923372,0.0014588553814048088,0.0011472498210738711,0.0014719105943553005,4.019716426618353e-05,WIDEN,True,-2.601701907869073e-10,4.7802141723809655e-11,2.6452518391918557e-10,0.9886420631792384,2.615217122347943e-10,0.9389035848914732,1278.2068252563477,13727,77,4.019716426618353e-05,True,ABCD,-2.4888335520785454e-05,0.0005101269969625042,-0.9452150764320912,0.32644824901272795,0.9935350174725363
108,0.0011003056112174928,0.0014625334093777162,0.0011413899375117029,0.001474177612331947,4.2702568183757204e-05,HOLD,True,-1.6825382609810645e-10,6.9329193956304e-11,1.819777105342373e-10,0.9954570637229523,1.8115199284850096e-10,0.9456382157158008,1278.1023979187012,13727,78,4.2702568183757204e-05,True,ABCD,-2.384619029345786e-05,0.0005203476978264376,-0.9566410714334063,0.2912693949675184,0.9926974851992512
109,0.0010936969354083657,0.0014649456977658753,0.0011354951680981166,0.0014763523075816904,4.332670081458791e-05,HOLD,False,-1.2457060423146215e-10,4.547056487148442e-11,1.326099834413814e-10,0.9967947899274638,1.3218593738152616e-10,0.9969269758648454,1324.5961666107178,13727,79,4.332670081458791e-05,True,ABCD,-2.3218262089653562e-05,0.000527792906309048,-0.9637712642401247,0.26673010745506753,0.9951353668019205
110,0.0010890011844413787,0.0014670291355034677,0.0011295669672792598,0.0014784341435310183,4.2138544651644324e-05,HOLD,False,-8.851282044584032e-11,3.9271876143792755e-11,9.683387650575065e-11,0.9862092200693596,9.549944803424911e-11,0.9863047195173938,1305.1722049713135,13727,80,4.2138544651644324e-05,True,ABCD,-2.2334013789445002e-05,0.0005331590192370776,-0.9685691574760773,0.24874442141298755,0.9838988178152708
111,0.0010856662374892955,0.0014687391865705122,0.001123606797749979,0.0014804226065180614,3.969872056584881e-05,HOLD,False,-6.286226906865622e-11,3.2233703216943806e-11,7.064472022407723e-11,0.9723038847741248,6.868910821653624e-11,0.9723725738823413,1283.9629650115967,13727,81,3.969872056584881e-05,True,ABCD,-2.1440504070687275e-05,0.0005370094765661736,-0.9718195040566976,0.23572622156432727,0.9700070739779884
112,0.001082899694167039,0.0014698945126528022,0.0011176161300929218,0.001482317205919332,3.6872133534557146e-05,HOLD,False,-5.2148113062233837e-11,2.1777383595736546e-11,5.6512654620247476e-11,0.986028080722511,5.5724050399817485e-11,0.9860838047729108,1298.774242401123,13727,82,3.6872133534557146e-05,True,ABCD,-2.0929676994304192e-05,0.0005401289510987479,-0.9740441848387345,0.22635795983319298,0.9847060565472776
113,0.0010804856412356364,0.0014709487182091854,0.0011115964424156918,0.0014841174742707772,3.378310356190875e-05,HOLD,False,-4.550382572802595e-11,1.987130658784088e-11,4.965346897644237e-11,0.9817574902867257,4.874864684383214e-11,0.9818062389335694,1133.662223815918,13727,83,3.378310356190875e-05,True,ABCD,-2.042011382826257e-05,0.0005428542636923268,-0.9757801766145421,0.21875339294304283,0.9804473649200697
114,0.0010783865444083524,0.0014719216746801463,0.001105549219986149,0.0014858229673831193,3.0513224728932875e-05,HOLD,False,-3.956704303061478e-11,1.8339797408603183e-11,4.361076774347282e-11,0.9758070365023944,4.2556669838388925e-11,0.9758495931722329,1394.8554992675781,13727,84,3.0513224728932875e-05,True,ABCD,-1.9907665900551006e-05,0.0005452301955919239,-0.9772482695963326,0.2120986081259699,0.9745004057615745
115,0.0010765613160832724,0.001472818509882968,0.0010994759548659419,0.0014874332644514525,2.7178515810052287e-05,HOLD,False,-3.440474338317248e-11,1.6904945307991495e-11,3.8333582445789415e-11,0.9691519914609816,3.7152036919162006e-11,0.9691891434979008,1345.6177711486816,13727,85,2.7178515810052287e-05,True,ABCD,-1.9401423502715426e-05,0.0005473016228425073,-0.9784911695687326,0.20628870806230265,0.9678734515534023
116,0.0010749728623479788,0.0014736420902757882,0.0010933781455423621,0.0014889479681590707,2.393792696211193e-05,HOLD,False,-2.994164751219158e-11,1.5524124670346184e-11,3.372685432299875e-11,0.9622006181046079,3.2452962276931564e-11,0.9622330710668848,1298.546552658081,13727,86,2.393792696211193e-05,True,ABCD,-1.8910323264577074e-05,0.000549108715218055,-0.9795466301703449,0.2012172937893799,0.9609733186290496
117,0.0010735889655450349,0.001474395388564085,0.0010872572965586172,0.001490366704775499,2.1021565456022237e-05,HOLD,False,-2.6085840176731684e-11,1.4199338210850619e-11,2.970003810354646e-11,0.955186243191379,2.8370023005010545e-11,0.9552146132143841,1307.0528507232666,13727,87,2.1021565456022237e-05,True,ABCD,-1.8441036236808484e-05,0.0005506865095398954,-0.9804459663974845,0.19678848282585748,0.954026791838461
118,0.001072381908004797,0.0014750818344458924,0.0010811149181426051,0.0014916891242487064,1.87634629176415e-05,HOLD,False,-2.275249860522921e-11,1.2939200036236307e-11,2.617439761214563e-11,0.9482681833253542,2.482129674148815e-11,0.9482930046220958,1293.3857440948486,13727,88,1.87634629176415e-05,True,ABCD,-1.7998006369455337e-05,0.0005520653389047767,-0.981214838010699,0.19291822533300915,0.94718706751635
119,0.0010713278978206672,0.0014757052503486239,0.0010749525258342899,0.0014929149002914756,1.75872106768707e-05,HOLD,False,-1.9867623907629416e-11,1.1751112920914788e-11,2.3082702064860135e-11,0.9415620429375313,2.173473767475102e-11,0.9415837776752061,1301.516056060791,13727,89,1.75872106768707e-05,True,ABCD,-1.7583859980991852e-05,0.0005532714000579994,-0.9818742623406556,0.18953346129639867,0.9405649379086167
120,0.00107040651531619,0.0014762697141709998,0.0010687716401117638,0.0014940437304619097,1.7849046810504466e-05,HOLD,False,-1.736765104327122e-11,1.0639892385559731e-11,2.0367685502705793e-11,0.9351509352871108,1.9047795298424336e-11,0.9351699830824092,1303.5390377044678,13727,90,1.7849046810504466e-05,True,ABCD,-1.7199823404828176e-05,0.0005543273012557174,-0.9824415024625581,0.1865708826079556,0.9342399654978154
121,0.0010696002228267475,0.0014767794264350746,0.0010625737860160923,0.0014950753362380552,1.9598753270882564e-05,HOLD,False,-1.5198255368861223e-11,9.607849825571667e-12,1.7980482321891603e-11,0.9290915946755693,1.670644408507683e-11,0.9291083011196544,1294.5561408996582,13727,91,1.9598753270882564e-05,True,ABCD,-1.684607896789488e-05,0.0005552525554980821,-0.9829307919278898,0.18397570023786158,0.928266377858755
122,0.0010688939412440263,0.0014772385990678323,0.0010563604927750331,0.001496009463086623,2.257061511206198e-05,HOLD,False,-1.3313094189855403e-11,8.655200218806585e-12,1.5879262191159615e-11,0.9234191131985046,1.4664137629920352e-11,0.9234337773361345,1304.194688796997,13727,92,2.257061511206198e-05,True,ABCD,-1.6522053089364707e-05,0.0005560640137510126,-0.9833539154866514,0.18170051429501147,0.922677582348821
123,0.0010682746877854873,0.0014776513680503922,0.0010501332934257218,0.0014968458805257913,2.6410973069631154e-05,HOLD,False,-1.1672652696334763e-11,7.780512019438977e-12,1.4028085694558811e-11,0.9181511593291594,1.2880821294787298e-11,0.9181640401504542,1291.590690612793,13727,93,2.6410973069631154e-05,True,ABCD,-1.622664399083347e-05,0.0005567762409366257,-0.9837206724273616,0.17970430889953537,0.9174901935747736
124,0.0010677312676403254,0.0014780217280644353,0.0010438937244364181,0.001497584382182072,3.083708647269442e-05,HOLD,False,-1.02432284151202e-11,6.981121795804811e-12,1.2395958611264677e-11,0.9132917772561389,1.1322040362652712e-11,0.9133030992965016,1298.7492084503174,13727,94,3.083708647269442e-05,True,ABCD,-1.5958398731352025e-05,0.0005574018399392711,-0.9840392462950824,0.17795157135863165,0.9127076774152296
125,0.0010672540121983878,0.0014783534861070363,0.0010376433253274056,0.0014982247858412322,3.566036076791162e-05,HOLD,False,-8.996053141660377e-12,6.253491776429421e-12,1.0956054560171191e-11,0.908834717095509,9.958151581393242e-12,0.9088446752470904,3605.4952144622803,13727,95,3.566036076791162e-05,True,ABCD,-1.571564876236747e-05,0.0005579517295305564,-0.9843165004373579,0.17641152730123058,0.9083235587660791
126,0.0010668345571570158,0.0014786502308397635,0.0010313836382911381,0.0014987669334932513,4.076088043803629e-05,HOLD,False,-7.90654125891215e-12,5.593506433961504e-12,9.685076608145589e-12,0.9047662584171495,8.763635291493758e-12,0.904775022052441,1299.1487979888916,13727,96,4.076088043803629e-05,True,ABCD,-1.5496612049541842e-05,0.0005584353820618394,-0.9845582148904342,0.17505748053071538,0.9043241505957944
127,0.0010664656545413442,0.001478915314603278,0.0010251162078117255,0.0014992106913713087,4.6061687583086874e-05,HOLD,False,-6.953650483703818e-12,4.99671122425828e-12,8.562731930181104e-12,0.901067530143655,7.716500779140644e-12,0.9010752466444342,1316.7650699615479,13727,97,4.6061687583086874e-05,True,ABCD,-1.5299468580415873e-05,0.0005588610263955628,-0.9847692768610269,0.17386624557000796,0.9006908023753651
128,0.00106614101343352,0.0014791518453517493,0.001018842580283857,0.0014995559499847882,5.15118361572283e-05,HOLD,False,-6.11934071636318e-12,4.458499570470718e-12,7.571297723826993e-12,0.8977163628237752,6.7977755708527196e-12,0.8977231605993461,1311.589002609253,13727,98,5.15118361572283e-05,True,ABCD,-1.5122414926966926e-05,0.0005592358210244205,-0.9849538344487695,0.17281766114221642,0.8974016993479107
129,0.0010658551649293413,0.001479362686143132,0.0010125643036312513,0.0014998026241462928,5.707632577054452e-05,HOLD,False,-5.388117364602949e-12,3.974255287711443e-12,6.695260549570732e-12,0.8946887283175208,5.991068835578221e-12,0.8946947193863564,1301.7609119415283,13727,99,5.707632577054452e-05,True,ABCD,-1.4963702508967122e-05,0.0005595660017552171,-0.9851154211895661,0.1718941736432743,0.894433263791775
130,0.001065603347500988,0.001479550460208472,0.0010062829269247282,0.0014999506529926644,6.273021730375696e-05,HOLD,False,-4.746646697763387e-12,3.539457745240915e-12,5.921014778206011e-12,0.8919598292579028,5.28219929043141e-12,0.8919651114571933,1346.5707302093506,13727,100,6.273021730375696e-05,True,ABCD,-1.4821663319705572e-05,0.0005598570077671536,-0.9852570573766553,0.17108048073200602,0.8917612174409818
131,0.0010653814095310935,0.0014797175599865005,0.001,0.0015,6.845513921667072e-05,HOLD,False,-4.183432174640975e-12,3.149756610423308e-12,5.236608775221483e-12,0.8895049001005005,4.65887867036889e-12,0.889509558979171,1263.6501789093018,13727,101,6.845513921667072e-05,True,ABCD,-1.4694726126965514e-05,0.0005601135893227166,-0.9853813328440846,0.1703632263148813,0.8893613643069552
132,0.00106518572629451,0.0014798661588339844,0.0009937170730752718,0.0014999506529926644,7.42371557818709e-05,HOLD,False,-3.688542110887908e-12,2.8010222855234134e-12,4.631529849606092e-12,0.8872997764537873,4.110442699970982e-12,0.8873038868964873,1243.062973022461,13727,102,7.42371557818709e-05,True,ABCD,-1.4581425538637857e-05,0.0005603398999286395,-0.985490474902121,0.16973073933495908,0.8872101485799719
133,0.0010650131291030077,0.0014799982244018235,0.0009874356963687487,0.0014998026241462928,8.006542524009475e-05,HOLD,False,-3.253380413121642e-12,2.48937730629114e-12,4.096520900173814e-12,0.8853212821403842,3.627622456938902e-12,0.8853249097628412,1233.6411476135254,13727,103,8.006542524009475e-05,True,ABCD,-1.4480405810154886e-05,0.0005605395753201972,-0.9855864043360915,0.1691728098302276,0.8852850355093953
134,0.0010648608447009322,0.0014801155329015707,0.000981157419716143,0.0014995559499847882,8.593132822523859e-05,HOLD,False,-2.8704933529008426e-12,2.211213126057655e-12,3.6234231850416795e-12,0.8835474755831806,3.202349955588727e-12,0.8835506779331361,1213.8869762420654,13727,104,8.593132822523859e-05,True,ABCD,-1.4390420855026694e-05,0.0005607158012741789,-0.9856707817717023,0.16868049667807253,0.8835647556835271
135,0.0010647264433138977,0.0014802196836798966,0.0009748837921882747,0.0014992106913713087,9.18278842967412e-05,HOLD,False,-2.5334064608385e-12,1.963195920327539e-12,3.20504079808806e-12,0.8819577895936914,2.8275926556289394e-12,0.881960617186347,1216.8207168579102,13727,105,9.18278842967412e-05,True,ABCD,-1.4310331585473018e-05,0.0005608713719407623,-0.985745046233688,0.16824596228065777,0.8820294459160927
136,0.0010646077940155894,0.001480312113674129,0.000968616361708862,0.0014987669334932513,9.77493501300816e-05,HOLD,False,-2.2364865835167133e-12,1.7422643451114114e-12,2.835023330855807e-12,0.8805330918715757,2.4972123921383884e-12,0.8805355890839678,1213.6321067810059,13727,106,9.77493501300816e-05,True,ABCD,-1.4239101443854982e-05,0.0005610087401170298,-0.9858104473513911,0.16786233017222832,0.8806607134174917
137,0.0010645030262970416,0.0014803941114455473,0.0009623566746725943,0.0014982247858412322,0.00010369093547456387,HOLD,False,-1.9748249695372394e-12,1.5456215777899765e-12,2.507763888813645e-12,0.8792556877411009,2.20584491843888e-12,0.8792578935860192,1229.0656566619873,13727,107,0.00010369093547456387,True,ABCD,-1.4175790775223303e-05,0.0005611300606592748,-0.985868072371803,0.16752356215143446,0.8794416443340947
138,0.0010644104969051195,0.0014804668305837324,0.0009561062755635819,0.001497584382182072,0.00010964859749727117,HOLD,False,-1.744137947422386e-12,1.3707234617867397e-12,2.2183101650426156e-12,0.8781092817970294,1.948796855110418e-12,0.8781112305938845,1236.8271350860596,13727,108,0.00010964859749727117,True,ABCD,-1.41195505263387e-05,0.0005612372280418165,-0.9859188689099501,0.16722435207027903,0.8783567730333094
139,0.0010643287611682985,0.0014805313023497023,0.0009498667065742783,0.0014968458805257913,0.000115618888607996,HOLD,False,-1.5406823419929854e-12,1.2152641580129283e-12,1.9622866897270293e-12,0.8770789112125081,1.7219573522237922e-12,0.8770806331698604,1296.844720840454,13727,109,0.000115618888607996,True,ABCD,-1.406961562814402e-05,0.000561331908911442,-0.9859636641845457,0.1669600338577602,0.8773920247086189
140,0.0010642565481534278,0.001480588447482007,0.000943639507224967,0.0014960094630866233,0.00012159884162530413,HOLD,False,-1.3611832620702158e-12,1.0771603670227825e-12,1.7358266990759098e-12,0.8761508603014572,1.5217222065898985e-12,0.8761523820236637,1340.430498123169,13727,109,0.00012159884162530413,False,ABCD,-1.4025298319490667e-05,0.0005614155703539978,-0.9860031813428503,0.1667265017319642,0.8765346408111995
141,0.0010641927391013479,0.0014806390871320166,0.000943639507224967,0.0014960094630866233,0.00012152913302096087,HOLD,False,-1.2027722954810782e-12,9.545349146997713e-13,1.5355123243262235e-12,0.875312563423478,1.3449285413377533e-12,0.8753139083520193,1208.057165145874,13727,109,0.00012152913302096087,False,ABCD,-1.3985981593895246e-05,0.0005614895044788859,-0.9860380533644275,0.16652014086977732,0.8757730943849305
142,0.0010641363486757593,0.001480683952925329,0.000943639507224967,0.0014960094630866233,0.0001214675267770004,HOLD,False,-1.062934480572916e-12,8.457002800054695e-13,1.3583220065920099e-12,0.8745525013929549,1.188798461063533e-12,0.874553690191416,1227.1909713745117,13727,109,0.0001214675267770004,False,ABCD,-1.3951112893311726e-05,0.0005615548498346467,-0.9860688349425092,0.16633776706786335,0.8750970005169635
143,0.0010640865086316673,0.001480723696168048,0.000943639507224967,0.0014960094630866233,0.00012141307515319206,HOLD,False,-9.394626982446723e-13,7.491424761396432e-13,1.201584208846719e-12,0.8738600950310765,1.050890351025666e-12,0.8738611459214276,1234.8904609680176,13727,109,0.00012141307515319206,False,ABCD,-1.3920198129380417e-05,0.0005616126100913874,-0.9860960126689873,0.16617657415028372,0.874497025645473
144,0.0010640424535696578,0.001480758896231651,0.000943639507224967,0.0014960094630866233,0.000121364942540589,HOLD,False,-8.30418354975988e-13,6.635055673237447e-13,1.0629366312958784e-12,0.8732255983380264,9.290567014570877e-13,0.8732265273947278,1285.482406616211,13727,109,0.000121364942540589,False,ABCD,-1.3892796080198935e-05,0.000561663670360969,-0.9861200137907771,0.16603408806410114,0.8739647983508344
145,0.0010639943732272106,0.0014807973800936996,0.000943639507224967,0.0014960094630866233,0.00012131241172856801,STRENGTHEN_TRAP,True,-9.06293103685281e-13,7.254037097630212e-13,1.1608521576520641e-12,0.8728161713537135,1.0140833519209258e-12,0.8228171854370654,1289.0541553497314,13727,109,0.00012131241172856801,False,ABCD,-1.3862816487496276e-05,0.0005617193993048726,-0.9861412137583693,0.1659081267604764,0.8734799367438125
146,0.0010639445240311937,0.0014808373641268463,0.000943639507224967,0.0014960094630866233,0.00012125794677295071,STRENGTHEN_TRAP,False,-9.396352079655464e-13,7.536812687690201e-13,1.2045537675594792e-12,0.8722737941540133,1.0515729588857723e-12,0.8722748457269722,1294.1694259643555,13727,109,0.00012125794677295071,False,ABCD,-1.383164284387569e-05,0.0005617771838240393,-0.9861643338083758,0.16577064493535182,0.8729071827103595
147,0.001056310823105769,0.0014734802014571083,0.000943639507224967,0.0014960094630866233,0.00011490166688034866,ROTATE_INTERFERENCE_CW,True,-1.438918724820931e-10,-1.3867924916708697e-10,1.9984195034063776e-10,0.5951438367708729,1.189353002173382e-10,0.5452627720710902,1286.5386009216309,13727,110,0.00011490166688034866,True,ABCD,-2.229857072114311e-05,0.0005684600928644429,-0.9861882864503491,0.1656280883972412,0.6085223044269341
148,0.0010485886049977804,0.0014761896321681713,0.0009374262139839077,0.0014950753362380552,0.0001127552526232652,MOVE_C_RIGHT,True,-1.4556038206485286e-10,5.107156570371617e-11,1.5425994181995186e-10,0.9824241763567092,1.5154967871147644e-10,0.9325757260354206,1298.9866733551025,13727,111,0.0001127552526232652,True,ABCD,-2.0685497395032005e-05,0.0005769390305680082,-0.9888139273964004,0.14915433947728862,0.9782402232998212
149,0.0010356464490078247,0.0014757227418686486,0.0009312283598882362,0.0014940437304619097,0.00010601318766276554,PHASE_SHIFT_B_NEG,True,-2.4395389307794607e-10,-8.800674810077553e-12,2.4411258432329676e-10,0.9864847981834998,2.408143399650182e-10,0.9367256125234648,1293.7819957733154,13727,112,0.00010601318766276554,True,ABCD,-2.2590079510139912e-05,0.0005904820453844683,-0.9917538444261234,0.12815737225772333,0.991477324045283
150,0.0010195722634013878,0.0014746859708363923,0.0009250474741657102,0.0014929149002914756,9.626645131678883e-05,PHASE_SHIFT_B_NEG,False,-3.029912604817266e-10,-1.9542673550348044e-11,3.036208491158026e-10,0.9873719450506808,2.9978769572135436e-10,0.9876717327464022,3718.886137008667,13727,113,9.626645131678883e-05,True,ABCD,-2.480318466668315e-05,0.0006074429259886737,-0.9955231827225118,0.09451768437726611,0.9932100405060288
151,0.0010015809681670563,0.0014762322182460454,0.000918885081857395,0.0014916891242487064,8.412803073717767e-05,PHASE_SHIFT_B_NEG,False,-3.391279256204471e-10,2.914607701679089e-11,3.4037808939633025e-10,0.9994369921803271,3.40187453307347e-10,0.9997771796336344,1360.8498573303223,13727,114,8.412803073717767e-05,True,ABCD,-2.3764460069645803e-05,0.0006266376976738336,-0.9986345782346052,0.05223963200667085,0.9966781502076393
152,0.0009856579206932398,0.0014778585504896435,0.0009127427034413831,0.0014903667047754992,7.398028676968094e-05,PHASE_SHIFT_C_NEG,True,-3.001423737990221e-10,3.065564057270306e-11,3.017038495754316e-10,0.9952463022843766,3.0027063592121236e-10,0.9455465729202978,1339.6925926208496,13727,115,7.398028676968094e-05,True,ABCD,-2.1869361969998778e-05,0.0006434937308716991,-0.9999908691417179,0.004273362983859837,0.990254742713187
153,0.000970106889143849,0.0014779884034916058,0.0009066218544576378,0.0014889479681590707,6.442407691856972e-05,HOLD,True,-2.9313003882785516e-10,2.447671422065384e-12,2.931402578265399e-10,0.9989285310796273,2.928271660794998e-10,0.9492213582457067,1623.7053871154785,13727,116,6.442407691856972e-05,True,ABCD,-2.0831394692557626e-05,0.0006598867188489412,-0.9992829266652125,-0.03786333943813835,0.9961943524895542
154,0.0009549698483384156,0.0014758211681315978,0.000900524045134058,0.0014874332644514525,5.567033561520191e-05,HOLD,False,-2.8532649714863006e-10,-4.0851424113607326e-11,2.8823609910491264e-10,0.997990604448215,2.876579167601118e-10,0.9982782623649751,1480.0758361816406,13727,117,5.567033561520191e-05,True,ABCD,-2.149073330436947e-05,0.000676018344496737,-0.9968923207452484,-0.07877627077459891,0.9997364664917207
155,0.0009398932381027061,0.0014714691993083042,0.0008944507800138509,0.0014858229673831193,4.765551022812514e-05,HOLD,False,-2.841874077452508e-10,-8.203267970346725e-11,2.957902014271214e-10,0.9869302446905605,2.919252828017838e-10,0.9872221699733622,1297.419548034668,13727,118,4.765551022812514e-05,True,ABCD,-2.3699337151087936e-05,0.0006924856615622433,-0.9929058641654999,-0.11890309038776911,0.9927365888216507
156,0.000924421102802003,0.001466105853686327,0.0008884035575843083,0.0014841174742707772,4.027011347869379e-05,HOLD,False,-2.916428795762153e-10,-1.0109668322800137e-10,3.086682824120575e-10,0.9850116096573815,3.040428267204897e-10,0.985315652484102,1414.219617843628,13727,119,4.027011347869379e-05,True,ABCD,-2.617428418438144e-05,0.0007097505874056009,-0.987171983774694,-0.15966049745737168,0.9915485188765724
157,0.000909245607012324,0.0014618168455363075,0.0008823838699070785,0.0014823172059193323,3.379079306771618e-05,HOLD,False,-2.860513565246316e-10,-8.084589897172927e-11,2.972565187680986e-10,0.9974099609900302,2.964876101984824e-10,0.9977064486002287,1469.9592590332031,13727,120,3.379079306771618e-05,True,ABCD,-2.6974813772038012e-05,0.0007266222740365103,-0.9793649065289165,-0.20209992542701916,0.9995594627890814
158,0.0008955553324537312,0.0014602143281403869,0.0008763932022500211,0.0014804226065180616,2.7848909295222575e-05,HOLD,False,-2.580555958734143e-10,-3.020674126964428e-11,2.5981750860885826e-10,0.991667451913109,2.5765355839201065e-10,0.991925105471501,1273.0016708374023,13727,121,2.7848909295222575e-05,True,ABCD,-2.4949269062862832e-05,0.0007412035866117397,-0.9699725432979945,-0.2432144429223316,0.9863051557108587
159,0.0008705645077606593,0.001450204033455383,0.0008704330327207403,0.0014784341435310183,2.8230416230877682e-05,NARROW,True,-4.710659475774313e-10,-1.886896094560616e-10,5.074513727281702e-10,0.9951163335833226,5.049741446174145e-10,0.94562130772794,1255.8314800262451,13727,122,2.8230416230877682e-05,True,ABCD,-2.6641711355353086e-05,0.0007699298283512344,-0.9604624518002208,-0.27840955206297846,0.9996366049479856
160,0.000849829876563238,0.0014426433982280952,0.0008645048319018834,0.0014763523075816904,3.676472336357413e-05,PHASE_SHIFT_C_NEG,True,-3.908385902682742e-10,-1.425146165191195e-10,4.16011081059728e-10,0.9999883817204156,4.1600724771505976e-10,0.9504043889681306,1265.566349029541,13727,123,3.676472336357413e-05,True,ABCD,-2.5893645707120725e-05,0.0007935409576875262,-0.9380115244176052,-0.34660406814946726,0.9979908487192167
161,0.0008293208621328999,0.001435195710491783,0.0008586100624882972,0.001474177612331947,4.8759059963608614e-05,PHASE_SHIFT_C_NEG,False,-3.865858144003028e-10,-1.4038560647177365e-10,4.112866523484479e-10,0.9979088816253716,4.104276011813643e-10,0.998319309226553,1253.9565563201904,13727,124,4.8759059963608614e-05,True,ABCD,-2.3851714831573734e-05,0.0008167083414938459,-0.9159295441465967,-0.40133909622339,0.9924891236140811
162,0.0008115038677310984,0.001431815325367285,0.0008527501789261289,0.0014719105943553005,5.752294135750208e-05,PHASE_SHIFT_C_NEG,False,-3.358424323304993e-10,-6.371875844056466e-11,3.4183361381068573e-10,0.9601065080223576,3.281976373869487e-10,0.9604347056597445,1231.3966751098633,13727,125,5.752294135750208e-05,True,ABCD,-1.838212564276773e-05,0.0008349644136458709,-0.8911589812341427,-0.4536911616548475,0.9463286948863022
163,0.0007937161063668086,0.0014315679508052888,0.0008469266270539642,0.0014695518130045148,6.537685599176521e-05,PHASE_SHIFT_C_NEG,False,-3.3529140255516827e-10,-4.662900639911139e-12,3.3532382448879113e-10,0.8763047298351904,2.9384672973068275e-10,0.876598576564921,1221.4820384979248,13727,126,6.537685599176521e-05,True,ABCD,-9.499870968410293e-06,0.0008509364685628324,-0.8695235261190343,-0.4938915240450286,0.8563490276788261
164,0.0007715332210349767,0.0014072746450060558,0.0008411408437460877,0.0014671018502735926,9.178516018189634e-05,MOVE_A_LEFT,True,-4.181375375634462e-10,-4.579180261816852e-10,6.201031519205115e-10,0.9626245205499468,5.969274619335138e-10,0.9132214480118803,1190.9117698669434,13727,127,9.178516018189634e-05,True,ABCD,-1.709690970919239e-05,0.0008840565500311284,-0.8491004356482419,-0.5282314361905828,0.9817330500018981
165,0.0007524874076720787,0.001382824470842585,0.0008353942565579565,0.0014645613106541782,0.00011642360832138742,TOGGLE_A_OFF,True,-3.5900512405513587e-10,-4.6087492518570494e-10,5.842006297178843e-10,0.9638437559107742,5.63079092996481e-10,0.9144068350037706,1327.8460502624512,13727,128,0.00011642360832138742,True,BCD,-2.4164710719874142e-05,0.0009158835145524975,-0.8025173225837631,-0.5966288184046998,0.9819849988486218
166,0.0007484202281472593,0.0013790711796243243,0.000829688283373971,0.001461930820986408,0.00011606126385226462,TOGGLE_B_OFF,True,-7.666452789602261e-11,-7.074787270842533e-11,1.043202345199031e-10,0.9996408224419872,1.0428376467363936e-10,0.9497451062066607,1223.588228225708,13727,129,0.00011606126385226462,True,CD,-2.4269904183350148e-05,0.0009217735256362979,-0.7525701321220056,-0.6585121078885847,0.9999321897977909
167,0.0007307945094834939,0.0013691354390596743,0.000824024332057634,0.0014592110303042463,0.00012963568935777238,TRANSLATE_TRAP_X_NEG,True,-3.322369696099544e-10,-1.8728429739527055e-10,3.813880071874913e-10,0.975838376171559,3.721740294635246e-10,0.9262105502010225,1200.3734111785889,13727,129,0.00012963568935777238,False,CD,-1.933547488362368e-05,0.000942529845960265,-0.742792497706508,-0.6695216989380758,0.9631757225649686
168,0.0007009092652426274,0.0013674133437305454,0.000824024332057634,0.0014592110303042463,0.000153571269894948,TRANSLATE_TRAP_X_NEG,False,-5.633235825470567e-10,-3.246073220863469e-11,5.642580595695301e-10,0.7465649852194705,4.2125605646747854e-10,0.7469862412759379,1209.132194519043,13727,129,0.000153571269894948,False,CD,1.2046410784099593e-06,0.0009648214566445449,-0.7070557840195627,-0.7071577746744226,0.7083083997893698
169,0.0007010973790779467,0.0013532466312237974,0.000824024332057634,0.0014592110303042463,0.00016229445351382434,TRANSLATE_TRAP_X_NEG,False,3.5458622584648826e-12,-2.6703623962030775e-10,2.67059780591744e-10,0.7365659753429252,1.9670788433240085e-10,0.7367626832272576,1240.673542022705,13727,129,0.00016229445351382434,False,CD,-8.239061390400088e-06,0.0009754778302157191,-0.6665233535653786,-0.7454841508375355,0.7543217910705554
170,0.0006843365180187762,0.0013466529804657577,0.000824024332057634,0.0014592110303042463,0.00017939342232757086,NARROW,True,-3.1593478782797503e-10,-1.2428738869076766e-10,3.3950279107465014e-10,0.8808796560511511,2.9906198270989966e-10,0.831178718033861,1244.3435192108154,13727,129,0.00017939342232757086,False,CD,6.009568500202388e-07,0.0009913236941768155,-0.6464504094669008,-0.7629560066596738,0.8614324729984568
171,0.0007258754635915575,0.0013102458616623207,0.000824024332057634,0.0014592110303042463,0.00017839232564684086,PHASE_SHIFT_C_NEG,True,7.829906774958953e-10,-6.862580218274911e-10,1.041164959825321e-09,0.05634334559520959,5.866277349640613e-11,0.006402008368705997,1264.3859386444092,13727,129,0.00017839232564684086,False,CD,-5.4532803572791843e-05,0.000994927045802445,-0.6157059965711917,-0.7879759677707663,0.0653332615081059
172,0.0006980727881163676,0.0013102815915289564,0.000824024332057634,0.0014592110303042463,0.0001950481201014549,TRANSLATE_TRAP_X_POS,True,-5.240680861379841e-10,6.734921192163966e-13,5.240685188980199e-10,0.60769269492848,3.184732182690097e-10,0.558011168146749,1294.5802211761475,13727,129,0.0001950481201014549,False,CD,-3.2061976670289406e-05,0.0010132973743780377,-0.6087139599975264,-0.7933897622871935,0.570458584394271
173,0.0007281402207841301,0.0012979634961877901,0.000824024332057634,0.0014592110303042463,0.00018760205236976319,WIDEN,True,5.667577534880889e-10,-2.3219062698015775e-10,6.124759900570015e-10,-0.21785857888487248,-1.334333666535025e-10,-0.26799201225152597,1282.773494720459,13727,129,0.00018760205236976319,False,CD,-6.370060157919594e-05,0.0010048806696881037,-0.5715925464900581,-0.8205376047415565,-0.23825212037915
174,0.000686582685780504,0.0013015528561373813,0.000824024332057634,0.0014592110303042463,0.00020915617612921985,NARROW,True,-7.833410800121542e-10,6.765784109235142e-11,7.862574839681249e-10,0.5170699995630932,4.0655067396187656e-10,0.4674765502370551,1237.778902053833,13727,129,0.00020915617612921985,False,CD,-2.7368859769210687e-05,0.0010280385940555534,-0.5888070165933253,-0.8082736524274855,0.46650834918560663
175,0.0006157640241232956,0.0013144249028176102,0.000824024332057634,0.0014592110303042463,0.0002536441968062386,TRANSLATE_TRAP_X_NEG,True,-1.3349003231960844e-09,2.4263236372363235e-10,1.356771659784773e-09,0.3818342909943679,5.180623265894613e-10,0.33235235332095736,3414.6013259887695,13727,129,0.0002536441968062386,False,CD,4.001741341254318e-05,0.0010530344136123354,-0.5409601273699995,-0.84104823915982,0.3232944190207786
176,0.0006885120237437832,0.0012811423465573476,0.000824024332057634,0.0014592110303042463,0.00022376783020778746,TOGGLE_B_ON,True,5.637556151873222e-09,-2.5792087861377866e-09,6.1995449291068105e-09,-0.07972452316808804,-4.942558430567016e-10,-0.13021877901114476,1302.727460861206,13727,129,0.00022376783020778746,False,BCD,-3.967055481338236e-05,0.0010459432684190957,-0.4872052022219568,-0.8732875190484873,-0.09750199762364223
177,0.0006579871676577104,0.0012676033361596515,0.000824024332057634,0.0014592110303042463,0.0002535386527087652,TOGGLE_C_OFF,True,-5.75379981791352e-10,-2.552043336136648e-10,6.294373482257081e-10,0.8100987625593339,5.099072270050373e-10,0.7606086697863389,1298.1712818145752,13727,129,0.0002535386527087652,False,BD,-1.912776974602069e-05,0.0010743747220889604,-0.5028160157234638,-0.8643934603697447,0.7663403451576553
178,0.0006280607435565317,0.0011934116308246452,0.000824024332057634,0.0014592110303042463,0.00033022878248563657,TOGGLE_C_ON,True,-6.048711398848688e-10,-1.499558424496833e-09,1.6169553377706648e-09,0.9973862728781918,1.6127300551358537e-09,0.9489990029333276,1300.0874519348145,13727,129,0.00033022878248563657,False,BCD,-1.6510048036405707e-05,0.0011582136963534846,-0.44010287019310995,-0.8979473612889491,0.9905827897758905
179,0.0006082621449129125,0.0011159002413921955,0.000824024332057634,0.0014592110303042463,0.0004054819591361477,ROTATE_INTERFERENCE_CW,True,-3.8063733829367827e-10,-1.4901927905145504e-09,1.5380374950581794e-09,0.9999914570690894,1.5380253557015782e-09,0.9515294824247911,1320.5256462097168,13727,129,0.0004054819591361477,False,BCD,-7.939590388723417e-06,0.0012404103750367499,-0.24363103240783185,-0.9698679910409943,0.9781320399997732
180,0.0006850092451488858,0.0010933196611213193,0.000824024332057634,0.0014592110303042463,0.00039140987267927184,MOVE_C_RIGHT,True,2.6061350786459834e-09,-7.667787077188883e-10,2.716595228362178e-09,0.24309529249745973,6.603917547311996e-10,0.19375568425219092,1309.4885349273682,13727,129,0.00039140987267927184,False,BCD,-8.493841464055199e-05,0.0012651190088991153,-0.040579389583784,-0.999176317342944,0.3025349246056676
181,0.0006294459481089984,0.0010357634275574624,0.000824024332057634,0.0014592110303042463,0.00046601354033124485,MOVE_C_RIGHT,False,-1.8299147049235877e-09,-1.8955498282060152e-09,2.6347100368935162e-09,0.7047451610451873,1.8567998540030533e-09,0.7066019608991903,1237.0953559875488,13727,129,0.00046601354033124485,False,BCD,-2.3919366874596308e-05,0.0013252958378238324,0.020948520940246452,-0.999780555656298,0.5902490779843479
182,0.0006478352956442138,0.0009586470489576885,0.000824024332057634,0.0014592110303042463,0.0005306664451176526,MOVE_C_RIGHT,False,3.466310347256533e-10,-1.4536094908829937e-09,1.494367299635566e-09,0.9980458857756993,1.4914481332849042e-09,0.9995373339089842,1203.113079071045,13727,129,0.0005306664451176526,False,BCD,-2.052584309024624e-05,0.0014093163062435,0.17073461477822158,-0.9853170511640059,0.9891257599139045
183,0.0006644706466423577,0.0008959482909925996,0.000824024332057634,0.0014592110303042463,0.0005854248816256932,MOVE_C_RIGHT,False,3.135689789139406e-10,-1.1818437444739648e-09,1.2227346976713197e-09,0.9925310693893652,1.2136031695902663e-09,0.9937446725589555,1211.1072540283203,13727,129,0.0005854248816256932,False,BCD,-7.29521658956279e-06,0.001475192897397611,0.372439763731899,-0.9280563681098941,0.9590852023879689
184,0.0006900872425982719,0.0008611901182206969,0.000824024332057634,0.0014592110303042463,0.0006128361569147871,PHASE_SHIFT_C_POS,True,4.828614579904679e-10,-6.551761213944872e-10,8.138863174044667e-10,0.9960623656778345,8.106825267690797e-10,0.9468730482046035,1186.9351863861084,13727,129,0.0006128361569147871,False,BCD,-8.75062065763333e-06,0.0015192519750199032,0.5195871664928436,-0.8544174485659443,0.9997707794084145
185,0.0006987894152041447,0.000842819240358675,0.000824024332057634,0.0014592110303042463,0.0006289853918109749,TRANSLATE_TRAP_X_NEG,True,1.6403208917328137e-10,-3.4628288958793943e-10,3.8316884776808827e-10,0.9771593195841114,3.7441798773021265e-10,0.9275337375718415,1204.3147087097168,13727,129,0.0006289853918109749,False,BCD,-3.932127631197334e-06,0.0015393209735116437,0.6103568683258697,-0.7921265639311922,0.9652683746708945
186,0.0007131618070965459,0.0008341060378317675,0.000824024332057634,0.0014592110303042463,0.0006348596309852799,TOGGLE_C_OFF,True,2.709132047020858e-10,-1.642399982866361e-10,3.1681026106985305e-10,0.9495154666898287,3.0081719240733463e-10,0.899816283882236,1223.6855030059814,13727,129,0.0006348596309852799,False,BD,-8.878857608488977e-06,0.001555646699521706,0.6493260988063964,-0.7605101034219506,0.9615313049989602
187,0.0007182366256074874,0.0008309382155171442,0.000824024332057634,0.0014592110303042463,0.0006371167621688278,TOGGLE_C_OFF,False,9.56580753136524e-11,-5.971204386898984e-11,1.1276522316620742e-10,0.9650163542988226,1.0882124956790091e-10,0.9651251755483905,1201.5089988708496,13727,129,0.0006371167621688278,False,BD,-1.0404256930143004e-05,0.0015615742793528295,0.6798055458251776,-0.7333924051033882,0.9688103190164822
188,0.0007205255806873546,0.0008295041310840089,0.000824024332057634,0.0014592110303042463,0.0006381557572103955,TOGGLE_C_OFF,False,4.314578677984808e-11,-2.7031854718593063e-11,5.091443887915525e-11,0.9691919641576372,4.9346834213236606e-11,0.9692413109918504,1210.6356620788574,13727,129,0.0006381557572103955,False,BD,-1.106045951747536e-05,0.0015642666992464768,0.6905953017244882,-0.7232414045352098,0.9708539078450228
189,0.0007216043156642857,0.0008288384793799079,0.000824024332057634,0.0014592110303042463,0.0006386387184605012,TOGGLE_C_OFF,False,2.0333675272181452e-11,-1.2547239020720395e-11,2.3893337086259255e-11,0.9691480710795808,2.3157150696873452e-11,0.9691712282302777,1203.3302783966064,13727,129,0.0006386387184605012,False,BD,-1.137070707195602e-05,0.0015655311818045606,0.6954463798788478,-0.7185779934783735,0.9699705244698255
190,0.0007221254122820556,0.0008285304313955603,0.000824024332057634,0.0014592110303042463,0.000638859458481479,TOGGLE_C_OFF,False,9.82243983717935e-12,-5.806567707476294e-12,1.1410370410136315e-11,0.9650848911964464,1.1012941170668753e-11,0.965095904137617,1199.54252243042,13727,129,0.000638859458481479,False,BD,-1.1528619873100293e-05,0.0015661327811267473,0.6977138078084467,-0.7163766065355833,0.9655707353719079
191,0.0007223826285846485,0.0008283925236515094,0.000824024332057634,0.0014592110303042463,0.0006389546339298898,TOGGLE_C_OFF,False,4.848413079654963e-12,-2.5994997335017177e-12,5.501318774207219e-12,0.9536915360560952,5.247514843643973e-12,0.9536967835709389,1201.5960216522217,13727,129,0.0006389546339298898,False,BD,-1.16161356081265e-05,0.0015664194999001663,0.6987901086089063,-0.715326767364645,0.9540902135109954
192,0.0007225134286987391,0.0008283364462566524,0.000824024332057634,0.0014592110303042463,0.0006389892051497924,TOGGLE_C_OFF,False,2.465524065095059e-12,-1.0570339902890881e-12,2.6825603016874266e-12,0.924049425580693,2.479742355285418e-12,0.9240519053230483,1209.6333503723145,13727,129,0.0006389892051497924,False,BD,-1.1670392984265926e-05,0.0015665550098479962,0.6993024854044005,-0.7148258766337633,0.9245363387571237
193,0.0007225833373955855,0.0008283199693161332,0.000824024332057634,0.0014592110303042463,0.0006389943710493331,TOGGLE_C_OFF,False,1.3177478906080432e-12,-3.1058301173263185e-13,1.3538542426638326e-12,0.8441959751682665,1.1437624985964575e-12,0.8441971189307651,1341.914415359497,13727,129,0.0006389943710493331,False,BD,-1.1708815754261047e-05,0.0015666175194627016,0.6995444939988059,-0.7145890433766492,0.8449218550732001
194,0.000726021778555304,0.0008152159549494668,0.000824024332057634,0.0014592110303042463,0.0006514093625165246,NARROW,True,6.481308892303495e-11,-2.470048516011251e-10,2.5536666425013084e-10,0.8686567568969208,2.218268470438604e-10,0.8188785837439646,1358.335256576538,13727,129,0.0006514093625165246,False,BD,-4.821536339158483e-06,0.001578530905495639,0.699656074813924,-0.7144797946576046,0.8535038079934595
195,0.0007275258382212268,0.0008051091152573335,0.000824024332057634,0.0014592110303042463,0.0006611817258369545,ROTATE_INTERFERENCE_CCW,True,2.8350856782143867e-11,-1.9050943996689386e-10,1.9260741885187386e-10,0.7918310439504971,1.525133253731339e-10,0.7419835572758702,1287.6880168914795,13727,129,0.0006611817258369545,False,BD,1.5006883448117963e-06,0.0015865922024213437,0.7206366445035184,-0.6933129355469358,0.7793578374831479
196,0.0007279153313043277,0.00079729338881922,0.000824024332057634,0.0014592110303042463,0.0006688586578156096,ROTATE_INTERFERENCE_CCW,False,7.34177165096167e-12,-1.4732297256267017e-10,1.475057960070591e-10,0.714346906190425,1.0537102336970479e-10,0.7144522772137947,1264.8677825927734,13727,129,0.0006688586578156096,False,BD,7.015183244784716e-06,0.0015920861565119652,0.7344747344057455,-0.6786360324338885,0.7046763732110257
197,0.000727733565169299,0.000791337371815518,0.000824024332057634,0.0014592110303042463,0.0006747793235503457,ROTATE_INTERFERENCE_CCW,False,-3.4262109268651686e-12,-1.1226827558091801e-10,1.1232054408356613e-10,0.6454684272948024,7.250001041094324e-11,0.6455409273052133,1269.4933414459229,13727,129,0.0006747793235503457,False,BD,1.1584292184689939e-05,0.0015958242940968853,0.7437372111565943,-0.6684721091706157,0.6383244840371072
198,0.0007271216477543337,0.0007867586817631015,0.000824024332057634,0.0014592110303042463,0.0006793984775400121,ROTATE_INTERFERENCE_CCW,False,-1.1534371532750605e-11,-8.630627419041608e-11,8.707361650515503e-11,0.5563015331051276,4.843974265635879e-11,0.556349972847784,1283.8928699493408,13727,129,0.0006793984775400121,False,BD,1.5430762673035437e-05,0.001598298793518647,0.7499608121610759,-0.661482259944059,0.5511856806279388
199,0.0007510560840635,0.0007104229577633747,0.000824024332057634,0.0014592110303042463,0.0007523349937327167,TOGGLE_A_ON,True,7.314864358386926e-10,-2.3329793923052063e-09,2.4449673312207593e-09,0.8523323053398996,2.0839254942324365e-09,0.8044162308341319,1263.9150619506836,13727,129,0.0007523349937327167,False,ABD,6.232385307232045e-05,0.001657511161204797,0.7540461087874712,-0.6568214870270865,0.7659030762133919
200,0.0007598390499058341,0.0006909792808686866,0.000824024332057634,0.0014592110303042463,0.0007709084065475786,NARROW,True,1.6555500580204138e-10,-3.665046749467556e-10,4.021618289991492e-10,0.8375033100781921,3.368127004771974e-10,0.7878401227786693,3693.463087081909,13727,129,0.0007709084065475786,False,ABD,7.431553909694887e-05,0.0016725854123349137,0.8427503324106154,-0.5383046323595938,0.8164310773349165
201,0.0007792843332328053,0.0006908889919445615,0.000824024332057634,0.0014592110303042463,0.0007696235587116773,MOVE_B_LEFT,True,3.665349554819086e-10,-1.7019061243905478e-12,3.665389066314529e-10,0.8647901588148532,3.169801040677956e-10,0.815107138918921,1459.418535232544,13727,129,0.0007696235587116773,False,ABD,6.485182850949879e-05,0.0016870569553650919,0.8624517189856646,-0.5061393409098646,0.8822841915016548
202,0.0008008573674382232,0.0006976182875037204,0.000824024332057634,0.0014592110303042463,0.0007619450204155842,NARROW,True,4.0664211465229387e-10,1.2684423295492683e-10,4.2596627664970506e-10,0.6989124080586883,2.9771381507744684e-10,0.6492101218737657,1343.3771133422852,13727,129,0.0007619450204155842,False,ABD,4.896417524683812e-05,0.0017011287429630174,0.8801814183823659,-0.4746374097481218,0.7235026796851504
203,0.0008245064659696775,0.0006977268818566953,0.000824024332057634,0.0014592110303042463,0.0007614843010791497,MOVE_B_RIGHT,True,4.457750052626289e-10,2.046955329163072e-12,4.457797049474285e-10,0.894262119923871,3.9864479822744507e-10,0.8446607647220984,1483.8919639587402,13727,129,0.0007614843010791497,False,ABD,3.888682147814508e-05,0.001720409704516159,0.896309734507034,-0.44342852843037767,0.9147302126221261
204,0.0008746288863474051,0.0007600786498787678,0.000824024332057634,0.0014592110303042463,0.0007009614156815354,TRANSLATE_TRAP_X_POS,True,2.723962138949421e-09,3.3885804817229965e-09,4.3476944942744035e-09,0.2627249175755838,1.14224794037698e-09,0.2138671655159608,1309.7338676452637,13727,129,0.0007009614156815354,False,ABD,-3.7695652238710765e-05,0.0017436175792393393,0.9166226208562065,-0.3997536377979555,0.3181223963544248
205,0.0009265537141227346,0.0007240845998678774,0.000824024332057634,0.0014592110303042463,0.0007422419705950135,TOGGLE_C_ON,True,9.787599448673416e-10,-6.784718585229427e-10,1.1909219506266134e-09,0.9682434966131794,1.153103401911597e-09,0.9193966000150909,1273.4348773956299,13727,129,0.0007422419705950135,False,ABCD,-1.6976834949034914e-05,0.0018077759263247178,0.9381813169232642,-0.3461442135499733,0.9158424573451704
206,0.0009928440762811597,0.0007131489248486897,0.000824024332057634,0.0014592110303042463,0.0007649240297156801,MOVE_A_RIGHT,True,1.2495438885642899e-09,-2.061326178139531e-10,1.2664322269964546e-09,0.9995639316032545,1.2658809754895727e-09,0.950829812578744,1244.2822456359863,13727,129,0.0007649240297156801,False,ABCD,-1.3082745809915326e-05,0.001877557284989532,0.981433222029188,-0.19180414671066595,0.9895061875500787
207,0.001031177534616533,0.0007056135802456191,0.000824024332057634,0.0014592110303042463,0.0007815507443955724,MOVE_A_RIGHT,False,7.225686665585962e-10,-1.420378994836446e-10,7.363967971019386e-10,0.9846268944605665,7.250770760480841e-10,0.9853519715366146,1242.0933246612549,13727,129,0.0007815507443955724,False,ABCD,-4.383156638340484e-06,0.0019165112729253651,0.9998282315048198,-0.018533954892159928,0.9629696118368088
208,0.0010616482818613156,0.0006971423026148313,0.000824024332057634,0.0014592110303042463,0.0007982567802671433,NARROW,True,5.743600541616025e-10,-1.5967982142841657e-10,5.961435374034764e-10,0.9393568437301245,5.599924510622847e-10,0.8899168361811868,1255.8927536010742,13727,129,0.0007982567802671433,False,ABCD,7.547340807092509e-06,0.0019456953703472582,0.9968908965976672,0.07879429090168605,0.9118553613903935
209,0.0010712894582520574,0.0006968736721273103,0.000824024332057634,0.0014592110303042463,0.0008014351441658483,MOVE_C_UP,True,1.8173189352670457e-10,-5.0635653967578944e-12,1.8180242247926382e-10,0.9838869917996331,1.788740224420007e-10,0.9340658658220751,1233.7143421173096,13727,129,0.0008014351441658483,False,ABCD,9.381268601765921e-06,0.0019549683404890827,0.9884895841595208,0.1512889355046751,0.9794888334603665
210,0.0010816926050964707,0.0006979525879175116,0.000824024332057634,0.0014592110303042463,0.0008036836162544897,PHASE_SHIFT_C_NEG,True,1.9609469820374917e-10,2.0337083522030693e-11,1.9714646238216277e-10,0.9974242394288647,1.966396577218594e-10,0.9476208790865865,1226.628065109253,13727,129,0.0008036836162544897,False,ABCD,1.0263090333110776e-05,0.001965140548214267,0.9847160880927189,0.17416723529232675,0.9952874283022035
211,0.0010926112714606103,0.0007003907649678619,0.000824024332057634,0.0014592110303042463,0.0008049516377416961,PHASE_SHIFT_C_NEG,False,2.058120122194724e-10,4.595855465718981e-11,2.10880945369671e-10,0.9998108297232341,2.1084205277370048e-10,1.0000216717760078,1259.0489387512207,13727,129,0.0008049516377416961,False,ABCD,1.020042457867043e-05,0.0019760492627557617,0.9799684790297035,0.19915265528285037,0.999967716984531
212,0.0011036613660484653,0.0007035592633634875,0.000824024332057634,0.0014592110303042463,0.0008057334941901572,PHASE_SHIFT_C_NEG,False,2.0828937587206456e-10,5.972478769565007e-11,2.166829812570998e-10,0.9986704625938488,2.1639589179870475e-10,0.9988868584856475,1231.7581176757812,13727,129,0.0008057334941901572,False,ABCD,9.769369860577353e-06,0.0019872571701104918,0.974173542682737,0.22580059507221317,0.9997240431506503
213,0.0011143062760885373,0.0007059648710018125,0.000824024332057634,0.0014592110303042463,0.0008072443146496778,PHASE_SHIFT_C_NEG,False,2.0065182708008424e-10,4.5344635703888117e-11,2.0571167127242526e-10,0.9994330673285433,2.0559604603814828e-10,0.9996386633745815,1208.0912590026855,13727,129,0.0008072443146496778,False,ABCD,1.0279913763575847e-05,0.0019978923531140443,0.9674654269109088,0.2530032563626273,0.9981952241362446
214,0.0011209746651760861,0.000707457148790747,0.000824024332057634,0.0014592110303042463,0.0008082780454211114,TRANSLATE_TRAP_Y_POS,True,1.2569617301233313e-10,2.8128773632991065e-11,1.2880510788024843e-10,0.9980574510387474,1.2855589570918266e-10,0.9481860069344565,1215.9144878387451,13727,129,0.0008082780454211114,False,ABCD,1.0761195404283494e-05,0.00200453409889184,0.9603970129073696,0.2786352052354511,0.9968976965966652
215,0.0011245245055511706,0.0007076930186316219,0.000824024332057634,0.0014592110303042463,0.0008093699253975406,TRANSLATE_TRAP_Y_POS,False,6.691291466268915e-11,4.4460417557762985e-12,6.706046104785165e-11,0.9730487344901708,6.525406980567393e-11,0.9731139885599764,1207.740306854248,13727,129,0.0008093699253975406,False,ABCD,1.1595821301835555e-05,0.002007898470479048,0.9556378496803265,0.29454422461892177,0.9710975106825903
216,0.001127277601087932,0.0007088601742288636,0.000824024332057634,0.0014592110303042463,0.000809313877547285,HOLD,True,5.189462827751983e-11,2.200036469934454e-11,5.6365490248609795e-11,0.995606638748256,5.611885189445475e-11,0.9456627576001504,1224.3168354034424,13727,129,0.000809313877547285,False,ABCD,1.132706091743304e-05,0.0020107936982586443,0.9531259282420664,0.30257389991653166,0.9962715854242391
217,0.0011366312097673273,0.0007084781327109017,0.000824024332057634,0.0014592110303042463,0.0008132176483084356,MOVE_C_DOWN,True,1.763113698704544e-10,-7.2013129571724785e-12,1.7645837484773376e-10,0.9374843704760135,1.654279059437186e-10,0.8876497983819572,1254.004716873169,13727,129,0.0008132176483084356,False,ABCD,1.4677537428814337e-05,0.0020192600251917998,0.9509111791213032,0.3094639388040764,0.9299267609320127
218,0.0011461992582668722,0.000709932418166584,0.000824024332057634,0.0014592110303042463,0.00081560721041741,MOVE_C_DOWN,False,1.8035346525216677e-10,2.7412635022761485e-11,1.8242484750536495e-10,0.9829371767607815,1.793131475151163e-10,0.9831164899082966,1248.0747699737549,13727,129,0.00081560721041741,False,ABCD,1.6565650906495547e-05,0.0020283954527672687,0.9441453065136935,0.32952942233761723,0.9784953659212188
219,0.0011533413321212589,0.0007140470286995318,0.000824024332057634,0.0014592110303042463,0.0008146895579412176,MOVE_C_DOWN,False,1.346249205140242e-10,7.755858133615316e-11,1.5536795925249202e-10,0.9865728724865385,1.53282800424975e-10,0.9867261552869634,1341.1657810211182,13727,129,0.0008146895579412176,False,ABCD,1.5299000952786166e-05,0.002036228226677577,0.9363717695995829,0.3510098418776113,0.9895801174856101
220,0.001160458781578644,0.0007138523072922093,0.000824024332057634,0.0014592110303042463,0.0008177699950442297,TRANSLATE_TRAP_Y_POS,True,1.3416076156570644e-10,-3.670412056445268e-12,1.3421096031455268e-10,0.9188672703474119,1.233229776222082e-10,0.868990593325034,1306.2825202941895,13727,129,0.0008177699950442297,False,ABCD,1.8159133786712083e-05,0.002042486976072707,0.9293206391071867,0.36927381402884524,0.9126071657420046
221,0.0011658264365462633,0.0007148506504107154,0.000824024332057634,0.0014592110303042463,0.000819085498460385,HOLD,True,1.0117791247966334e-10,1.8818324441162014e-11,1.0291306675303797e-10,0.9780231276527531,1.0065233744527039e-10,0.9281237799901983,1288.3005142211914,13727,129,0.000819085498460385,False,ABCD,1.9330929632767433e-05,0.002047580784602971,0.9234258433152515,0.3837769038067778,0.9753108962613322
222,0.0011701452140883742,0.0007169078322835383,0.000824024332057634,0.0014592110303042463,0.0008190321744409728,HOLD,False,8.140703879270688e-11,3.877696475255279e-11,9.017072119273531e-11,0.9992702127829581,9.010591502327019e-11,0.9993603186979814,1283.1895351409912,13727,129,0.0008190321744409728,False,ABCD,1.9176577163939723e-05,0.002052142452036997,0.9184624958168875,0.39550808307266466,0.9996470547454938
223,0.0011740648853257264,0.0007199560614122735,0.000824024332057634,0.0014592110303042463,0.0008179402777487509,HOLD,False,7.388406218251868e-11,5.745776542375593e-11,9.359620426107915e-11,0.9706211322143609,9.084742437198743e-11,0.9707119796387329,1251.8031597137451,13727,129,0.0008179402777487509,False,ABCD,1.8009544820127255e-05,0.0020567544458722034,0.9138926160080649,0.4059560153562644,0.973327506290821
224,0.0011784796751972788,0.0007240129520881165,0.000824024332057634,0.0014592110303042463,0.0008161830704522937,MOVE_C_DOWN,True,8.321682856566912e-11,7.647058766187227e-11,1.130167745685571e-10,0.9512128862931639,1.0750396354978734e-10,0.9013203902567136,1167.172908782959,13727,129,0.0008161830704522937,False,ABCD,1.6198575989898338e-05,0.002062235811046851,0.9091527651794138,0.41646278292859,0.9553435252011161
225,0.0011827344697282252,0.0007292268766475534,0.000824024332057634,0.0014592110303042463,0.0008133571340177282,MOVE_C_DOWN,False,8.020098744573195e-11,9.828016255379185e-11,1.2685104941966464e-10,0.9034200918958806,1.1460069014389421e-10,0.9035346925860245,3947.606325149536,13727,129,0.0008133571340177282,False,ABCD,1.3357708803627202e-05,0.002068119174829594,0.9033629517438432,0.4288768790861208,0.9096151808240489
226,0.001187034734471361,0.0007355905494596676,0.000824024332057634,0.0014592110303042463,0.0008095697329806217,MOVE_C_DOWN,False,8.105808075315713e-11,1.1995240653832298e-10,1.4477220827810998e-10,0.8685172894240828,1.2573803443493225e-10,0.8686430274585177,1520.8396911621094,13727,129,0.0008095697329806217,False,ABCD,9.604979879248405e-06,0.0020746335020981463,0.896961136604837,0.44210939756870016,0.8764604995387176
227,0.0012060826015451104,0.0007359809686397963,0.000824024332057634,0.0014592110303042463,0.0008179426895442793,MOVE_C_LEFT,True,3.5904383559267843e-10,7.359228168678013e-12,3.591192477664501e-10,0.8988160409420008,3.227830393195511e-10,0.8491388239813203,1426.0709285736084,13727,129,0.0008179426895442793,False,ABCD,1.8305981133454193e-05,0.0020910130904088493,0.8896475357832027,0.45664785346355813,0.8801349741581151
228,0.0012182280662161016,0.0007408640987618407,0.000824024332057634,0.0014592110303042463,0.0008194015487420495,HOLD,True,2.2893661550892169e-10,9.204483430762437e-11,2.46747290650572e-10,0.9911747166309786,2.4457066706475906e-10,0.9414192872980433,1384.7846984863281,13727,129,0.0008194015487420495,False,ABCD,2.0240507855399644e-05,0.0021033650976168237,0.8701948563870547,0.49270773478352575,0.986623202341619
229,0.0012273221844617487,0.0007486418866443183,0.000824024332057634,0.0014592110303042463,0.0008170420219764553,HOLD,False,1.7142009042840925e-10,1.4660784763662945e-10,2.2556309181940463e-10,0.9869904830005307,2.2262961193241024e-10,0.9872131126124631,1494.6434497833252,13727,129,0.0008170420219764553,False,ABCD,1.848285433136374e-05,0.0021146557101508912,0.854564571292218,0.5193451583389873,0.9911304910196411
230,0.001235548228247328,0.0007581317660869735,0.000824024332057634,0.0014592110303042463,0.0008129354536804129,HOLD,False,1.5505727234930416e-10,1.7888001324298997e-10,2.367294169430968e-10,0.9604102316696411,2.2735831457957033e-10,0.9606375899842207,1389.3396854400635,13727,129,0.0008129354536804129,False,ABCD,1.5158833688104479e-05,0.002126278477778434,0.8395696609556886,0.5432520450037442,0.9680883905562097
231,0.0012418805268479024,0.0007665677290282832,0.000824024332057634,0.0014592110303042463,0.0008089243118654967,MOVE_C_UP,True,1.1936101658340923e-10,1.5901415521424645e-10,1.988279503448279e-10,0.9481115965736346,1.885120335564947e-10,0.8983001086071911,1273.7863063812256,13727,129,0.0008089243118654967,False,ABCD,1.1926290243260951e-05,0.002135990607746609,0.8234379083614992,0.5674063896989875,0.9555420226864932
232,0.001246392676141182,0.0007717304096361939,0.000824024332057634,0.0014592110303042463,0.0008068609681215277,MOVE_C_UP,False,8.505201043000434e-11,9.731423682385612e-11,1.2924358849395632e-10,0.9748058938721846,1.2598838661499375e-10,0.9749318822587997,1275.4836082458496,13727,129,0.0008068609681215277,False,ABCD,1.04513062637692e-05,0.002142504542152555,0.8094254347032993,0.5872226712699153,0.978308481817375
233,0.0012512880432754142,0.0007756722436227799,0.000824024332057634,0.0014592110303042463,0.0008060890470795159,HOLD,True,9.227549655317565e-11,7.430182016357464e-11,1.1847163265421525e-10,0.9994132673053748,1.1840312088721872e-10,0.949531670426262,1326.9102573394775,13727,129,0.0008060890470795159,False,ABCD,1.0285478965400287e-05,0.002148628784605146,0.7997583630912259,0.6003220474575648,0.9998245753496401
234,0.0012563149290202409,0.0007787784001427617,0.000824024332057634,0.0014592110303042463,0.000806141255866962,HOLD,False,9.475456395829777e-11,5.854967102445109e-11,1.1138443054573916e-10,0.9944068469712928,1.107624347875284e-10,0.9945176094060804,1324.2552280426025,13727,129,0.000806141255866962,False,ABCD,1.0950920492331794e-05,0.0021543485422421227,0.7904739967562933,0.6124956003516528,0.9928087927678878
235,0.0012613144460584627,0.0007812820196391364,0.000824024332057634,0.0014592110303042463,0.0008067281991502667,HOLD,False,9.423867599264842e-11,4.719211570316758e-11,1.0539461009647753e-10,0.9781777047498967,1.0309563597488744e-10,0.9782808003858716,1303.2491207122803,13727,129,0.0008067281991502667,False,ABCD,1.214850566773752e-05,0.002159656912390555,0.7816339202879129,0.6237374565098274,0.975351457094615
236,0.0012661850998960035,0.0007833332541200659,0.000824024332057634,0.0014592110303042463,0.0008076613850835569,HOLD,False,9.180966188518225e-11,3.8664859056469926e-11,9.961920166979943e-11,0.9587497394293185,9.551084239281636e-11,0.9588452502717113,1477.3659706115723,13727,129,0.0008076613850835569,False,ABCD,1.368144187627291e-05,0.002164556517256578,0.7732854833294613,0.6340580109658118,0.9552169061002387
237,0.0012715810126435762,0.0007900933891013568,0.000824024332057634,0.0014592110303042463,0.0008050002485130212,PHASE_SHIFT_C_POS,True,1.0171055908311346e-10,1.2742554236699268e-10,1.6304081291664905e-10,0.9804337099515995,1.5985168951510487e-10,0.9305935616411146,1335.4465961456299,13727,129,0.0008050002485130212,False,ABCD,1.2065958199889836e-05,0.002172789106435359,0.7654581234990057,0.643485711704138,0.9842753743393972
238,0.001277700565700685,0.0007946520245799556,0.000824024332057634,0.0014592110303042463,0.000804649487082296,PHASE_SHIFT_C_POS,False,1.1535085756479319e-10,8.592825437975882e-11,1.4383839974668012e-10,0.996844772725324,1.4338555374942638e-10,0.9969881582790734,1329.5557498931885,13727,129,0.000804649487082296,False,ABCD,1.2740827013272985e-05,0.002180161570686708,0.7520562518526196,0.6590989258429946,0.9952246221072071
239,0.0012826313108093375,0.0008023446708915651,0.000824024332057634,0.0014592110303042463,0.000801120324974866,MOVE_C_DOWN,True,9.294235566039716e-11,1.4500296683530444e-10,1.7223281297924666e-10,0.9656755414397165,1.663219806029609e-10,0.9158418634203194,1320.0700283050537,13727,129,0.000801120324974866,False,ABCD,1.0462121025137919e-05,0.0021887608968245075,0.7397798831814385,0.6728489610886363,0.9710322014548727
240,0.0012865196374908612,0.000805279939825956,0.000824024332057634,0.0014592110303042463,0.0008009542924798519,PHASE_SHIFT_C_NEG,True,7.329323122459336e-11,5.53285159235557e-11,9.183214261708623e-11,0.9936205290768325,9.124729575397743e-11,0.9437117763725864,1346.944808959961,13727,129,0.0008009542924798519,False,ABCD,1.1039434284457205e-05,0.00219347183025002,0.7251496373141936,0.6885913182004938,0.9922393023098359
241,0.001289735330022795,0.000808010382580883,0.000824024332057634,0.0014592110303042463,0.0008005929160447488,PHASE_SHIFT_C_NEG,False,6.061437620716392e-11,5.1467633399556555e-11,7.951741878817966e-11,0.9977201171439061,7.93371261084408e-11,0.9977994542700145,1284.9969863891602,13727,129,0.0008005929160447488,False,ABCD,1.1344743668835976e-05,0.002197564794293373,0.716988557268319,0.6970849365352076,0.9969943488515546
242,0.001299935697860588,0.0008194072903328486,0.000824024332057634,0.0014592110303042463,0.0007973960457525614,MOVE_B_RIGHT,True,1.922724039787415e-10,2.148266500032935e-10,2.8830394878218706e-10,0.9982455043395826,2.877991190006718e-10,0.9485333034585832,1293.180227279663,13727,129,0.0007973960457525614,False,ABCD,1.0723375971556214e-05,0.002212437778168684,0.7098176428033665,0.704385486763514,0.9997571602609504
243,0.001314112732566378,0.0008294447870113975,0.000824024332057634,0.0014592110303042463,0.0007979925823617703,TRANSLATE_TRAP_Y_POS,True,2.672308084883849e-10,1.892023549545684e-10,3.27429131455511e-10,0.9795325924086895,3.2072848549733475e-10,0.9298533208941868,1499.7246265411377,13727,129,0.0007979925823617703,False,ABCD,1.4568368349087899e-05,0.002228859743004934,0.683143636244716,0.7302840353289585,0.9704571088381887
244,0.0013305704513705981,0.0008419835567159307,0.000824024332057634,0.0014592110303042463,0.0007984727453978868,TRANSLATE_TRAP_Y_POS,False,3.102206909411064e-10,2.3635024073289293e-10,3.899978376638439e-10,0.9782893662396774,3.815317157323727e-10,0.9786708979554098,1484.6069812774658,13727,129,0.0007984727453978868,False,ABCD,1.934390221430707e-05,0.0022481746217333557,0.652585930463858,0.7577147242588207,0.9671599313698483
245,0.00133759348334996,0.0008492713755596266,0.000824024332057634,0.0014592110303042463,0.0007973579218827051,MOVE_C_UP,True,1.3238103403373762e-10,1.3737214884028908e-10,1.9077695209023583e-10,0.9945701458544578,1.8974205563620062e-10,0.9447598879100939,1400.8641242980957,13727,129,0.0007973579218827051,False,ABCD,2.0516590771543276e-05,0.00225775060667858,0.6152402787296912,0.7883396472502268,0.9918078166551921
246,0.0013460917658456842,0.0008610693966566785,0.000824024332057634,0.0014592110303042463,0.0007939318732262998,ROTATE_INTERFERENCE_CW,True,1.6018885114018424e-10,2.2238745843237564e-10,2.740741682421452e-10,0.9998909780402458,2.740452880301835e-10,0.9501650233282759,1403.6178588867188,13727,129,0.0007939318732262998,False,ABCD,2.0555993418459645e-05,0.0022715812866425018,0.5961901400922461,0.8028432704175754,0.9998000466754612
247,0.001358557177929574,0.0008815598512689373,0.000824024332057634,0.0014592110303042463,0.0007870236641657212,ROTATE_INTERFERENCE_CW,False,2.3496748216030936e-10,3.862359700715221e-10,4.5209284693505715e-10,0.9983375127104597,4.5134224666084827e-10,0.9987888549571206,1387.2110843658447,13727,129,0.0007870236641657212,False,ABCD,1.985634260121531e-05,0.002294405629830848,0.5680795514686738,0.8229736467233627,0.9999997972298713
248,0.0013734988154451753,0.000910626123255914,0.000824024332057634,0.0014592110303042463,0.0007764454959205009,ROTATE_INTERFERENCE_CW,False,2.816432319096851e-10,5.478863192491737e-10,6.160376034796416e-10,0.9973870256706635,6.14428910422869e-10,0.9980014545810864,1473.1900691986084,13727,129,0.0007764454959205009,False,ABCD,1.8764647901459478e-05,0.002325572856810767,0.5202226744690953,0.8540306604368615,0.9999844604664906
249,0.001386906093486984,0.0009427818079918124,0.000824024332057634,0.0014592110303042463,0.0007638946386826084,ROTATE_INTERFERENCE_CW,False,2.527212372046911e-10,6.061203776246874e-10,6.566962280279699e-10,0.9972494977984634,6.548909808565359e-10,0.99790438877932,3825.115919113159,13727,129,0.0007638946386826084,False,ABCD,1.76288843886186e-05,0.0023588876979415505,0.4521700952348133,0.891931726632336,0.9999589059367352
250,0.0013988335286807547,0.0009701737357473854,0.000824024332057634,0.0014592110303042463,0.0007546940360106282,ROTATE_INTERFERENCE_CW,False,2.2482685668550888e-10,5.163256740274223e-10,5.63151238253951e-10,0.999691621019946,5.629785739411032e-10,1.0002545995938872,1462.8541469573975,13727,129,0.0007546940360106282,False,ABCD,1.943180910576165e-05,0.002387395100368514,0.3764053098241583,0.9264550948287669,0.9953975212168578
251,0.0014058112510329987,0.000991524837095741,0.000824024332057634,0.0014592110303042463,0.000746462587413938,PHASE_SHIFT_C_NEG,True,1.3152696768359276e-10,4.0245877885226846e-10,4.2340572965336685e-10,0.9999968847855599,4.2340541065060864e-10,0.9504202901962104,1449.7995376586914,13727,129,0.000746462587413938,False,ABCD,2.005908207307344e-05,0.002408795018794005,0.30947346158052846,0.9509080799821639,0.9985060180836082
252,0.001412755703472158,0.0010132341082612834,0.000824024332057634,0.0014592110303042463,0.000738579747002679,PHASE_SHIFT_C_NEG,False,1.3089984459640133e-10,4.0921012085073954e-10,4.2963669806248964e-10,0.9988237047306716,4.291323172707336e-10,0.9992528370479423,1384.300708770752,13727,129,0.000738579747002679,False,ABCD,2.177670717811185e-05,0.0024303963182654947,0.2581797340721376,0.9660969024442839,0.9947613529267243
253,0.0014206503585011514,0.001037730686388492,0.000824024332057634,0.0014592110303042463,0.0007304849729714659,PHASE_SHIFT_C_NEG,False,1.48810741450268e-10,4.6174961929516033e-10,4.851364217312529e-10,0.9945285101149252,4.824829972353791e-10,0.9950109931121606,1366.4190769195557,13727,129,0.0007304849729714659,False,ABCD,2.523427839815019e-05,0.0024544886154055615,0.20565129533487303,0.9786253341933719,0.9864508160339979
254,0.0014295703380363418,0.0010682250444134182,0.000824024332057634,0.0014592110303042463,0.0007208023352624407,PHASE_SHIFT_C_NEG,False,1.681376530675509e-10,5.748051068822695e-10,5.988916273225076e-10,0.9905346835763971,5.932239191011372e-10,0.9911279074954982,1368.1936264038086,13727,129,0.0007208023352624407,False,ABCD,3.074391826604606e-05,0.0024837402461227796,0.1463604233477842,0.989231331123038,0.9778766523824293
255,0.0014383168441967778,0.0011078962421289093,0.000824024332057634,0.0014592110303042463,0.0007076562519054729,PHASE_SHIFT_C_NEG,False,1.6486775698922412e-10,7.477844598125689e-10,7.657434137045081e-10,0.9897544117290303,7.578989117208967e-10,0.9905123106407512,1362.1079921722412,13727,129,0.0007076562519054729,False,ABCD,3.838796350536444e-05,7.2051879287063724e-06,0.07367564364746597,0.9972822567012468,0.972510549891553
256,0.0014435234538575006,0.0011541965891367413,0.000824024332057634,0.0014592110303042463,0.0006905164525422484,PHASE_SHIFT_C_NEG,False,9.814227996141772e-11,8.727409801107777e-10,8.782418376966257e-10,0.9915464193167305,8.708185410086537e-10,0.9924172378577392,1406.426191329956,13727,129,0.0006905164525422484,False,ABCD,4.6822475258063935e-05,4.863709452715257e-05,-0.018127140822293372,0.9998356898828972,0.9728451028155638
257,0.0014381690283624341,0.001186875181912396,0.000824024332057634,0.0014592110303042463,0.0006718188165857101,PHASE_SHIFT_C_NEG,False,-1.0092854279696821e-10,6.15976961961894e-10,6.241908269262887e-10,0.9991712927164192,6.236745546129633e-10,0.9997949672710322,1314.4598007202148,13727,129,0.0006718188165857101,False,ABCD,4.6698326220718535e-05,7.829209908616676e-05,-0.12143276626335689,0.9925996591152088,0.9994448638991037
258,0.0014324676317719756,0.0012490631437825413,0.000824024332057634,0.0014592110303042463,0.000643712189706561,TRANSLATE_TRAP_X_NEG,True,-1.0746879386271738e-10,1.1722154649178273e-09,1.177131529544097e-09,0.9945496439544456,1.1707167381452775e-09,0.9457203606925908,1326.7607688903809,13727,129,0.000643712189706561,False,ABCD,5.743641455922116e-05,0.00013277118944962968,-0.19462030913654407,0.9808786547119861,0.9712181706642868
259,0.0014298345785818177,0.0012716942258539526,0.000824024332057634,0.0014592110303042463,0.0006341676487687951,MOVE_A_LEFT,True,-4.963188335226907e-11,4.2658584706999764e-10,4.294633963046451e-10,0.9767014638964274,4.194585045621423e-10,0.9271209224009895,1303.6606311798096,13727,129,0.0006341676487687951,False,ABCD,6.285707527939642e-05,0.000152010294344747,-0.32602926875128774,0.9453596754227992,0.9653017888069324
260,0.0014243601818508568,0.0012971595820664332,0.000824024332057634,0.0014592110303042463,0.0006218229687161159,MOVE_A_LEFT,False,-1.0318994731693614e-10,4.800106559890568e-10,4.909769802040791e-10,0.985841673853181,4.840265538294434e-10,0.9863257004070104,1290.1244163513184,13727,129,0.0006218229687161159,False,ABCD,6.79246357492869e-05,0.00017397292211002228,-0.3711194803047882,0.9285851233658139,0.9751983834825083
261,0.001416881611710044,0.0013177622638646893,0.000824024332057634,0.0014592110303042463,0.0006094977502535413,MOVE_A_LEFT,False,-1.4096772608239983e-10,3.8835140268989554e-10,4.1314490408094337e-10,0.9962210379814183,4.1158464140128886e-10,0.9966326226228196,1377.7275085449219,13727,129,0.0006094977502535413,False,ABCD,7.033039636561704e-05,0.00019255006070275529,-0.4215338035953568,0.9068126887204605,0.9911453024217489
262,0.0014063197036024216,0.0013388970591301098,0.000824024332057634,0.0014592110303042463,0.0005945951155048057,MOVE_A_LEFT,False,-1.9908727751278361e-10,3.98381505245818e-10,4.453577974947512e-10,0.9998331145599902,4.452844735958691e-10,1.0002783990335862,1361.276626586914,13727,129,0.0005945951155048057,False,ABCD,7.134648232120589e-05,0.00021260585126473894,-0.46318549480489124,0.8862613595324731,0.9976838012055859
263,0.0013908128875937513,0.001361335655249588,0.000824024332057634,0.0014592110303042463,0.0005751772385350521,MOVE_A_LEFT,False,-2.9229659552044234e-10,4.229575723549286e-10,5.141307302284271e-10,0.9973359011941308,5.127620324998661e-10,0.9978486632266307,1266.988754272461,13727,129,0.0005751772385350521,False,ABCD,7.013938126272461e-05,0.00023576293746884836,-0.5070240917537757,0.8619318826794022,0.9998828718336457
264,0.0013820823951192548,0.0013796037000610652,0.000824024332057634,0.0014592110303042463,0.0005637074851166469,MOVE_B_LEFT,True,-1.645659061205933e-10,3.443445322511132e-10,3.8164786695136903e-10,0.9896763769707939,3.777088679194394e-10,0.9400540858387133,1277.6269912719727,13727,129,0.0005637074851166469,False,ABCD,7.346085978452788e-05,0.00025269753711637435,-0.5560433650172649,0.8311532808202567,0.9827659754088105
265,0.0013713249613719895,0.00139484402342022,0.000824024332057634,0.0014592110303042463,0.0005510726725424677,PHASE_SHIFT_C_POS,True,-2.0277284899132453e-10,2.8727332742072194e-10,3.516287714841205e-10,0.9998471584812147,3.515760278557967e-10,0.9501987345090706,1294.8963642120361,13727,129,0.0005510726725424677,False,ABCD,7.414683915906551e-05,0.0002684366040419331,-0.5907307685366543,0.8068687372194401,0.9984072383838599
266,0.0013590065698008617,0.0014097514978331455,0.000824024332057634,0.0014592110303042463,0.0005372636597174718,PHASE_SHIFT_C_POS,False,-2.3219621078338577e-10,2.8099927259534324e-10,3.6452115370890964e-10,0.9998115407279373,3.644534561291709e-10,1.0001759941840664,1349.217176437378,13727,129,0.0005372636597174718,False,ABCD,7.416422004412993e-05,0.00028475174064993485,-0.6220153536467871,0.7830050445722954,0.9997733210176274
267,0.0013498292707067277,0.0014205044263133912,0.000824024332057634,0.0014592110303042463,0.0005272276877216162,PHASE_SHIFT_C_POS,False,-1.7298801248356408e-10,2.0268792670869783e-10,2.664718523530847e-10,0.9999805849393217,2.664676787664872e-10,1.0002470526180882,1354.5024394989014,13727,129,0.0005272276877216162,False,ABCD,7.445084669507857e-05,0.00029667176085781044,-0.6534262886008806,0.7569901487887928,0.9993814417681369
268,0.0013417882588896953,0.0014308807873095258,0.000824024332057634,0.0014592110303042463,0.0005185384138101014,PHASE_SHIFT_C_POS,False,-1.5156950191090557e-10,1.9558979685871248e-10,2.4744430190398893e-10,0.996583816244093,2.46599983283149e-10,0.9968304162273761,1353.2509803771973,13727,129,0.0005185384138101014,False,ABCD,7.57113718689316e-05,0.00030767374870613285,-0.675691814665396,0.7371842182196956,0.9939654758712106
269,0.0013369527626034348,0.0014387719081455804,0.000824024332057634,0.0014592110303042463,0.0005133354970940498,PHASE_SHIFT_C_POS,False,-9.114695765625984e-11,1.4874412348282993e-10,1.7444936847311135e-10,0.9759681353140301,1.7025800082354797e-10,0.9761383933148537,1365.2763366699219,13727,129,0.0005133354970940498,False,ABCD,7.781122838908272e-05,0.0003152361188326426,-0.6957126318965352,0.7183202167679786,0.9717338235221733
270,0.00133095322669712,0.0014441630080194938,0.000824024332057634,0.0014592110303042463,0.000507152193325725,PHASE_SHIFT_C_POS,False,-1.130885875693598e-10,1.0161983855193031e-10,1.5203821962175544e-10,0.9987216455388326,1.5184485960707954e-10,0.9988734903984396,1355.339527130127,13727,129,0.000507152193325725,False,ABCD,7.747064239622243e-05,0.00032198493757404535,-0.7091724407158875,0.7050350695724793,0.9994288132656877
271,0.0013023372675442229,0.0014705383472969993,0.000824024332057634,0.0014592110303042463,0.0004784470423819673,TRANSLATE_TRAP_Y_NEG,True,-5.393981223010039e-10,4.971634326608991e-10,7.335678653792144e-10,0.9997796990333716,7.33407259449083e-10,0.9505131062928207,1523.0491161346436,13727,129,0.0004784470423819673,False,ABCD,7.823267366805728e-05,0.00035456433027904714,-0.7209656168003746,0.6929708358868034,0.9981830943785611
272,0.0012941802933343386,0.0014790566635344302,0.000824024332057634,0.0014592110303042463,0.0004705746243501971,TRANSLATE_TRAP_Y_NEG,False,-1.537553415197624e-10,1.6056647827480387e-10,2.2231126600204458e-10,0.9924512039717214,2.2063407605141077e-10,0.9926718380477728,3708.751916885376,13727,129,0.0004705746243501971,False,ABCD,7.981871488733287e-05,0.000364323434129899,-0.7749560317684867,0.6320151492042257,0.9892037555576838
273,0.0012720372962211112,0.0014935438162164754,0.000824024332057634,0.0014592110303042463,0.00044932655858188485,PHASE_SHIFT_B_NEG,True,-4.1738566235625225e-10,2.7307639462408324e-10,4.987800200904758e-10,0.9967686175374428,4.971692678494991e-10,0.9472657868052923,1398.0693817138672,13727,129,0.00044932655858188485,False,ABCD,7.841511871754168e-05,0.0003863867152140022,-0.7901465369739096,0.6129179799174913,0.999675671337798
274,0.0012522815136823972,0.0015027217633309033,0.000824024332057634,0.0014592110303042463,0.00043046184209718575,TRANSLATE_TRAP_Y_NEG,True,-3.72387727737247e-10,1.7300022737833373e-10,4.106113715452425e-10,0.9856347491888862,4.047138218418488e-10,0.9360394630107279,1406.7819118499756,13727,129,0.00043046184209718575,False,ABCD,7.521656200750582e-05,0.00040446451923758603,-0.8227327804577675,0.568428334936103,0.9922311875358291
275,0.0012338483121374557,0.0015095756855560485,0.000824024332057634,0.0014592110303042463,0.00041290712411763854,TRANSLATE_TRAP_Y_NEG,False,-3.4745766333437123e-10,1.291933902647514e-10,3.706990152372698e-10,0.9793776833372401,3.630553221361569e-10,0.9797407386593763,1375.7603168487549,13727,129,0.00041290712411763854,False,ABCD,7.163256385479149e-05,0.0004208036310884113,-0.8475686929324493,0.5306856986567277,0.986776805219482
276,0.0012247619258658785,0.0015140055987516896,0.000824024332057634,0.0014592110303042463,0.00040446639393472867,TRANSLATE_TRAP_Y_NEG,False,-1.7127434615079656e-10,8.350189650880052e-11,1.9054518721276933e-10,0.9978863836496641,1.9014344567598228e-10,0.9980765270953401,1350.572109222412,13727,129,0.00040446639393472867,False,ABCD,7.108232732366815e-05,0.00042936948236875516,-0.8685276652901768,0.4956406910490647,0.9990431954367929
277,0.0012121754743386638,0.0015172787883188348,0.000824024332057634,0.0014592110303042463,0.00039247060243400276,MOVE_A_RIGHT,True,-2.372490219159706e-10,6.169816978769924e-11,2.451402915785907e-10,0.9706794692088017,2.379536187906665e-10,0.9209174228275923,1331.3407897949219,13727,129,0.00039247060243400276,False,ABCD,6.812393561072253e-05,0.0004401569632058394,-0.8789408880854733,0.4769307237424729,0.976766229303955
278,0.001191566673346461,0.0015231697266259198,0.000824024332057634,0.0014592110303042463,0.0003730657951022054,TRANSLATE_TRAP_X_POS,True,-3.8846674677838887e-10,1.1104157104973394e-10,4.0402554851615263e-10,0.9816643967294049,3.966184780117726e-10,0.9320610152074166,1271.4214324951172,13727,129,0.0003730657951022054,False,ABCD,6.451093406903283e-05,0.00045828151383319913,-0.8914778983554998,0.45306418611678057,0.9892630259771182
279,0.0011822109882427903,0.0015306453515115262,0.000824024332057634,0.0014592110303042463,0.000365240390586047,TRANSLATE_TRAP_X_POS,False,-1.7635050954595153e-10,1.4091220932968507e-10,2.2573380995165462e-10,0.9690909192159609,2.1875755447508922e-10,0.969309676770436,1292.1051979064941,13727,129,0.000365240390586047,False,ABCD,6.760695355704469e-05,0.00046821054683005383,-0.9110803688253131,0.41222877330328517,0.9627262514707818
280,0.0011563020842041325,0.0015378647913444777,0.000824024332057634,0.0014592110303042463,0.0003414599811065767,TRANSLATE_TRAP_Y_NEG,True,-4.88371335542461e-10,1.360832348534019e-10,5.069765361313018e-10,0.9917771602325318,5.028087410859884e-10,0.9422799689736178,1281.6884517669678,13727,129,0.0003414599811065767,False,ABCD,6.492571129772831e-05,0.0004911723132558211,-0.9210348468217894,0.3894801804173904,0.9974726144829424
281,0.0011049951842306287,0.0015455291106514077,0.000824024332057634,0.0014592110303042463,0.0002939309966057303,NARROW,True,-9.671122802113558e-10,1.4446901537650423e-10,9.77843269107818e-10,0.9811655644346376,9.594271242283478e-10,0.932124991558866,1292.7675247192383,13727,129,0.0002939309966057303,False,ABCD,5.7733740453397026e-05,0.0005357420738097961,-0.9418606380948044,0.33600377736812437,0.9965445458670048
282,0.0010288200571558631,0.0015699698556307102,0.000824024332057634,0.0014592110303042463,0.0002328278471450689,NARROW,False,-2.3268657761002616e-09,7.465735236505123e-10,2.4437013660025267e-09,0.9968644895926613,2.4360401118014874e-09,0.9993005297044628,1291.7888164520264,13727,129,0.0002328278471450689,False,ABCD,7.085269553865542e-05,0.0006038199278187381,-0.9733765503518926,0.22921189153935492,0.9691034321765083
283,0.0009497141549416753,0.001581896977449463,0.000824024332057634,0.0014592110303042463,0.00017564103507876672,TOGGLE_A_OFF,True,-3.353802233653011e-09,5.056665391221573e-10,3.3917087244107075e-09,0.9960761440986777,3.3784011441930066e-09,0.9494545452428707,1270.9484100341797,13727,129,0.00017564103507876672,False,BCD,8.451353240973352e-05,0.0006699079258487655,-0.9981380066473122,0.060996062857613116,0.9680103647365559
284,0.0008890589754495758,0.0015986669641945772,0.000824024332057634,0.0014592110303042463,0.0001538748268507275,TOGGLE_C_OFF,True,-1.1433231977672999e-09,3.1610680295549376e-10,1.1862172842391008e-09,0.9308838538975135,1.10423144799619e-09,0.8819880853455097,1254.7523975372314,13727,129,0.0001538748268507275,False,BD,0.00011085873987564651,0.0007158825269298414,-0.9945732786052326,-0.10403842310626411,0.8829663279434584
285,0.0008776682947472511,0.0015999357355859533,0.000824024332057634,0.0014592110303042463,0.00015060251461933936,TOGGLE_C_OFF,False,-2.147092728828617e-10,2.3915777293393042e-11,2.1603711779561017e-10,0.9459821831143358,2.0436821030820334e-10,0.946186551324644,1437.5951290130615,13727,129,0.00015060251461933936,False,BD,0.00011468513270339716,0.0007243102875786186,-0.97606246375062,-0.21749038336227436,0.9390606547132393
286,0.0008752774941619875,0.001599033795725579,0.000824024332057634,0.0014592110303042463,0.00014892042289680823,TOGGLE_C_OFF,False,-4.5065529329173516e-11,-1.7001165835989908e-11,4.8165771804274335e-11,0.992737399944548,4.781695580469767e-11,0.9927852169003527,1351.4928817749023,13727,129,0.00014892042289680823,False,BD,0.00011438354633365948,0.0007262828800760969,-0.9712610397136688,-0.2380167908621634,0.9932986543967189
287,0.0008078136786438775,0.0016067521848753725,0.000824024332057634,0.0014592110303042463,0.00014842903212068016,TRANSLATE_TRAP_X_POS,True,-1.2716629632889891e-09,1.454882079032292e-10,1.279958401995872e-09,0.9361893606913374,1.1982843742653818e-09,0.8873876450656027,1312.9408359527588,13727,129,0.00014842903212068016,False,BD,0.00014197173265066368,0.0007733155064946138,-0.9700756785388068,-0.24280275514391003,0.8886492854822948
288,0.0007345970820386988,0.0015745135437508692,0.000824024332057634,0.0014592110303042463,0.00014591745150275144,TRANSLATE_TRAP_X_POS,False,-2.2608140054674866e-09,-9.954788224390354e-10,2.470274894266334e-09,0.998655398088405,2.466954356576737e-09,1.0011223524449817,1233.9279651641846,13727,129,0.00014591745150275144,False,BD,0.00014369275520773793,0.0008323054524248214,-0.9348647785850481,-0.35500400808882276,0.995472526709273
289,0.000669331173757265,0.0015282495057061907,0.000824024332057634,0.0014592110303042463,0.00016939977659597994,TRANSLATE_TRAP_X_POS,False,-2.8879902695191726e-09,-2.047165131381538e-09,3.5399679196260825e-09,0.9943609661915576,3.5200069152074756e-09,0.997880973106765,1270.8897590637207,13727,129,0.00016939977659597994,False,BD,0.00014105407473407374,0.0008913269948964616,-0.8725499571189618,-0.4885248942783755,0.9991646412559565
290,0.0006589292914782647,0.0015187405314038584,0.000824024332057634,0.0014592110303042463,0.00017549966930188873,TRANSLATE_TRAP_X_POS,False,-1.9607086170727797e-10,-1.792399428682869e-10,2.656515385426203e-10,0.9965836234027945,2.6474496942695504e-10,0.9968483683722215,1337.7652168273926,13727,129,0.00017549966930188873,False,BD,0.00014006745953806934,0.0009017303225339055,-0.7912509318596341,-0.6114915885188121,0.9983728927373122
291,0.0006510483092680916,0.0015080191330552953,0.000824024332057634,0.0014592110303042463,0.00017973017374454757,TRANSLATE_TRAP_X_POS,False,-1.485530148873103e-10,-2.0209359772833338e-10,2.508183017143902e-10,0.9681697069073752,2.428356498275337e-10,0.9684125425572028,1298.9277839660645,13727,129,0.00017973017374454757,False,BD,0.00013688629653200519,0.0009113283823750631,-0.7750831277311536,-0.631859276346001,0.9738043176970637
292,0.0005902473370029371,0.0014560264242240379,0.000824024332057634,0.0014592110303042463,0.0002337986850533807,TOGGLE_A_ON,True,-1.0422175495535227e-08,-8.912310374980351e-09,1.3713169519834477e-08,0.999999816261367,1.3713168000195272e-08,0.9637129842615622,1309.0417385101318,13727,129,0.0002337986850533807,False,ABD,0.0001428186249374087,0.000970495456693143,-0.7597061075752393,-0.6502665838799337,0.9890712475731044
293,0.0005311780886353013,0.0014020743723883332,0.000824024332057634,0.0014592110303042463,0.0002983680947493753,TRANSLATE_TRAP_X_POS,True,-1.1801374657168147e-09,-1.0779016067266595e-09,1.5983104553785601e-09,0.9933115073670522,1.5876211609841044e-09,0.9448991285280363,1327.3804187774658,13727,129,0.0002983680947493753,False,ABD,0.00015771221165530766,0.0010276864769703153,-0.6555612027249008,-0.7551420458959237,0.9668339963900725
294,0.0005147403604763686,0.0013720363347707308,0.000824024332057634,0.0014592110303042463,0.00032133472053054294,TOGGLE_C_ON,True,-3.0984387615485615e-10,-5.6620366984628e-10,6.454376990369102e-10,0.9974655911349077,6.438028934761975e-10,0.9481093940283839,1322.1890926361084,13727,129,0.00032133472053054294,False,ABCD,0.00015630988233726156,0.0010522592128302864,-0.5412334811254917,-0.8408723558940333,0.9999476696669098
295,0.00046558045945585726,0.0013122372324119909,0.000824024332057634,0.0014592110303042463,0.0003874058686605461,MOVE_A_LEFT,True,-9.266423033834385e-10,-1.127186523968887e-09,1.4591831338926675e-09,0.9842721597483998,1.436234318937134e-09,0.9357083940673369,1320.887565612793,13727,129,0.0003874058686605461,False,ABCD,0.00017502077191812302,0.0011054230751111223,-0.4885923491280198,-0.8725121869473016,0.9523251232575864
296,0.00041239607611184565,0.0012524758622108549,0.000824024332057634,0.0014592110303042463,0.0004606270192027105,TOGGLE_A_OFF,True,-1.8935254844871768e-09,-2.127686180580018e-09,2.8482428343513097e-09,0.9394674779649235,2.6758324516871683e-09,0.8921433104166105,1329.468011856079,13727,129,0.0004606270192027105,False,BCD,0.0002070644610959362,0.0011550818884609405,-0.3686068573244779,-0.9295853832388781,0.8900486075319765
297,0.00040100859127154145,0.001194059098930942,0.000824024332057634,0.0014592110303042463,0.0004992472971021478,TOGGLE_C_OFF,True,-2.146490323029892e-10,-1.1011300462000101e-09,1.1218563124184157e-09,0.9981546474643741,1.1197870901823337e-09,0.9492744345545564,3675.4965782165527,13727,129,0.0004992472971021478,False,BD,0.0002063314455165623,0.0011943341767933784,-0.25056781765519937,-0.9680990490407014,0.9993242910384446
298,0.00040447572664594557,0.0011219159612348769,0.000824024332057634,0.0014592110303042463,0.0005383205326953481,WIDEN,True,6.535396212737574e-11,-1.3598661083572477e-09,1.361435629409056e-09,0.9794330937394355,1.3334360898723012e-09,0.9307665298293079,1308.4778785705566,13727,129,0.0005383205326953481,False,BD,0.00019592740288622675,0.001241923252789208,-0.15451665815033389,-0.9879901833277762,0.9964060659738178
299,0.00040584140450655807,0.0010678747983158226,0.000824024332057634,0.0014592110303042463,0.0005727311824600488,WIDEN,False,2.574242120442311e-11,-1.0186519225076992e-09,1.018977139821153e-09,0.9981107999065313,1.0170530862241604e-09,0.9991278529927554,1297.6901531219482,13727,129,0.0005727311824600488,False,BD,0.00019502644074191237,0.0012782433812821338,-0.0361888358083924,-0.9993449695479699,0.9995867423760937
