step_idx,particle_x,particle_y,target_x,target_y,tracking_error,chosen_action,action_switched,Fp_x,Fp_y,Fp_mag,Fp_hat_dot_d,Fp_dot_d,score,solver_time_ms,n_actions_evaluated,target_idx,dist_to_target,target_advanced,gates_active,cross_track_error,arc_progress,d_hat_x,d_hat_y,tangent_alignment
0,0.0013254582523174764,0.0011290435509611857,0.0014,0.0011,7.999999999999994e-05,TOGGLE_B_OFF,False,-2.9395811136038333e-09,1.145343066560645e-09,3.1548292923032926e-09,0.36304427193872973,1.145343066559499e-09,0.36418961500528924,90.17086029052734,37,1,7.999999999999994e-05,True,ACD,-7.324840956166544e-05,3.560127307701561e-05,2.7105054312110504e-16,0.999999999999,0.4444286075752249
1,0.0013266688790859306,0.001132202270618428,0.0013999506529926643,0.0011062829269247283,7.77305008631089e-05,TOGGLE_A_OFF,True,2.2819776972086715e-11,5.954046281965382e-11,6.376369604903999e-11,0.9945885707550052,6.3419637908042e-11,0.9446519903929131,59.75508689880371,37,2,7.77305008631089e-05,True,CD,-7.174774517721772e-05,3.930409958282424e-05,0.25907778359185774,0.9658564603745489,0.8941544017403918
2,0.0013278825159717482,0.0011355152029607874,0.0013998026241462927,0.0011125643036312513,7.54933489777257e-05,TOGGLE_A_OFF,False,2.2876516347660995e-11,6.244730345158081e-11,6.650564418587807e-11,0.9944804974823649,6.613956059585465e-11,0.9945466370429608,59.047698974609375,37,3,7.54933489777257e-05,True,CD,-7.01996453590299e-05,4.315848066674001e-05,0.24369928452978545,0.9698508435413087,0.8964751889137347
3,0.0013290993228243944,0.0011389873062957751,0.0013995559499847881,0.001118842580283857,7.327991741885341e-05,TOGGLE_A_OFF,False,2.2936268814667294e-11,6.544760597821172e-11,6.935028158138893e-11,0.9942227386582148,6.89506211033055e-11,0.9942916892793181,61.562538146972656,37,4,7.327991741885341e-05,True,CD,-6.859937487132655e-05,4.7166842280611775e-05,0.22765389314119874,0.9737421141841245,0.8982632785677763
4,0.0013303194935521442,0.001142623573801152,0.0013992106913713086,0.0011251162078117255,7.10809749570655e-05,TOGGLE_A_OFF,False,2.2999676366541958e-11,6.854202768827369e-11,7.229795759622636e-11,0.9938049987104834,7.185106546068703e-11,0.9938768497759441,59.58199501037598,37,5,7.10809749570655e-05,True,CD,-6.694184161902409e-05,5.1331320338678835e-05,0.21090948187106162,0.9775055961246402,0.8995414032630797
5,0.0013315149118839434,0.0011463465784925181,0.0013987669334932513,0.001131383638291138,6.88964729867132e-05,TOGGLE_A_OFF,False,2.253310469488173e-11,7.017698512605904e-11,7.370583456262884e-11,0.9932624705938734,7.321023259733061e-11,0.9933356808264707,60.23073196411133,37,6,6.88964729867132e-05,True,CD,-6.5261083619813e-05,5.5560851734744145e-05,0.19343299630385824,0.9811134877979281,0.9006239649649143
6,0.0013326823880848264,0.0011501500566912322,0.001398224785841232,0.0011376433253274059,6.672498956961918e-05,TOGGLE_A_OFF,False,2.2006407935608876e-11,7.169387500301208e-11,7.49952912066881e-11,0.9926376868339335,7.444414502453093e-11,0.992712130978958,59.65733528137207,37,7,6.672498956961918e-05,True,CD,-6.355892116455698e-05,5.984721345838015e-05,0.17559489758998226,0.9844625091584049,0.9015583641889917
7,0.0013338208690016622,0.0011540338142248148,0.001397584382182072,0.0011438937244364182,6.456475070830081e-05,TOGGLE_A_OFF,False,2.1459859707502673e-11,7.320710481496195e-11,7.628765151749346e-11,0.9919247909411183,7.567260470766952e-11,0.9920004635458259,62.54911422729492,37,8,6.456475070830081e-05,True,CD,-6.183432217224253e-05,6.418915397307072e-05,0.15742549224709498,0.9875308675625556,0.9023421456461513
8,0.0013349292901109037,0.0011579976740383928,0.0013968458805257912,0.0011501332934257217,6.241404209812002e-05,TOGGLE_A_OFF,False,2.089324568326289e-11,7.471699722117775e-11,7.758322878645014e-11,0.9911172094304848,7.689506433064275e-11,0.9911941044948154,59.94725227355957,37,9,6.241404209812002e-05,True,CD,-6.008624686833051e-05,6.858544280619185e-05,0.1389260321142185,0.9903027605732947,0.9029844706878336
9,0.0013360065745183947,0.0011620414850987823,0.001396009463086623,0.0011563604927750332,6.027122290375166e-05,TOGGLE_A_OFF,False,2.0306332682403967e-11,7.622404271894751e-11,7.888251920057067e-11,0.9902079529844559,7.81110880718071e-11,0.9902860640725276,62.37053871154785,37,10,6.027122290375166e-05,True,CD,-5.831364675649113e-05,7.303488018079298e-05,0.12009817078506055,0.9927620205125531,0.9034939269555985
10,0.0013370516318270546,0.001166165131765798,0.0013950753362380552,0.0011625737860160924,5.813474036984339e-05,TOGGLE_A_OFF,False,1.969886618079851e-11,7.772890845058052e-11,8.018621164344737e-11,0.9891896478404086,7.932035964688601e-11,0.9892689682000555,65.76347351074219,37,11,5.813474036984339e-05,True,CD,-5.651546296977833e-05,7.753630684990438e-05,0.10094396853222863,0.9948921123493965,0.9038785517720799
11,0.0013380541774770077,0.0011703291670600894,0.0013940437304619095,0.0011687716401117638,5.601121257073342e-05,TOGGLE_A_OFF,False,1.8897540292687697e-11,7.849021613900646e-11,8.073308527897163e-11,0.9880440166397406,7.976882989877049e-11,0.9881237854696394,63.44890594482422,37,12,5.601121257073342e-05,True,CD,-5.47076330860728e-05,8.204612293030592e-05,0.0814658956098996,0.996676129868952,0.9041623140074181
12,0.0013389985121340417,0.0011744710882991686,0.0013929149002914756,0.00117495252583429,5.391853757329945e-05,TOGGLE_A_OFF,False,1.7800288926407267e-11,7.807337601863284e-11,8.007685264051286e-11,0.9868505480119807,7.902487276191274e-11,0.9869295728847426,75.93703269958496,37,13,5.391853757329945e-05,True,CD,-5.291797191217675e-05,8.649790497254103e-05,0.06185183504310897,0.9980853422928676,0.9045780408312079
13,0.0013398840372042934,0.0011785907804749566,0.0013916891242487064,0.0011811149181426052,5.186654330726547e-05,TOGGLE_A_OFF,False,1.6691754331634318e-11,7.765436804704224e-11,7.942805259763787e-11,0.985688853770309,7.829233181102724e-11,0.98576714610212,78.64832878112793,37,14,5.186654330726547e-05,True,CD,-5.11480693446684e-05,9.089383393914529e-05,0.042404981973382674,0.9991005042046088,0.9051931655040759
14,0.0013407101747569662,0.001182688236671573,0.001390366704775499,0.001187257296558617,4.9866294044502946e-05,TOGGLE_A_OFF,False,1.5572325997988093e-11,7.723522971417744e-11,7.878945390081959e-11,0.9845717604914819,7.757485590705286e-11,0.984649335347389,75.23679733276367,37,15,4.9866294044502946e-05,True,CD,-4.9399418616031805e-05,9.523619129011608e-05,0.023137352924177682,0.9997322956160436,0.9060062657994324
15,0.0013414763660077823,0.0011867635577976416,0.0013889479681590707,0.0011933781455423622,4.7930217836379716e-05,TOGGLE_A_OFF,False,1.4442364828851852e-11,7.681799346405767e-11,7.816384088370826e-11,0.9835111836794102,7.687599517964865e-11,0.9835880596745898,69.17071342468262,37,16,4.7930217836379716e-05,True,CD,-4.767341357259802e-05,9.952735200448246e-05,0.0040599175971627694,0.9999917584996202,0.9070146886777398
16,0.0013421820697553353,0.0011908169522148295,0.0013874332644514525,0.001199475954865942,4.60722144935304e-05,TOGGLE_A_OFF,False,1.3302202253537795e-11,7.6404684738837e-11,7.755400979211261e-11,0.9825179898375952,7.619919232278149e-11,0.982594189029918,59.70048904418945,37,17,4.60722144935304e-05,True,CD,-4.597134625621653e-05,0.00010376977808517531,-0.014817426014453518,0.9998902159159077,0.9082144998597125
17,0.0013428261112984877,0.0011948287628270962,0.0013858229673831192,0.0012055492199861493,4.431317902003435e-05,TOGGLE_A_OFF,False,1.2139897083443822e-11,7.562084848254472e-11,7.658909730775388e-11,0.9814836022328715,7.517192460098043e-11,0.9815587741574724,59.54599380493164,37,18,4.431317902003435e-05,True,CD,-4.4300355851512475e-05,0.0001079445605854032,-0.033485870930984096,0.9994391909696377,0.9093656868791276
18,0.0013434036609417234,0.0011987365414482978,0.0013841174742707772,0.0012115964424156919,4.2696506281945606e-05,TOGGLE_A_OFF,False,1.0886554297636813e-11,7.365989164933316e-11,7.44600342617897e-11,0.9803282703614149,7.299625692718236e-11,0.980401266618342,59.64183807373047,37,19,4.2696506281945606e-05,True,CD,-4.268364302015292e-05,0.00011198852409663457,-0.05185583154731812,0.9986545812905399,0.9103348302603684
19,0.0013439154135630774,0.0012025439500761247,0.001382317205919332,0.0012176161300929216,4.1253706095714903e-05,TOGGLE_A_OFF,False,9.646309654206357e-12,7.176796184637136e-11,7.241333880941447e-11,0.9793887815884,7.092179105608202e-11,0.9794597033794561,59.703826904296875,37,20,4.1253706095714903e-05,True,CD,-4.112248136240506e-05,0.00011590942243928955,-0.0696510987120749,0.9975714132062148,0.9117044685917031
20,0.0013443620775146512,0.0012062545457049753,0.0013804226065180615,0.001223606797749979,4.001827586289969e-05,TOGGLE_A_OFF,False,8.419417133325197e-12,6.994307980823742e-11,7.044800208612306e-11,0.9786819242054251,6.894716491999892e-11,0.9787508713703451,58.774709701538086,37,21,4.001827586289969e-05,True,CD,-3.961788485944915e-05,0.00011971462769428388,-0.08687766068507995,0.9962189880101308,0.9134614846382881
21,0.0013447443722970206,0.0012098717829812458,0.0013784341435310182,0.0012295669672792598,3.902436380431886e-05,TOGGLE_A_OFF,False,7.2060868787854425e-12,6.818331632053438e-11,6.856305355343105e-11,0.9782194630342875,6.707069165049143e-11,0.978286533725938,61.112403869628906,37,22,3.902436380431886e-05,True,CD,-3.817063285860186e-05,0.00012341114673488764,-0.10354286024693152,0.994624992693187,0.9155898618221945
22,0.0013450630263882907,0.0012133990168147527,0.0013763523075816901,0.0012354951680981167,3.830481717926512e-05,TOGGLE_A_OFF,False,6.006488113023035e-12,6.648679139303353e-11,6.675755634527559e-11,0.9780081113568927,6.529040960815568e-11,0.9780734017665008,59.975385665893555,37,23,3.830481717926512e-05,True,CD,-3.6781292889808976e-05,0.00012700563799962754,-0.11965523094004057,0.9928155043645929,0.9180706416748583
23,0.0013453187752236447,0.0012168395049452076,0.001374177612331947,0.001241389937511703,3.788873471687276e-05,TOGGLE_A_OFF,False,4.820751973871623e-12,6.485167341240099e-11,6.503060198077752e-11,0.9780495364934216,6.360412817472413e-11,0.9781131406215964,59.70263481140137,37,24,3.788873471687276e-05,True,CD,-3.545024147889056e-05,0.0001305044282664723,-0.13522434438518754,0.990815006287061,0.9208818985151473
24,0.0013455173782056782,0.0012201731817801545,0.0013719105943553007,0.0012472498210738712,3.7811985588735456e-05,TOGGLE_A_OFF,False,3.743578016025906e-12,6.283832792467175e-11,6.294974052949428e-11,0.9779452076036814,6.156237501592177e-11,0.9780067699786973,59.142351150512695,37,25,3.7811985588735456e-05,True,CD,-3.418057424284905e-05,0.00013388773718477298,-0.15026066850747277,0.9886464137889329,0.9232949841207779
25,0.0013456651622934723,0.0012233800262495481,0.0013695518130045147,0.001253073372946036,3.8108620025253716e-05,TOGGLE_A_OFF,False,2.7856644271872483e-12,6.044759415751246e-11,6.051174733663069e-11,0.9777002993934438,5.916333118814364e-11,0.977759462724632,59.49211120605469,37,26,3.8108620025253716e-05,True,CD,-3.297542956811234e-05,0.00013713586613736767,-0.1646979837274469,0.986344044516994,0.9253301014581334
26,0.0013457634491808397,0.0012264658300692962,0.0013671018502735925,0.0012588591562539123,3.8789881960353176e-05,TOGGLE_A_OFF,False,1.8526641797875355e-12,5.816603166323944e-11,5.819552907236123e-11,0.977747912307077,5.69015348040193e-11,0.977804813841881,59.288740158081055,37,27,3.8789881960353176e-05,True,CD,-3.1834318594810914e-05,0.00014025751587471626,-0.17847135603870606,0.9839451077533401,0.9277402782421053
27,0.0013458135447832807,0.0012294360454473076,0.0013645613106541782,0.0012646057434420436,3.9854565387053576e-05,TOGGLE_A_OFF,False,9.442798596359815e-13,5.5987240866839647e-11,5.5995203404709886e-11,0.978084112209683,5.476899689420851e-11,0.9781388812065772,63.78984451293945,37,28,3.9854565387053576e-05,True,CD,-3.075658757857911e-05,0.00014326073922336132,-0.19160419122703068,0.981472278723276,0.9305016738551615
28,0.0013458167381071797,0.0012322958084630452,0.0013619308209864079,0.0012703117166260292,4.129010705356758e-05,TOGGLE_A_OFF,False,6.019273740833244e-14,5.390526288749694e-11,5.390529649427588e-11,0.9786992668489441,5.275805285748962e-11,0.9787520249018017,65.25301933288574,37,29,4.129010705356758e-05,True,CD,-2.9741445349360754e-05,0.0001461529930950472,-0.2041195866754724,0.978945960885205,0.933587598781203
29,0.0013457743002673766,0.0012350499607177055,0.0013592110303042462,0.001275975667942366,4.307504179826586e-05,TOGGLE_A_OFF,False,-7.999344345550357e-13,5.191454694065195e-11,5.192070954015114e-11,0.979578203973963,5.086137497859904e-11,0.9796290653489416,65.47284126281738,37,30,4.307504179826586e-05,True,CD,-2.8787986973417498e-05,0.00014894118640764223,-0.21604023580683573,0.9763844614241607,0.9369684719334903
30,0.0013456874836376984,0.0012377030693903799,0.0013564026096753471,0.0012815961998958187,4.518208529461854e-05,TOGGLE_A_OFF,False,-1.636454916039306e-12,5.0009920291494644e-11,5.003668766269283e-11,0.9807003756954558,4.907197908973473e-11,0.9807494476745455,59.93342399597168,37,31,4.518208529461854e-05,True,CD,-2.789521413545926e-05,0.0001516317241709119,-0.2273883518206958,0.973804157648902,0.9406117888064067
31,0.0013455575211206187,0.0012402594458243263,0.0013535062520354775,0.0012871719257042293,4.758112116837034e-05,TOGGLE_A_OFF,False,-2.4497357333955964e-12,4.818656054817689e-11,4.824879089289796e-11,0.9820400374124733,4.738322645360553e-11,0.9820874206389268,60.442209243774414,37,32,4.758112116837034e-05,True,CD,-2.7062052687080508e-05,0.00015423054799585718,-0.23818560801838617,0.971219653904785,0.9444821098836839
32,0.0013453856255236628,0.001242723162757204,0.0013505226720175454,0.0012927014696406862,5.024162025273302e-05,TOGGLE_A_OFF,False,-3.240155667486202e-12,4.643997010112213e-11,4.655286706254149e-11,0.9835664506306296,4.5788821789834114e-11,0.9836122394524195,61.286211013793945,37,33,5.024162025273302e-05,True,CD,-2.628736774656508e-05,0.00015674317328450064,-0.24845309234057483,0.9686439288533345,0.9485410791684796
33,0.0013451894474146705,0.0012450828083970817,0.0013474526057752766,0.001298183467372963,5.31488651754488e-05,TOGGLE_A_OFF,False,-3.697870236029622e-12,4.4478272443890173e-11,4.4631725979122e-11,0.9841383678696828,4.3924778098667926e-11,0.9841822926477815,62.2556209564209,37,34,5.31488651754488e-05,True,CD,-2.5560718007805927e-05,0.00015915288025523122,-0.2582112740347229,0.9660884731531488,0.9508167717904931
34,0.0013449716340186082,0.001247341263824313,0.0013442968108015774,0.0013036165663001485,5.627934838927177e-05,TOGGLE_A_OFF,False,-4.105685789536615e-12,4.257088187189937e-11,4.276840702146403e-11,0.9847693346976273,4.211800049793916e-11,0.9848114526981252,58.20727348327637,37,35,5.627934838927177e-05,True,CD,-2.4880184070723472e-05,0.0001614630121400023,-0.26747125206115097,0.9635658406766276,0.9530897959552975
35,0.0013447330148998494,0.0012495029091625137,0.001341056065741637,0.0013089994258863795,5.961002816125252e-05,TOGGLE_A_OFF,False,-4.4978644229907126e-12,4.074605468494895e-11,4.099355750305719e-11,0.9855692100481672,4.0402973654562244e-11,0.9856096130218218,58.89105796813965,37,36,5.961002816125252e-05,True,CD,-2.4244798558962588e-05,0.00016367897783462368,-0.2762522780210458,0.961085156937822,0.9555564309092476
36,0.0013444744015821551,0.0012515718952097851,0.0013377311702008061,0.0013143307179915987,6.312005233221448e-05,TOGGLE_A_OFF,False,-4.874746193934605e-12,3.899946819892525e-11,3.930294734818576e-11,0.9865224102895747,3.8774224871826757e-11,0.9865611845144465,58.59065055847168,37,37,6.312005233221448e-05,True,CD,-2.3653546897449906e-05,0.00016580582257180054,-0.28457404841459,0.9586540621970707,0.9581968805404663
37,0.0013441965869294315,0.001253552159015134,0.0013343229445473082,0.0013196091271992529,6.679080669948342e-05,TOGGLE_A_OFF,False,-5.236682832336293e-12,3.732709333832045e-11,3.76926351450011e-11,0.987610154463868,3.7226616827859225e-11,0.9876473810806958,60.29772758483887,37,38,6.679080669948342e-05,True,CD,-2.310537813325251e-05,0.0001678482567113022,-0.2924555532737316,0.9562791168677529,0.9609894751935633
38,0.0013439003446327799,0.0012554474382456221,0.0013308322297098248,0.0013248333511408524,7.060581092193505e-05,TOGGLE_A_OFF,False,-5.584035737060088e-12,3.572517184201768e-11,3.6158945756955595e-11,0.9888104536009493,3.5755332366120984e-11,0.9888462089333154,59.043169021606445,37,39,7.060581092193505e-05,True,CD,-2.2599214235487848e-05,0.00016981068214589327,-0.2999150778557003,0.9539659040410314,0.9639105484060094
39,0.0013435864287951837,0.0012572612844393412,0.0013272598869700095,0.0013300021008173116,7.455053544611714e-05,TOGGLE_A_OFF,False,-5.917174135426336e-12,3.41901952615781e-11,3.469844955864449e-11,0.9900980936346895,3.435585885818697e-11,0.9901324494935476,58.78615379333496,37,40,7.455053544611714e-05,True,CD,-2.2133958080725134e-05,0.00017169721650957956,-0.30697020957707305,0.9517191237073154,0.9669343117070385
40,0.0013432555736058384,0.0012589970752318797,0.001323606797749979,0.0013351141009169893,7.861218729803556e-05,TOGGLE_A_OFF,False,-6.236473393497289e-12,3.2718885612046756e-11,3.3307943137966353e-11,0.9914446179960048,3.3023972405271705e-11,0.99147764196841,58.4111213684082,37,41,7.861218729803556e-05,True,CD,-2.1708500301995798e-05,0.00017351171536381276,-0.3136378491267227,0.9495426791846563,0.9700327327932331
41,0.0013429084930967246,0.0012606580256371218,0.0013198738633948361,0.0013401680901303536,8.277949336170765e-05,TOGGLE_A_OFF,False,-6.542313465818943e-12,3.1308177546512163e-11,3.1984431318517515e-11,0.9928183170386726,3.175572209140661e-11,0.992850072760764,57.326555252075195,37,42,8.277949336170765e-05,True,CD,-2.1321725155133296e-05,0.0001752577925259977,-0.3199342248603462,0.9474397562700336,0.9731754233590509
42,0.0013425458809745716,0.0012622471984569288,0.001316062004950276,0.0013451628214611907,8.70424966752169e-05,TOGGLE_A_OFF,False,-6.835077474350728e-12,2.995520193594199e-11,3.072511036763643e-11,0.9941842325844835,3.054741445615477e-11,0.9942147799989397,57.790279388427734,37,43,8.70424966752169e-05,True,CD,-2.0972515535129846e-05,0.00017693883869330978,-0.3258749097206599,0.945412895624215,0.9763295439171848
43,0.0013421684105218547,0.0012637675138884726,0.001312172162935332,0.0013500970625342822,9.139237297860893e-05,TOGGLE_A_OFF,False,-7.115150407216034e-12,2.8657270745262695e-11,2.952735226674745e-11,0.995504187012286,2.9395598317120815e-11,0.9955335826106032,57.39235877990723,37,44,9.139237297860893e-05,True,CD,-2.065975725707201e-05,0.000178558038503711,-0.331474840048871,0.9434640588875581,0.9794597340506324
44,0.0013417767345609219,0.0012652217583926618,0.0013082052971103157,0.001354969595899476,9.582126981860281e-05,TOGGLE_A_OFF,False,-7.382917928725326e-12,2.7411863105303648e-11,2.8388689931840836e-11,0.9967368473962847,2.8297050041221077e-11,0.9967651444463259,58.09330940246582,37,45,9.582126981860281e-05,True,CD,-2.038234270059316e-05,0.00018011838616532473,-0.33674833575728186,0.9415946890051533,0.9825280776344049
45,0.0013413714854757627,0.0012666125928821998,0.0013041623862400124,0.0013597792193320735,0.00010032216778950816,TOGGLE_A_OFF,False,-7.63876529285874e-12,2.621661248815329e-11,2.7306803283309793e-11,0.9978378361342067,2.7248759337796432e-11,0.9978650848935445,61.74111366271973,37,46,0.00010032216778950816,True,CD,-2.013917390331169e-05,0.00018162269977510157,-0.3417091214221679,0.9398057652168879,0.9854941135662152
46,0.0013409628794543121,0.0012679406573128185,0.001300044427852184,0.001364524746129461,0.00010489426053915808,TOGGLE_A_OFF,False,-7.702042051210016e-12,2.5033424752352047e-11,2.619148347440976e-11,0.9984376253443867,2.615156100206177e-11,0.9984637769053888,65.7656192779541,37,47,0.00010489426053915808,True,CD,-1.992139030927134e-05,0.00018306737160330236,-0.34637034793240373,0.9380978531428348,0.9873560720867592
47,0.0013405574399059643,0.0012692082667376716,0.001295852437991444,0.0013692050054039094,0.00010953485719195106,TOGGLE_A_OFF,False,-7.642355439383453e-12,2.3893874740440267e-11,2.5086307954215248e-11,0.9987684398022308,2.5056411424269658e-11,0.9987934962136551,66.28227233886719,37,48,0.00010953485719195106,True,CD,-1.9722722993246013e-05,0.00018445194322182687,-0.3507659988092744,0.9364631408001821,0.9885357224198017
48,0.0013401552010793062,0.0012704176683777414,0.0012915874509685646,0.0013738188423714755,0.00011423935019992848,TOGGLE_A_OFF,False,-7.582023256904985e-12,2.279668384609681e-11,2.4024484823761347e-11,0.9990870209662502,2.400355005984158e-11,0.9991110245163101,58.98427963256836,37,49,0.00011423935019992848,True,CD,-1.9542719196216413e-05,0.0001857788334625954,-0.3549251949045603,0.9348947031724852,0.9897411473630751
49,0.0013397561873254727,0.0012715710472942486,0.0012872505191052755,0.0013783651186369257,0.00011900344057712887,TOGGLE_A_OFF,False,-7.521232066346343e-12,2.1740680385426004e-11,2.3004915027382378e-11,0.9993793390048678,2.2991636153267553e-11,0.999402330641021,57.3735237121582,37,50,0.00011900344057712887,True,CD,-1.9380910757766994e-05,0.00018705037498461326,-0.3588566888651896,0.9333926702383738,0.9909601991992546
50,0.001339360413799005,0.0012726705270423347,0.001282842712474619,0.001382842712474619,0.0001238231036839173,TOGGLE_A_OFF,False,-7.46015521941725e-12,2.072470499614857e-11,2.2026513865684326e-11,0.9996295355643208,2.2019353455190657e-11,0.9996515549177759,59.59606170654297,37,50,0.0001238231036839173,False,CD,-1.9236817217171758e-05,0.0001882688169840122,-0.3625690257367791,0.9319569204498093,0.9921792005081909
51,0.0013389678871372586,0.0012737181703545402,0.001282842712474619,0.001382842712474619,0.00012271186138197338,TOGGLE_A_OFF,False,-7.398953261282766e-12,1.9747611199243246e-11,2.1088211338070477e-11,0.9998198041934034,2.108541115062293e-11,0.9998408896045541,58.754920959472656,37,50,0.00012271186138197338,False,CD,-1.9109948644459545e-05,0.00018943632781939893,-0.3660705375212847,0.9305871058406552,0.9933828019328058
52,0.0013385786061166497,0.0012747159798569194,0.001282842712474619,0.001382842712474619,0.00012164653775038264,TOGGLE_A_OFF,False,-7.337774367160731e-12,1.880826601413879e-11,2.0188952501850345e-11,0.9999302689419851,2.0188544635101122e-11,0.9999504574866203,58.78806114196777,37,50,0.00012164653775038264,False,CD,-1.899980821887129e-05,0.00019055499755604794,-0.3693693391149229,0.9292826756804485,0.9945538358639894
53,0.0013381925622843723,0.00127566589881969,0.001282842712474619,0.001382842712474619,0.0001206253508147671,TOGGLE_A_OFF,False,-7.276754804679902e-12,1.790555060967192e-11,1.9327697822631502e-11,0.9999388644051879,1.932751615119317e-11,0.9999581919213391,57.813167572021484,37,50,0.0001206253508147671,False,CD,-1.890589457117218e-05,0.0001916268404324091,-0.3724733254783803,0.9280428986879247,0.9956731688359397
54,0.0013378097405645365,0.0012765698119434773,0.001282842712474619,0.001382842712474619,0.00011964657773768428,TOGGLE_A_OFF,False,-7.216019416024243e-12,1.7038360975042052e-11,1.8503423492107475e-11,0.9998212213950197,1.8501115297089592e-11,0.9998397225103168,58.6245059967041,37,51,0.00011964657773768428,True,CD,-1.882770390539357e-05,0.00019265379725229244,-0.3753901699037612,0.9268668838283275,0.9967195562852038
55,0.001337430119837968,0.0012774295461814807,0.0012783651186369259,0.0013872505191052757,0.00012469691439970766,TOGGLE_A_OFF,False,-7.155682114426038e-12,1.6205608596910205e-11,1.7715121690774994e-11,0.9995505634596996,1.770815941833475e-11,0.999568271619118,59.038400650024414,37,51,0.00012469691439970766,False,CD,-1.876473191475108e-05,0.00019363773770594695,-0.37812732325439474,0.9257535997264473,0.9976695043292991
56,0.0013370536734951667,0.0012782468715972477,0.0012783651186369259,0.0013872505191052757,0.000123798794991725,TOGGLE_A_OFF,False,-7.0958463900936816e-12,1.5406221130595053e-11,1.6961800774581662e-11,0.9990976206281695,1.694749389307421e-11,0.9991145681220626,58.45451354980469,37,51,0.000123798794991725,False,CD,-1.871647550570442e-05,0.00019458046262308215,-0.3806920140644967,0.924701892733829,0.9984971443600161
57,0.0013366803699621575,0.0012790235022571929,0.0012783651186369259,0.0013872505191052757,0.0001229380157354109,TOGGLE_A_OFF,False,-7.036605821166167e-12,1.463914305501871e-11,1.6242485366093825e-11,0.9984305680101853,1.6217992320534188e-11,0.9984467860025058,58.249473571777344,37,51,0.0001229380157354109,False,CD,-1.8682434343385702e-05,0.00019548370616070203,-0.3830912493958057,0.9237105036938625,0.9991741275058964
58,0.0013363101731991773,0.0012797610971565366,0.0012783651186369259,0.0013872505191052757,0.00012211308357050184,TOGGLE_A_OFF,False,-6.978044585769907e-12,1.3903336302622286e-11,1.5556216332540745e-11,0.9975149981896743,1.551855662179075e-11,0.997530516746296,58.402299880981445,37,51,0.00012211308357050184,False,CD,-1.8662112230921407e-05,0.00019634913792843518,-0.38533181635773106,0.9227780834526036,0.999669547364854
59,0.0013359430431723203,0.0012804612611769448,0.0012783651186369259,0.0013872505191052757,0.00012132255768276228,TOGGLE_A_OFF,False,-6.9202379717142226e-12,1.3197780856932769e-11,1.4902050635156775e-11,0.9963139376466921,1.484811706126108e-11,0.9963287857637533,58.173418045043945,37,51,0.00012132255768276228,False,CD,-1.865501833450998e-05,0.0001971783650538558,-0.3874202842062626,0.9219032071663202,0.9999499007865253
60,0.001335578936298431,0.0012811255460738363,0.0012783651186369259,0.0013872505191052757,0.00012056504813720976,TOGGLE_A_OFF,False,-6.8632528807954914e-12,1.2521475311791829e-11,1.427906103669145e-11,0.9947879186395033,1.4205632196735355e-11,0.9948021242717001,58.57110023498535,37,51,0.00012056504813720976,False,CD,-1.8660668265478152e-05,0.0001979729341901098,-0.3893630069449249,0.9210843874590509,0.9999790978128597
61,0.0013352178058636652,0.0012817554514910727,0.0012783651186369259,0.0013872505191052757,0.00011983921451606195,TOGGLE_A_OFF,False,-6.807148325087058e-12,1.187343738747786e-11,1.3686335656927773e-11,0.9928951189496786,1.3590088765189478e-11,0.9929087090384439,58.793067932128906,37,52,0.00011983921451606195,True,CD,-1.8678585029933677e-05,0.00019873433346798312,-0.39116612635848635,0.9203200864849714,0.9997185330511986
62,0.0013348596024162697,0.0012823524260005459,0.0012738188423714754,0.0013915874509685647,0.00012513298952158798,TOGGLE_A_OFF,False,-6.751975912970143e-12,1.1252704400048302e-11,1.312297736964426e-11,0.9905915824824525,1.3000501511059801e-11,0.9906045829839636,59.90791320800781,37,52,0.00012513298952158798,False,CD,-1.870829985604628e-05,0.00019946399439437867,-0.3928355754169432,0.9196087269512222,0.9991272316084302
63,0.0013345042741342195,0.0012829178681640423,0.0012738188423714754,0.0013915874509685647,0.00012446605904880095,TOGGLE_A_OFF,False,-6.697780323011457e-12,1.0658333681221596e-11,1.2588103038805416e-11,0.9878315337324668,1.2435912963139215e-11,0.98784396964543,59.442996978759766,37,52,0.00012446605904880095,False,CD,-1.874935290843249e-05,0.00020016329369901915,-0.39437708199355004,0.9189487021571232,0.9981620830746385
64,0.0013341517671684442,0.0012834531276146625,0.0012738188423714754,0.0013915874509685647,0.00012382686986984277,TOGGLE_A_OFF,False,-6.6445997641145415e-12,1.0089402946994347e-11,1.2080842596942038e-11,0.9845677983559153,1.1895393165753938e-11,0.984579693749081,59.54408645629883,37,52,0.00012382686986984277,False,CD,-1.8801293898581346e-05,0.0002008335551310384,-0.39579617284639707,0.9183383851054869,0.9967781766966065
65,0.0013338020259624388,0.0012839595061550219,0.0012738188423714754,0.0013915874509685647,0.00012321427197566946,TOGGLE_A_OFF,False,-6.59246642066601e-12,9.545010613971105e-12,1.1600337974750131e-11,0.9807523403060601,1.1378039369417759e-11,0.9807637183454295,59.91554260253906,37,52,0.00012321427197566946,False,CD,-1.886368259974467e-05,0.0002014760512069979,-0.39709817781825185,0.917776136741108,0.9949292495929916
66,0.001333454993549108,0.001284438258869443,0.0012738188423714754,0.0013915874509685647,0.00012262715806368477,TOGGLE_A_OFF,False,-6.541406881664639e-12,9.0242760630675e-12,1.114574189787035e-11,0.976336922971647,1.0882975685725875e-11,0.9763478059473327,59.728384017944336,37,52,0.00012262715806368477,False,CD,-1.8936089274217355e-05,0.0002020920049117406,-0.3982882342141521,0.9172603133705184,0.9925682574018994
67,0.0013331106118257357,0.001284890595247357,0.0012738188423714754,0.0013915874509685647,0.00012206446225584812,TOGGLE_A_OFF,False,-6.4914425530615884e-12,8.526339850836269e-12,1.0716216574503214e-11,0.9712738973294424,1.040935271084143e-11,0.9712843066821532,60.61553955078125,37,52,0.00012206446225584812,False,CD,-1.901809502046181e-05,0.00020268259135338332,-0.39937129132058,0.9167892733158156,0.9896480729155321
68,0.0013327688218079986,0.0012853176803151799,0.0012738188423714754,0.0013915874509685647,0.00012152515883671792,TOGGLE_A_OFF,False,-6.4425900527563095e-12,8.050363869182185e-12,1.0310932305766948e-11,0.9655171141872443,9.956347121558319e-12,0.9655270705343658,58.046579360961914,37,52,0.00012152515883671792,False,CD,-1.9109292047072028e-05,0.00020324893937365528,-0.4003521150339663,0.91636138285386,0.9861223129118899
69,0.0013324295638639653,0.001285720635773986,0.0012738188423714754,0.0013915874509685647,0.0001210082610126817,TOGGLE_A_OFF,False,-6.394861587883859e-12,7.5955314546544e-12,9.929066059143572e-12,0.9590229501844796,9.523161247566637e-12,0.9590324733457272,59.4635009765625,37,52,0.0001210082610126817,False,CD,-1.9209283880134906e-05,0.0002037921331146978,-0.4012352925698668,0.9159750214904239,0.9819462865210304
70,0.0013320927779290274,0.0012861005411403876,0.0012738188423714754,0.0013915874509685647,0.00012051281969344046,TOGGLE_A_OFF,False,-6.348265314200319e-12,7.161047448879342e-12,9.569800053531956e-12,0.9517514285419604,9.109022623238511e-12,0.9517605375645836,58.560848236083984,37,52,0.00012051281969344046,False,CD,-1.9317685510131276e-05,0.0002043132135433684,-0.40202523722737593,0.9156285866170196,0.9770780502079073
71,0.0013317653317814141,0.0012869193024540478,0.0012738188423714754,0.0013915874509685647,0.00011963785750502683,WIDEN,True,-6.17221447072919e-12,1.543328716823071e-11,1.6621750337727778e-11,0.9993602857640163,1.661211652769553e-11,0.9493768978805439,58.22896957397461,37,53,0.00011963785750502683,True,CD,-1.9202073269904043e-05,0.00020523163502730806,-0.4027261931862623,0.9153204975961754,0.991216971975495
72,0.0013315714752899035,0.0012882042718228531,0.0012692050054039093,0.0013958524379914438,0.00012440942185180806,WIDEN,False,-3.654108777482396e-12,2.4221101974758756e-11,2.4495189156839277e-11,0.9643618680991581,2.3623190736599868e-11,0.9643854912898947,59.256553649902344,37,53,0.00012440942185180806,False,CD,-1.873829046402601e-05,0.00020650600588814996,-0.40535040696974045,0.9141613903285758,0.9335767042490342
73,0.0012962910381649436,0.0013600046252779147,0.0012692050054039093,0.0013958524379914438,4.493015520868012e-05,TOGGLE_B_ON,True,-1.7967192650132472e-09,3.656561222032088e-09,4.074142865405991e-09,0.999426140381945,4.071805878763489e-09,0.9534979462607085,62.99424171447754,37,54,4.493015520868012e-05,True,BCD,-5.803621956303542e-06,0.00028810471722777377,-0.41035769685679513,0.911924646354289,0.9654730395415189
74,0.0012926654974273301,0.001374339887844629,0.0012645247461294607,0.0014000444278521838,3.81133213012003e-05,MOVE_C_LEFT,True,-6.833983287946295e-11,2.702133334012232e-10,2.787213273249708e-10,0.9032368206977439,2.517522687904826e-10,0.8534885729665344,58.55846405029297,37,55,3.81133213012003e-05,True,BCD,1.142702098629923e-06,0.000301235767143172,-0.6375021475567336,0.7704485783350847,0.8749938590287057
75,0.0012910093090128898,0.0013656860075457805,0.0012597792193320735,0.0014041623862400124,4.9555526623110126e-05,TOGGLE_B_OFF,True,-3.121841613459618e-11,-1.631218006314464e-10,1.660822427208826e-10,-0.5833885983440334,-9.689107017936759e-11,-0.6334854894142129,58.84265899658203,37,56,4.9555526623110126e-05,True,CD,-5.949911130861344e-06,0.00029597635207059033,-0.6880532259589316,0.7256602223117286,-0.5986069547522247
76,0.0012557258789155546,0.0012938871248207237,0.001254969595899476,0.0014082052971103158,0.00011432067389424044,TOGGLE_A_ON,True,-6.979259877755072e-10,-1.4202220704967048e-09,1.5824447585740125e-09,-0.39294831014858944,-6.218193867334611e-10,-0.4435701295353229,57.581424713134766,37,57,0.00011432067389424044,True,ACD,-7.908265500540529e-05,0.0002594871865710236,-0.6519855034072785,0.7582314312561556,-0.44870703151508334
77,0.0012527299369510668,0.001302805552395727,0.0012500970625342821,0.001412172162935332,0.00010939829764953479,MOVE_A_RIGHT,True,-5.6472175597296905e-11,1.6810839930721774e-10,1.7734018307853104e-10,0.9986472815751788,1.7710129039270112e-10,0.9488243828655715,57.09958076477051,37,58,0.00010939829764953479,True,ACD,-7.595908728398793e-05,0.0002704955486953081,-0.26882402538707895,0.9631893081699087,0.9386313427196741
78,0.0012486218974661688,0.0013116787179006113,0.0012451628214611907,0.0014160620049502763,0.00010444058512906268,MOVE_C_LEFT,True,-7.74347199984732e-11,1.6725522938538552e-10,1.8431073657820338e-10,0.9927649577137652,1.8297823337021069e-10,0.9429479359471353,58.18796157836914,37,59,0.00010444058512906268,True,ACD,-7.347170488344407e-05,0.00028212440758982785,-0.30817172598324943,0.951330745483733,0.9633104346918834
79,0.0012438829377783317,0.0013268228485787265,0.0012401680901303537,0.0014198738633948362,9.312513866489307e-05,MOVE_C_DOWN,True,-8.9327285645803e-11,2.854601381002215e-10,2.99110104150703e-10,0.9987476442637889,2.987365106436555e-10,0.9490463807744325,59.42225456237793,37,60,9.312513866489307e-05,True,ACD,-6.694220925377312e-05,0.00029966815390465395,-0.3459550478985266,0.9382510883722175,0.9022231346225191
80,0.0012415736623494881,0.0013297394217233083,0.0012351141009169894,0.001423606797749979,9.408937355532026e-05,TRANSLATE_TRAP_X_POS,True,-4.3528816334224846e-11,5.497610858805237e-11,7.012225300818568e-11,0.9704798764179032,6.80532059134054e-11,0.9205479296238166,67.12508201599121,37,61,9.408937355532026e-05,True,ACD,-6.662628142772777e-05,0.0003041177409991703,-0.4133958858464822,0.910551394245984,0.9958997447485651
81,0.0012415697505489562,0.0013308067585359835,0.0012300021008173115,0.0014272598869700093,9.714430763057966e-05,TOGGLE_A_OFF,True,-7.37357028806284e-14,2.0118824937639607e-11,2.0118960058245275e-11,0.9067994529069902,1.824476877332731e-11,0.8568176976757634,62.95466423034668,37,62,9.714430763057966e-05,True,CD,-6.58926756771521e-05,0.00030504693240863897,-0.4247860520873513,0.9052937699720155,0.7255573681429887
82,0.0012414790257440427,0.001331342020452247,0.0012248333511408523,0.0014308322297098249,0.00010087308967763371,TOGGLE_A_OFF,False,-1.710122283688404e-12,1.008944942327888e-11,1.0233352719909061e-11,0.9619355136734142,9.844787340740627e-12,0.961945358460755,65.80424308776855,37,63,0.00010087308967763371,True,CD,-6.55882025089129e-05,0.00030558481407446075,-0.4298744966516109,0.902888651565975,0.8275529547544171
83,0.0012413470800044506,0.0013316180144537144,0.0012196091271992526,0.0014343229445473082,0.00010498019459731923,TOGGLE_A_OFF,False,-2.4871185970485695e-12,5.202364364667142e-12,5.766311984149262e-12,0.9998259836977572,5.766308377843899e-12,0.9998317500061351,60.28580665588379,37,64,0.00010498019459731923,True,CD,-6.549242512888338e-05,0.000305932278834392,-0.4323275202036673,0.9017166491047213,0.9495881684148679
84,0.0012411961342569855,0.0013317675126000407,0.0012143307179915987,0.0014377311702008062,0.00010931627199664634,TOGGLE_A_OFF,False,-2.8452603079607823e-12,2.8179736693452084e-12,4.004557631147289e-12,0.9419032971504455,3.7728479397037594e-12,0.9419070699983852,58.70246887207031,37,65,0.00010931627199664634,True,CD,-6.549775026567649e-05,0.0003061862441749902,-0.43350038560280413,0.9011533807739497,0.9996937134891773
85,0.001235981999214245,0.0013629903375064545,0.0012089994258863796,0.001441056065741637,8.259731949817128e-05,TOGGLE_B_ON,True,-9.828413007059306e-11,5.885363841018597e-10,5.966865556013686e-10,0.9600768464352872,5.728659066889421e-10,0.9106497123419761,58.73870849609375,37,66,8.259731949817128e-05,True,BCD,-4.6656793506779444e-05,0.00033578932854400767,-0.43405078906224187,0.9008884018082065,0.7813297534587877
86,0.0012177097406490226,0.001285105007906294,0.0012036165663001485,0.0014442968108015776,0.0001598144163468321,TOGGLE_A_ON,True,-9.097940839724861e-10,-3.8779886922867995e-09,3.983280252848852e-09,-0.6669222814434692,-2.6565390207809575e-09,-0.7195788204642503,59.48066711425781,37,66,0.0001598144163468321,False,ABCD,-0.00011423542009994698,0.0002818527953996829,-0.5731036633509434,0.8194828802676606,-0.5937627180159898
87,0.0012134888354607093,0.0013649935800514467,0.0012036165663001485,0.0014442968108015776,7.991535588225258e-05,TOGGLE_A_OFF,True,-1.0891402077670569e-10,2.0614027603674545e-09,2.06427798621511e-09,0.9911826782275474,2.046077574165539e-09,0.9432287558017128,59.351205825805664,37,67,7.991535588225258e-05,True,BCD,-5.9707360739536105e-05,0.0003570508659025074,-0.1846104307262839,0.9828117769264465,0.6675809604964544
88,0.0011895191910511246,0.0012886689041800218,0.001198183467372963,0.0014474526057752766,0.00015901991565986975,TOGGLE_A_ON,True,-1.0633630023489684e-09,-3.3859841681880283e-09,3.5490322148417568e-09,-0.6162623795470898,-2.187135654070039e-09,-0.6684495152011599,59.46493148803711,37,67,0.00015901991565986975,False,ABCD,-0.00013257995740565206,0.00031325993991842193,-0.5667149974658983,0.8239138981989019,-0.4647493952964841
89,0.0011950893719503569,0.0013684747503615506,0.001198183467372963,0.0014474526057752766,7.903844047193494e-05,TOGGLE_A_OFF,True,1.4911533263782467e-10,2.1364252822456766e-09,2.141622835385869e-09,0.964449256992455,2.065487516795233e-09,0.9165147445092502,58.943986892700195,37,68,7.903844047193494e-05,True,BCD,-6.812870773493894e-05,0.00037696084349593084,-0.19647311428274136,0.9805092122781783,0.5300932834785218
90,0.0011675490466112382,0.0012933646280063348,0.0011927014696406862,0.0014505226720175454,0.00015915808236367362,TOGGLE_A_ON,True,-1.1475155680678081e-09,-3.129593919490212e-09,3.3333391786417554e-09,-0.5689800890238842,-1.8966041915904765e-09,-0.6208766932154747,59.52644348144531,37,68,0.00015915808236367362,False,ABCD,-0.00014414347304717224,0.00034272198381467885,-0.576212454015506,0.8172999497342055,-0.35465699689105357
91,0.001179214978014528,0.0013725094701913677,0.0011927014696406862,0.0014505226720175454,7.917035502986193e-05,TOGGLE_A_OFF,True,3.306545849152363e-10,2.243250370347149e-09,2.267488628105572e-09,0.929162056339248,2.10686532557849e-09,0.8812689216648264,59.424638748168945,37,69,7.917035502986193e-05,True,BCD,-7.384141941575787e-05,0.00039562571064419907,-0.23022571200615954,0.9731372572919168,0.4217604942625215
92,0.0011497206914129374,0.0012981449150736017,0.0011871719257042293,0.0014535062520354774,0.00015981157646592032,TOGGLE_A_ON,True,-1.197021371234624e-09,-3.0180747526038003e-09,3.246788471012072e-09,-0.5293439522618952,-1.718668370747838e-09,-0.5810626206326431,59.80682373046875,37,69,0.00015981157646592032,False,ABCD,-0.00015165005978117721,0.00036948526062076983,-0.5934849784960824,0.8048450660205531,-0.266245769430137
93,0.0011659742083666856,0.0013764764105695657,0.0011871719257042293,0.0014535062520354774,7.989330195070098e-05,TOGGLE_A_OFF,True,4.820268828258565e-10,2.323059477432056e-09,2.3725419388187238e-09,0.887204090951986,2.104929801279219e-09,0.8393090207532652,59.79108810424805,37,70,7.989330195070098e-05,True,BCD,-7.753039919338291e-05,0.00041205674368903456,-0.27150144068154125,0.9624380331773332,0.3297711583105719
94,0.0011350300472314754,0.00130270338777913,0.0011815961998958187,0.0014564026096753472,0.0001605984351899529,TOGGLE_A_ON,True,-1.2677792485459285e-09,-3.022473512452029e-09,3.277592158356159e-09,-0.49106299383785224,-1.6095047089248372e-09,-0.5426724985467771,59.99350547790527,37,70,0.0001605984351899529,False,ABCD,-0.00015643937700754904,0.00039326171365510864,-0.6133739025235673,0.7897926662746018,-0.1893311199712437
95,0.001154070522109422,0.001380404483758674,0.0011815961998958187,0.0014564026096753472,8.082931448705382e-05,TOGGLE_A_OFF,True,5.902946074986075e-10,2.40889674482756e-09,2.4801675852415194e-09,0.8474269173143189,2.101761618611036e-09,0.7995286789329299,60.85515022277832,37,71,8.082931448705382e-05,True,BCD,-8.00556293743578e-05,0.00042734769492870525,-0.3139623679614309,0.9494354277687744,0.25912371358779573
96,0.0011227148185161788,0.0013068054358560503,0.001175975667942366,0.0014592110303042463,0.00016144405625698012,TOGGLE_A_ON,True,-1.2846908602085502e-09,-3.0154649178698973e-09,3.277721659507941e-09,-0.46215775549259996,-1.5148249474454254e-09,-0.5136725804400454,60.00399589538574,37,71,0.00016144405625698012,False,ABCD,-0.0001595266855073736,0.00041410260597497643,-0.6347022122883328,0.7727568192610396,-0.13240366467180498
97,0.001143732228939257,0.0013839952568113283,0.001175975667942366,0.0014592110303042463,8.183551760015419e-05,TOGGLE_A_OFF,True,6.895109175873543e-10,2.532339769928799e-09,2.6245323423107587e-09,0.8093225557594795,2.1240940322749123e-09,0.7614466497917544,59.83304977416992,37,72,8.183551760015419e-05,True,BCD,-8.170413209220061e-05,0.00044090975395070207,-0.3541081671317479,0.9352044728127803,0.20129935098992185
98,0.0011118202135873972,0.0013106357088561872,0.0011703117166260292,0.001461930820986408,0.00016220809746191577,TOGGLE_A_ON,True,-1.331243110337069e-09,-3.0602702999461943e-09,3.3372837049841423e-09,-0.4313916280665504,-1.4396766822047062e-09,-0.4828313047487551,60.156822204589844,37,72,0.00016220809746191577,False,ABCD,-0.00016152324639059776,0.00043310346115548896,-0.6551976803180021,0.7554574770985177,-0.07764228157040075
99,0.0011338134988551568,0.0013875531672328844,0.0011703117166260292,0.001461930820986408,8.285019781707864e-05,TOGGLE_A_OFF,True,7.575711394730066e-10,2.6494653199093453e-09,2.755645208071017e-09,0.7763805546210363,2.1394301313615313e-09,0.7285199847523978,60.221195220947266,37,73,8.285019781707864e-05,True,BCD,-8.283619932041085e-05,0.0004540996434963682,-0.39253931373266976,0.9197352266672886,0.15640007508801926
100,0.0011014976722983885,0.001314370605416883,0.0011646057434420436,0.0014645613106541782,0.00016291063987090826,TOGGLE_A_ON,True,-1.367267970862629e-09,-3.096321012273042e-09,3.3847637310734654e-09,-0.40080012441209456,-1.3566141253199148e-09,-0.45215673853741445,62.19005584716797,37,73,0.00016291063987090826,False,ABCD,-0.00016281540111383303,0.00045143940576651185,-0.6761893111033158,0.7367279114759909,-0.026366402681485105
101,0.0011243311462415862,0.0013910428459455468,0.0011646057434420436,0.0014645613106541782,8.382724994161132e-05,TOGGLE_A_OFF,True,8.405977890104788e-10,2.822632947890728e-09,2.945142000211128e-09,0.7419808531438962,2.1852397159274265e-09,0.6941660928598236,59.79132652282715,37,74,8.382724994161132e-05,True,BCD,-8.351276154980601e-05,0.00046682823459398413,-0.43075822585354795,0.9024673683064406,0.11403415172454312
102,0.0010916932822717476,0.0013180033372157758,0.0011588591562539123,0.0014671018502735926,0.00016352865566572727,TOGGLE_A_ON,True,-1.3995833326456148e-09,-3.1320946474095056e-09,3.4305758095909614e-09,-0.3700360362758062,-1.2694370447607404e-09,-0.42130547332056695,59.9210262298584,37,74,0.00016352865566572727,False,ABCD,-0.0001634981753749422,0.0004690616839468054,-0.6972222764439427,0.7168550043268727,0.022089204436696284
103,0.0011151200275472057,0.001394496393147663,0.0011588591562539123,0.0014671018502735926,8.476239605206462e-05,TOGGLE_A_OFF,True,8.966352104266097e-10,2.927695097855242e-09,3.061919869392794e-09,0.7077212435709453,2.1669864454024978e-09,0.6598882300163478,60.94622611999512,37,75,8.476239605206462e-05,True,BCD,-8.38026781905764e-05,0.00047926208880369914,-0.46827608941216214,0.8835821999583877,0.07537977797753928
104,0.0010824090480262489,0.0013214896001844082,0.001153073372946036,0.0014695518130045148,0.0001640605549227351,TOGGLE_A_ON,True,-1.430398812627048e-09,-3.19247028055043e-09,3.498272038501667e-09,-0.3412022890427618,-1.1936187684333463e-09,-0.3923959078111951,59.73219871520996,37,75,0.0001640605549227351,False,ABCD,-0.00016367629364272079,0.0004858396899335767,-0.7183072575343282,0.6957260119987374,0.06499144129074869
105,0.0011068320238655522,0.001397670426191697,0.001153073372946036,0.0014695518130045148,8.547044012357197e-05,TOGGLE_A_OFF,True,9.610846151204174e-10,2.9978418815345774e-09,3.148132713864512e-09,0.6682142553782411,2.1036278254411117e-09,0.6203178832036822,61.08903884887695,37,76,8.547044012357197e-05,True,BCD,-8.373940499588583e-05,0.000490488205785879,-0.5044545527811319,0.8634382457227848,0.03432905514183615
106,0.0010745317209063677,0.00132448101146016,0.0011472498210738711,0.0014719105943553005,0.0001643879679435395,TOGGLE_A_ON,True,-1.4206954383119643e-09,-3.2191607544117563e-09,3.51871730765421e-09,-0.3197630108338514,-1.1251559603317042e-09,-0.37088816679418307,59.46660041809082,37,76,0.0001643879679435395,False,ABCD,-0.0001634694482155822,0.000500092040630389,-0.7377293026448298,0.6750966419834482,0.09490695945699193
107,0.001099564643677466,0.0014004635935269483,0.0011472498210738711,0.0014719105943553005,8.589848701050087e-05,TOGGLE_A_OFF,True,1.011153186692404e-09,3.0691593903151456e-09,3.2314346860361946e-09,0.6346367493336523,2.0507878394667713e-09,0.5866875371731191,60.613155364990234,37,77,8.589848701050087e-05,True,BCD,-8.346960761129442e-05,0.0005003254975544526,-0.5354164200097261,0.844588217525215,0.0017256153674151105
108,0.0010676484593921196,0.0013271058592335297,0.0011413899375117029,0.001474177612331947,0.0001645232693411567,TOGGLE_A_ON,True,-1.421772591746343e-09,-3.26787234584554e-09,3.5637658412672325e-09,-0.30027414618612386,-1.0701070454679378e-09,-0.3513442532315918,60.06741523742676,37,77,0.0001645232693411567,False,ABCD,-0.0001630329445759875,0.0005125172146851198,-0.754861014210754,0.6558847834969691,0.12057660992140985
109,0.001092960050657854,0.0014029960651075184,0.0011413899375117029,0.001474177612331947,8.609452134683223e-05,TOGGLE_A_OFF,True,1.0422775022459952e-09,3.124997294435426e-09,3.2942298769085444e-09,0.6063765904172134,1.9975444871869098e-09,0.5583741349044002,59.6919059753418,37,78,8.609452134683223e-05,True,BCD,-8.306438116085737e-05,0.0005092440587614993,-0.562472759589343,0.8268158166837393,-0.024238170711069776
110,0.0010613696783453965,0.0013294974367042596,0.0011354951680981166,0.0014763523075816904,0.00016450210129815207,TOGGLE_A_ON,True,-1.4347475896971798e-09,-3.338105005683636e-09,3.6333793739591817e-09,-0.28153552109412905,-1.0229256369157799e-09,-0.33255844673104484,60.98031997680664,37,78,0.00016450210129815207,False,ABCD,-0.00016243882709069855,0.0005238004081462546,-0.7703981514464938,0.6375630856989589,0.14413773099093657
111,0.0010867815011151828,0.0014053541388703633,0.0011354951680981166,0.0014763523075816904,8.610320151589166e-05,TOGGLE_A_OFF,True,1.0673970398105373e-09,3.186281443697089e-09,3.3603163361571634e-09,0.5811813426010142,1.9529537409932835e-09,0.5331342963420074,60.347795486450195,37,79,8.610320151589166e-05,True,BCD,-8.255365955635037e-05,0.0005175590667714907,-0.5870165835579901,0.8095749073596294,-0.04633250654352658
112,0.001055465044719165,0.0013317383826846369,0.0011295669672792598,0.0014784341435310183,0.00016434944836354336,TOGGLE_A_ON,True,-1.4503971721077378e-09,-3.409456141657448e-09,3.7051373980925206e-09,-0.2630193531265442,-9.745231047106147e-10,-0.3139938762312548,61.12313270568848,37,79,0.00016434944836354336,False,ABCD,-0.00016171645211011707,0.0005343489238361462,-0.7848368587677904,0.6197024327188481,0.16650980326475884
113,0.0010809052078424564,0.0014075855850078625,0.0011295669672792598,0.0014784341435310183,8.595048037267941e-05,TOGGLE_A_OFF,True,1.0974841436881776e-09,3.2720349114679743e-09,3.451185869742777e-09,0.5574030827884786,1.9237022004737435e-09,0.5093267849889523,59.220314025878906,37,80,8.595048037267941e-05,True,BCD,-8.195197727283381e-05,0.0005254357092588538,-0.6098887049514575,0.7924870772265491,-0.06636551962165822
114,0.0010498396020039188,0.0013338636199371685,0.001123606797749979,0.0014804226065180614,0.0001640766153839599,TOGGLE_A_ON,True,-1.4585636701260561e-09,-3.4613257021701215e-09,3.756086207252846e-09,-0.24477801567676488,-9.194075733002335e-10,-0.2956974232500651,65.14143943786621,37,80,0.0001640766153839599,False,ABCD,-0.00016088459134128272,0.0005443294296431355,-0.7984387430785331,0.6020760529611865,0.1877148802327581
115,0.0010751964727163746,0.001409738708785036,0.001123606797749979,0.0014804226065180614,8.567247497645907e-05,TOGGLE_A_OFF,True,1.119849254277273e-09,3.350912761595956e-09,3.533083453321192e-09,0.5353154747025689,1.8913147812939e-09,0.4872067894838628,63.135623931884766,37,81,8.567247497645907e-05,True,BCD,-8.126409485468097e-05,0.0005330520726606148,-0.6314265558863702,0.7754356869011885,-0.08425726845802886
116,0.0010443811101244643,0.0013359117934470032,0.0011176161300929218,0.001482317205919332,0.00016370068097284487,TOGGLE_A_ON,True,-1.4727605188770573e-09,-3.528414303613549e-09,3.823444918382859e-09,-0.226705078595829,-8.66794607433888e-10,-0.2775718732032629,62.108755111694336,37,81,0.00016370068097284487,False,ABCD,-0.00015994988601697924,0.0005539375346128243,-0.8114839415720824,0.5843747193101221,0.20793506989639146
117,0.0010695635790319259,0.0014118449433864382,0.0011176161300929218,0.001482317205919332,8.529588178789605e-05,TOGGLE_A_OFF,True,1.1359407698339642e-09,3.4252225671392545e-09,3.6086716485447943e-09,0.5144058795576069,1.8563224278101637e-09,0.46626220198541707,60.563087463378906,37,82,8.529588178789605e-05,True,BCD,-8.04904379468092e-05,0.0005405274573214052,-0.6520276624760354,0.7581951776188474,-0.10057773737883069
118,0.001038996487002443,0.0013379148893836097,0.0011115964424156918,0.0014841174742707772,0.00016323587030335932,TOGGLE_A_ON,True,-1.4924202885086607e-09,-3.609591400383829e-09,3.905952943300414e-09,-0.20849979693767906,-8.143906040260629e-10,-0.2593141875417051,60.22810935974121,37,82,0.00016323587030335932,False,ABCD,-0.00015891034740381972,0.0005633326351949663,-0.8241501830152179,0.5663713232801669,0.22757892465980026
119,0.0010639240772315692,0.0014139320929981126,0.0011115964424156918,0.0014841174742707772,8.484481213744099e-05,TOGGLE_A_OFF,True,1.146643614430606e-09,3.4967134933723182e-09,3.6799180470829137e-09,0.4942775465837649,1.8189013582190084e-09,0.4460964479419839,59.92484092712402,37,83,8.484481213744099e-05,True,BCD,-7.962577091144931e-05,0.0005479674752415294,-0.672011416935581,0.7405407858495483,-0.11573344157657309
120,0.0010336027548901714,0.0013399009008459592,0.001105549219986149,0.0014858229673831193,0.00016269463218644334,TOGGLE_A_ON,True,-1.5173616134063018e-09,-3.7047226338482038e-09,4.003418047067549e-09,-0.1898767092534283,-7.601560344196819e-10,-0.240636865287848,60.52708625793457,37,83,0.00016269463218644334,False,ABCD,-0.00015775717273175732,0.0005726529613004004,-0.8365887174842517,0.5478314684062942,0.24698670001108566
121,0.0010581732309919586,0.001416034281856732,0.001105549219986149,0.0014858229673831193,8.435013313966157e-05,TOGGLE_A_OFF,True,1.1600233506300613e-09,3.59441548340562e-09,3.776966619041404e-09,0.4749018794277329,1.7936890208204521e-09,0.42669556844855333,59.446096420288086,37,84,8.435013313966157e-05,True,BCD,-7.865627108539364e-05,0.0005555045933366379,-0.6916469008905142,0.7222358094742859,-0.12977489909537057
122,0.0010279925360287445,0.0013419456481027112,0.0010994759548659419,0.0014874332644514525,0.0001621003568148223,TOGGLE_A_ON,True,-1.5402834445853982e-09,-3.781142089085842e-09,4.082830952601431e-09,-0.16908515955940506,-6.903462921598501e-10,-0.2197755058515649,61.26213073730469,37,84,0.0001621003568148223,False,ABCD,-0.000156440400088271,0.0005822443354903213,-0.8489844387801544,0.5284178485888651,0.26832031224668945
123,0.0010521964595799444,0.0014181963535730717,0.0010994759548659419,0.0014874332644514525,8.383973104966108e-05,TOGGLE_A_OFF,True,1.1731556973030818e-09,3.6958449879708855e-09,3.8775719806631826e-09,0.45432410376685256,1.7616748692303636e-09,0.4060857786360829,61.215877532958984,37,85,8.383973104966108e-05,True,BCD,-7.755095004035136e-05,0.0005632823390780004,-0.7116309463240679,0.7025534828269918,-0.14427020869852886
124,0.0010222763488202814,0.0013440021019619833,0.0010933781455423621,0.0014889479681590707,0.00016144587212044804,TOGGLE_A_ON,True,-1.5551636545485652e-09,-3.8564096372782e-09,4.158176196714255e-09,-0.1486237517440575,-6.180038953922604e-10,-0.1992417556394498,60.28294563293457,37,85,0.00016144587212044804,False,ABCD,-0.0001549831404196256,0.0005919011951757494,-0.8615424507532689,0.5076855380530216,0.2881328693853367
125,0.0010465949984457472,0.0014202162953933504,0.0010933781455423621,0.0014889479681590707,8.314268274140291e-05,TOGGLE_A_OFF,True,1.1922564875826954e-09,3.7365095498261645e-09,3.92211411717267e-09,0.42723260980969713,1.675655477483746e-09,0.3789082652871809,59.93771553039551,37,86,8.314268274140291e-05,True,BCD,-7.641141905870573e-05,0.0005705197793708028,-0.7314838401407238,0.68185877688228,-0.16363477823228856
126,0.0010420900081142379,0.0014091890699761437,0.0010872572965586172,0.001490366704775499,9.289721382816197e-05,TOGGLE_B_OFF,True,-8.491706717977608e-11,-2.0785830216105194e-10,2.245350352966988e-10,-0.12129912860581588,-2.7236025422094266e-11,-0.17132636463123796,60.57405471801758,37,87,9.289721382816197e-05,True,CD,-8.795921776830315e-05,0.0005741990694304111,-0.8730176568411696,0.48768860027858485,0.2498665412250654
127,0.0010813425707182087,0.0014788972927982853,0.0010811149181426051,0.0014916891242487064,1.2793857024023791e-05,TOGGLE_A_ON,True,9.413493167699554e-10,1.6717325844155839e-09,1.918548506027426e-09,0.03678272896317447,7.056948648263892e-11,-0.013146701550342893,60.59527397155762,37,88,1.2793857024023791e-05,True,ACD,-1.2469649832537314e-05,0.0005437295112072613,-0.8527154143791736,0.5223757479806307,-0.2968297719703139
128,0.0010676975298535385,0.0014639106242196338,0.0010749525258342899,0.0014929149002914756,2.9897876130794557e-05,TOGGLE_A_OFF,True,-2.572029608302841e-10,-2.824920474508605e-10,3.8204073072493706e-10,0.44827334509575334,1.712591245982386e-10,0.3984446042203516,60.915231704711914,37,89,2.9897876130794557e-05,True,CD,-2.9846115827222256e-05,0.0005547483430328998,-0.9627665294542387,0.2703342556181961,0.5266448126412901
129,0.0010598907975806107,0.0014556480910365246,0.0010687716401117638,0.0014940437304619097,3.940931984882925e-05,TRANSLATE_TRAP_X_NEG,True,-1.4715343654303226e-10,-1.557450812885844e-10,2.1426773959700977e-10,0.41229896157060975,8.834277883289051e-11,0.36238730434944266,60.296058654785156,37,90,3.940931984882925e-05,True,CD,-3.934438546895501e-05,0.0005615850282532378,-0.9453718815209806,0.325993873604248,0.5565332196904819
130,0.001050177467368431,0.0014446622536065665,0.0010625737860160923,0.0014950753362380552,5.19148111469517e-05,MOVE_C_DOWN,True,-1.8309196101885028e-10,-2.0707815698092978e-10,2.764127878524197e-10,0.35500785061453194,9.812906470570874e-11,0.30510597967923764,60.0123405456543,37,91,5.19148111469517e-05,True,CD,-5.170436796786117e-05,0.0005704910119565139,-0.9355174662004057,0.35328044162111527,0.5475473863857757
131,0.0010466539523205593,0.0014540465626115824,0.0010563604927750331,0.001496009463086623,4.307089439369126e-05,TOGGLE_A_ON,True,-6.64166939352435e-11,1.768900573750447e-10,1.8894779604810006e-10,0.6865463804615746,1.2972211201939537e-10,0.636676102573594,59.43775177001953,37,92,4.307089439369126e-05,True,ACD,-4.289278953764305e-05,0.0005759110802124529,-0.9220116090542013,0.38716223055373855,0.47080253623539803
132,0.0010353251943371177,0.001452289944838863,0.0010501332934257218,0.0014968458805257913,4.695222256246883e-05,PHASE_SHIFT_C_POS,True,-2.1354205713045984e-10,-3.3111464939641485e-11,2.1609391308863303e-10,0.8794341578452138,1.9004124790673667e-10,0.8296241990931206,60.873985290527344,37,93,4.695222256246883e-05,True,ACD,-4.5943401996906416e-05,0.0005883429260706042,-0.9419910725076346,0.33563792889654265,0.9679722634347147
133,0.001020296212891395,0.0014569080806918148,0.0010438937244364181,0.001497584382182072,4.702556808847497e-05,MOVE_C_RIGHT,True,-2.8328962620491656e-10,8.704981001347793e-11,2.963624162047272e-10,0.9996153703824728,2.9624942605730335e-10,0.9499116198085301,60.536861419677734,37,94,4.702556808847497e-05,True,ACD,-4.2515294983340945e-05,0.0006055962913856772,-0.9474146229520707,0.3200086439686222,0.9710237190855792
134,0.0009974248120775818,0.0014587261267532785,0.0010376433253274056,0.0014982247858412322,5.6370851313179934e-05,MOVE_C_RIGHT,False,-4.311157486438995e-10,3.426936090349354e-11,4.3247563841854007e-10,0.9825750830545764,4.2494076891326107e-10,0.9830000238234897,61.098337173461914,37,95,5.6370851313179934e-05,True,ACD,-4.126463011260668e-05,0.0006311899621475231,-0.9647606343423908,0.2631290907925449,0.996261055889137
135,0.0009661724581285703,0.001462440074482248,0.0010313836382911381,0.0014987669334932513,7.464675949966076e-05,MOVE_C_RIGHT,False,-5.890929934416164e-10,7.00062654068825e-11,5.93238090582713e-10,0.9969573295201412,5.914340595142988e-10,0.9975487635796555,60.555458068847656,37,96,7.464675949966076e-05,True,ACD,-3.598473908397634e-05,0.0006655438051234381,-0.980796996915912,0.19503140987740716,0.9777494738060796
136,0.0009190486032388533,0.0014523014221701183,0.0010251162078117255,0.0014992106913713087,0.00011597765421328766,MOVE_C_RIGHT,False,-8.882637379821991e-10,-1.9110909372652812e-10,9.085896510081346e-10,0.956254430370296,8.688438354195602e-10,0.9571232742057155,60.611724853515625,37,97,0.00011597765421328766,True,ACD,-3.8517744971252395e-05,0.0007186618459223168,-0.9963934224981722,0.08485368348168737,0.9999028415534721
137,0.0008486958219877136,0.001448630115519311,0.001018842580283857,0.0014995559499847882,0.00017760450437613189,MOVE_C_RIGHT,False,-1.3261186844291418e-09,-6.920250001951037e-11,1.3279230968700816e-09,0.999862498318567,1.3277415050739464e-09,1.001190239823641,60.52756309509277,37,97,0.00017760450437613189,False,ACD,-1.99527506598927e-05,0.0007921048690345001,-0.9993664223625848,-0.035591485670648924,0.9368344429899395
138,0.0007884970566560585,0.0014245697407740969,0.001018842580283857,0.0014995559499847882,0.0002422436620990408,MOVE_C_RIGHT,False,-1.1347199935266212e-09,-4.535273792530895e-10,1.2219969506677302e-09,0.9975360861911688,1.2189870530427165e-09,0.9987550732442115,63.60220909118652,37,97,0.0002422436620990408,False,ACD,-1.2599675181712154e-05,0.0008593297079811111,-0.952324080150611,-0.3050882599565286,0.9806002789135349
139,0.0007811971309945468,0.001413261302916505,0.001018842580283857,0.0014995559499847882,0.00025282825332734806,TOGGLE_A_OFF,True,-1.376003569797424e-10,-2.1315903178192363e-10,2.5371367931422157e-10,0.8856216996040394,2.2469522550875468e-10,0.835846394829548,62.23154067993164,37,97,0.00025282825332734806,False,CD,-1.789093259912841e-05,0.0008721972364781902,-0.8704834099085013,-0.4921977580933009,0.9257153393082515
140,0.0007792614837319294,0.001410102118211477,0.001018842580283857,0.0014995559499847882,0.00025573636785555543,TRANSLATE_TRAP_X_POS,True,-3.648609132108098e-11,-5.954922876389957e-11,6.98379947182442e-11,0.8772783897022405,6.126824082484456e-11,0.8273396579430653,60.164451599121094,37,97,0.00025573636785555543,False,CD,-1.9357364075601655e-05,0.0008757658745418864,-0.8675807902078663,-0.4972962622625492,0.9200966627428168
141,0.0007743975403865926,0.0014052045176594235,0.001018842580283857,0.0014995559499847882,0.00026202207981813874,TRANSLATE_TRAP_X_POS,False,-9.168317208712088e-11,-9.231759548729e-11,1.301089638745599e-10,0.9646347532776192,1.2550859290109605e-10,0.9647602618705202,60.502052307128906,37,97,0.00026202207981813874,False,CD,-2.046572304554564e-05,0.0008829358114245559,-0.8667578224586159,-0.4987292624308379,0.9884243146586867
142,0.0007700729862775116,0.001401551555020625,0.001018842580283857,0.0014995559499847882,0.00026737833183407674,NARROW,True,-8.151592451484147e-11,-6.885672353932593e-11,1.0670564336566504e-10,0.9861050295091961,1.0522395770492638e-10,0.936210253466901,59.0360164642334,37,97,0.00026737833183407674,False,CD,-2.079059614152717e-05,0.0008888947494821238,-0.8604880232972622,-0.5094706682037551,0.9987517504089024
143,0.0007655392477309526,0.001398761340160038,0.001018842580283857,0.0014995559499847882,0.00027262085696463305,NARROW,False,-8.54589582670001e-11,-5.259431104774268e-11,1.0034637563294237e-10,0.9999826968771496,1.0034563930997409e-10,1.0000830425164595,59.921979904174805,37,97,0.00027262085696463305,False,CD,-2.022350951014684e-05,0.0008944740832283838,-0.8536413263844167,-0.5208612923674252,0.9935432947046575
144,0.0007605136653094491,0.001397231807562284,0.001018842580283857,0.0014995559499847882,0.0002778561830054458,NARROW,False,-9.472999689243125e-11,-2.8831010235179097e-11,9.902019724491077e-11,0.9639817738582118,9.545462936971294e-11,0.9640772284875815,59.96274948120117,37,97,0.0002778561830054458,False,CD,-1.829271433432503e-05,0.0008996067317803636,-0.8447952781365877,-0.5350896542039807,0.9276305229821439
145,0.0007573888891661355,0.0013948371703076555,0.001018842580283857,0.0014995559499847882,0.0002816452652116645,WIDEN,True,-5.89006426556816e-11,-4.5137848842922716e-11,7.420721732701501e-11,0.9977518896524512,7.404138906576899e-11,0.9478259310415169,60.86540222167969,37,97,0.0002816452652116645,False,CD,-1.8176600906823605e-05,0.0009037298089355648,-0.8326000900552133,-0.5538746158094435,0.9993996773599736
146,0.0007537883439495527,0.0013918791217193323,0.001018842580283857,0.0014995559499847882,0.0002860909777397214,MOVE_C_DOWN,True,-6.786867840800537e-11,-5.5757902284227305e-11,8.783564866263978e-11,0.9959545952672546,8.748131386843143e-11,0.9460420765811229,59.48233604431152,37,97,0.0002860909777397214,False,CD,-1.8144528295386978e-05,0.0009086111742411624,-0.8265228189394737,-0.5629032152780388,0.9999157009239912
147,0.0007508455855607981,0.0013892195337000823,0.001018842580283857,0.0014995559499847882,0.0002898215208350532,MOVE_C_DOWN,False,-5.5469688812408153e-11,-5.013205309710525e-11,7.476703233829987e-11,0.9922292724955539,7.418703033295531e-11,0.9923034595258868,61.10334396362305,37,97,0.0002898215208350532,False,CD,-1.8259432456760522e-05,0.0009127650642701758,-0.8195009667834945,-0.5730778005113492,0.9997172701043827
148,0.000748939994810853,0.0013871643518252913,0.001018842580283857,0.0014995559499847882,0.0002923683925834975,MOVE_C_DOWN,False,-3.591953940465857e-11,-3.873926567780408e-11,5.282938591634687e-11,0.9794321306812275,5.174377744275912e-11,0.9794838744586702,63.64250183105469,37,97,0.0002923683925834975,False,CD,-1.856259862879965e-05,0.000915685743350598,-0.8138368700629539,-0.5810934080887021,0.9945207845105626
149,0.0007477735305135298,0.001385541385428951,0.001018842580283857,0.0014995559499847882,0.00029407099597587876,MOVE_C_DOWN,False,-2.198733400287087e-11,-3.059219584659506e-11,3.767393400310392e-11,0.9486601230594416,3.574070752764091e-11,0.9486958637669692,62.879085540771484,37,97,0.00029407099597587876,False,CD,-1.9011713169165797e-05,0.0009177292773132326,-0.8104536759614974,-0.5858027305488634,0.9749972789509902
150,0.0007430346240832969,0.0013829588117257807,0.001018842580283857,0.0014995559499847882,0.0002994410148154728,NARROW,True,-8.932628176361314e-11,-4.868036743940618e-11,1.0172985199904697e-10,0.9915809083532676,1.0087437063276684e-10,0.9416817827239004,58.995723724365234,37,97,0.0002994410148154728,False,CD,-1.777376652919505e-05,0.0009232355525103762,-0.808761497042109,-0.5881367535703032,0.9717365513619578
151,0.0007384222014731587,0.001379930980090378,0.001018842580283857,0.0014995559499847882,0.00030487000881453417,STRENGTHEN_TRAP,True,-8.694211792357192e-11,-5.70732817325293e-11,1.0400140074420607e-10,0.9976956167385,1.0376273935277531e-10,0.9477993794778528,59.64803695678711,37,97,0.00030487000881453417,False,CD,-1.687560989084981e-05,0.0009289259131809566,-0.796896104483386,-0.6041163784050322,0.985479463175456
152,0.0007345573630395924,0.0013765515515793587,0.001018842580283857,0.0014995559499847882,0.00030975501088876736,STRENGTHEN_TRAP,False,-7.285048818122092e-11,-6.370072670129631e-11,9.677280718525972e-11,0.9986816868070556,9.664622899851592e-11,0.9987783330360541,58.942317962646484,37,97,0.00030975501088876736,False,CD,-1.667174093546739e-05,0.0009342803949809513,-0.7854708354828733,-0.6188986723235427,0.9989231276835989
153,0.0007319820094070308,0.0013729262807470838,0.001018842580283857,0.0014995559499847882,0.0003135666759319764,STRENGTHEN_TRAP,False,-4.854427231470854e-11,-6.833474528369095e-11,8.382233465820133e-11,0.9633867987486775,8.075429403680365e-11,0.9634675530427143,59.653520584106445,37,97,0.0003135666759319764,False,CD,-1.7478892080542924e-05,0.0009388484717847279,-0.7764785561611045,-0.6301436755375501,0.9844103506375207
154,0.0007205864193468168,0.0013688604016124683,0.001018842580283857,0.0014995559499847882,0.00032563486284678284,NARROW,True,-2.1480181209893593e-10,-7.66400161181544e-11,2.280647069398892e-10,0.9405842698574681,2.1451501644158297e-10,0.8907987848739096,59.75484848022461,37,97,0.00032563486284678284,False,CD,-1.223993938435252e-05,0.000950176046517178,-0.7717855984976082,-0.6358828429433335,0.8951943631222214
155,0.0007126967559877345,0.0013641764715895857,0.001018842580283857,0.0014995559499847882,0.0003347429893283942,STRENGTHEN_TRAP,True,-1.48716650689137e-10,-8.829000089889919e-11,1.7295018488259102e-10,0.9784894759819402,1.6923091426622215e-10,0.9286587068962064,59.40675735473633,37,97,0.0003347429893283942,False,CD,-9.702213481174791e-06,0.0009592423145316423,-0.7360902737678899,-0.6768833790708089,0.9577993593008608
156,0.0007089012596338478,0.0013590446630587665,0.001018842580283857,0.0014995559499847882,0.00034030434026012453,STRENGTHEN_TRAP,False,-7.154342077258509e-11,-9.673231188030518e-11,1.2031459270409302e-10,0.9879806511705415,1.1886947762575947e-10,0.9880995206481672,59.717416763305664,37,97,0.00034030434026012453,False,CD,-1.0330121638853955e-05,0.0009657574561601259,-0.7117313977042652,-0.702451718995644,0.9959179773872762
157,0.0006888138114681877,0.0013532444557676783,0.001018842580283857,0.0014995559499847882,0.0003610069827386028,NARROW,True,-3.7863947751962046e-10,-1.0933133168988224e-10,3.941080994161554e-10,0.8723072024760747,3.437842059820718e-10,0.8226509866820567,61.699867248535156,37,97,0.0003610069827386028,False,CD,1.2101672565441963e-06,0.0009833965370860146,-0.7024284957410821,-0.7117543174220462,0.8215950132190414
158,0.0006831296792770474,0.0013460051811501567,0.001018842580283857,0.0014995559499847882,0.0003691625529656474,STRENGTHEN_TRAP,True,-1.0714336760231866e-10,-1.3645711173435043e-10,1.7349422054940788e-10,0.9999291218680211,1.7348292353226807e-10,0.9501026047915533,61.07354164123535,37,97,0.0003691625529656474,False,CD,1.1550190484823806e-06,0.0009925735962032752,-0.6264968792551769,-0.7794239284763613,0.9999849822496094
159,0.000654682719692524,0.0013361307976202145,0.001018842580283857,0.0014995559499847882,0.0003991493260564062,NARROW,True,-5.362125554862265e-10,-1.861277445383654e-10,5.675979580195902e-10,0.8351931217336612,4.740547456411549e-10,0.7856671764793023,58.969974517822266,37,97,0.0003991493260564062,False,CD,1.833213797616676e-05,0.0010167266038814036,-0.6086703183142778,-0.793423243673385,0.8039329224119067
160,0.0006311278935169722,0.001320832381157199,0.001018842580283857,0.0014995559499847882,0.00042692480882377127,NARROW,False,-4.4399801321818825e-10,-2.8836835663060183e-10,5.294247301057369e-10,0.8840126890499653,4.680190633230137e-10,0.8844807081132884,60.59384346008301,37,97,0.00042692480882377127,False,CD,2.992275062944108e-05,0.0010408608931147506,-0.4867547845616814,-0.8735386538123652,0.898109142183563
161,0.0006234125259399698,0.0013006978619617565,0.001018842580283857,0.0014995559499847882,0.0004426166140697674,NARROW,False,-1.454312525979335e-10,-3.795267455277896e-10,4.0643671069813503e-10,0.9996851619887668,4.063097486576087e-10,1.0000914717374243,60.83083152770996,37,97,0.0004426166140697674,False,CD,2.6729138230487082e-05,0.001060777193600931,-0.38104679074890463,-0.924555754542679,0.9923567796608048
162,0.0006098061306764648,0.0012764318170263615,0.001018842580283857,0.0014995559499847882,0.0004659347548915732,NARROW,False,-2.564745084099962e-10,-4.5740417100430155e-10,5.244022779472659e-10,0.988126215141454,5.181766262458037e-10,0.9886443917676998,59.20124053955078,37,97,0.0004659347548915732,False,CD,2.8228258895761696e-05,0.0010867760734645743,-0.3492693641679279,-0.9370223643284876,0.9962714033936688
163,0.0005404505665313565,0.0012365594491243448,0.001018842580283857,0.0014995559499847882,0.000545917647898481,TRANSLATE_TRAP_X_POS,True,-2.3938393462270484e-09,-1.3762132034769093e-09,2.76123696863723e-09,0.7216580597453593,1.992669634941961e-09,0.6736507293803012,59.125423431396484,37,97,0.000545917647898481,False,CD,7.941022615970107e-05,0.0011410975667576972,-0.2806174524052362,-0.9598196942153326,0.7247050683101697
164,0.0006167066107852237,0.0012607465472295794,0.001018842580283857,0.0014995559499847882,0.0004676999773454188,TRANSLATE_TRAP_X_POS,False,2.0394977062022576e-08,6.468933917040056e-09,2.13963126585741e-08,-0.21630894172801268,-4.628213964366787e-09,-0.22093715569237948,59.98969078063965,37,97,0.0004676999773454188,False,CD,1.563598816991461e-05,0.001097795867112638,0.08899503385102686,-0.9960320697387185,-0.6474610954111752
165,0.0005422365580456741,0.0012315196547336485,0.001018842580283857,0.0014995559499847882,0.0005468059582755655,TOGGLE_A_ON,True,-1.1067979054275317e-08,-4.343794882190619e-09,1.1889857624228415e-08,0.6389061894806487,7.596504267069405e-09,0.596502693747718,59.136152267456055,37,97,0.0005468059582755655,False,ACD,7.628225704001362e-05,0.0011447276240911734,-0.31369478762483743,-0.9495238702713134,0.6081813394181099
166,0.0006188819340407516,0.0012544431435294926,0.001018842580283857,0.0014995559499847882,0.00046909360092799575,TOGGLE_A_OFF,True,2.0771704568575062e-08,6.212507026893525e-09,2.168084302427753e-08,-0.20455703713582485,-4.434969216210164e-09,-0.258992006352035,59.32807922363281,37,97,0.00046909360092799575,False,CD,1.1222159889018443e-05,0.001102631914330302,0.08450514656062261,-0.9964230427900083,-0.6253890985626757
167,0.0005436566697939434,0.00122721889663453,0.001018842580283857,0.0014995559499847882,0.0005476943674675042,TOGGLE_A_ON,True,-1.1744743420960558e-08,-4.250457579798862e-09,1.2490211674021618e-08,0.625833701244157,7.816796027109628e-09,0.5836504972712666,58.93445014953613,37,97,0.0005476943674675042,False,ACD,7.37445331446699e-05,0.0011478866498414299,-0.32305976817760584,-0.9463785638860563,0.5803148380019807
168,0.0006205884209469423,0.0012491621339648115,0.001018842580283857,0.0014995559499847882,0.0004704289941427916,TOGGLE_A_OFF,True,2.11069227587461e-08,6.020325918306219e-09,2.194872462140577e-08,-0.19521031349878176,-4.284617609453364e-09,-0.24949493110823512,59.83233451843262,37,97,0.0004704289941427916,False,CD,7.679394289766654e-06,0.001106805366311558,0.08129010362797631,-0.9966904830739963,-0.6071199184157742
169,0.0005448531383399073,0.0012233906968990881,0.001018842580283857,0.0014995559499847882,0.0005485738219111678,TOGGLE_A_ON,True,-1.2346349309689606e-08,-4.2012540690849524e-09,1.3041582612163136e-08,0.6164241365071232,8.03914691681311e-09,0.5744632834239363,79.25987243652344,37,97,0.0005485738219111678,False,ACD,7.157600634497317e-05,0.0011507420245229886,-0.3299032821689844,-0.9440147373913889,0.5586272857773157
170,0.000622009468318015,0.0012445307239640985,0.001018842580283857,0.0014995559499847882,0.0004717143040648634,TOGGLE_A_OFF,True,2.141312180675822e-08,5.866971312265318e-09,2.220232280393222e-08,-0.18737247521668707,-4.1601043667051506e-09,-0.2415325795833922,110.63051223754883,37,97,0.0004717143040648634,False,CD,4.680086254335125e-06,0.0011105519276485773,0.07885801874532199,-0.9968858574970755,-0.5912753957730889
171,0.0005459021175911765,0.0012198797368572502,0.001018842580283857,0.0014995559499847882,0.0005494465082620207,TOGGLE_A_ON,True,-1.2899207062709803e-08,-4.178022016988874e-09,1.3558960536158597e-08,0.609199764062101,8.260116168754921e-09,0.5674598802308558,109.98129844665527,37,97,0.0005494465082620207,False,ACD,6.965523324790201e-05,0.0011533943475561925,-0.3351992178393952,-0.9421472731785929,0.5407607735672119
172,0.0006232425238376316,0.0012403360699018919,0.001018842580283857,0.0014995559499847882,0.0004729633716160776,TOGGLE_A_OFF,True,2.169874777026212e-08,5.739261436327195e-09,2.244492763704013e-08,-0.18054890805396617,-4.05240735676679e-09,-0.23460131541073298,70.96624374389648,37,97,0.0004729633716160776,False,CD,2.045281479271042e-06,0.0011140119032874408,0.07695534099235483,-0.9970345407712119,-0.5770719703580981
173,0.0005468483174086021,0.0012165889600971424,0.001018842580283857,0.0014995559499847882,0.0005503170918236415,TOGGLE_A_ON,True,-1.3413835789947817e-08,-4.169685716975059e-09,1.4046966561433496e-08,0.6033676910178752,8.475486383345121e-09,0.5618431774012204,60.245513916015625,37,97,0.0005503170918236415,False,ACD,6.790964197369144e-05,0.0011559078849861142,-0.33945444615742837,-0.9406224954688005,0.5254156476856819
174,0.0006243444394809196,0.001236447234537598,0.001018842580283857,0.0014995559499847882,0.0004741887590836003,TOGGLE_A_OFF,True,2.1969546414169437e-08,5.629665980160657e-09,2.2679376285350605e-08,-0.17444340157030533,-3.956267719152876e-09,-0.2283996692894582,59.838294982910156,37,97,0.0004741887590836003,False,CD,-3.31452373516475e-07,0.0011172742488907476,0.0754387971686472,-0.9971504339265232,-0.5640299575111446
175,0.0005477059110496074,0.0012135008631494473,0.001018842580283857,0.0014995559499847882,0.0005511780781213248,TOGGLE_A_ON,True,-1.3772923034919632e-08,-4.123756203681984e-09,1.4377022436973014e-08,0.5979812214311595,8.59719003538553e-09,0.556578411466545,59.561729431152344,37,97,0.0005511780781213248,False,ACD,6.631790533404914e-05,0.0011582899747256405,-0.34295820062751037,-0.9393506654175214,0.5113745100191489
176,0.0006253489911304633,0.001232776550311201,0.001018842580283857,0.0014995559499847882,0.00047540346317104113,TOGGLE_A_OFF,True,2.219675719892415e-08,5.510571545156456e-09,2.2870558123978503e-08,-0.1682242249179038,-3.847382082070376e-09,-0.2220716069999742,59.6928596496582,37,97,0.00047540346317104113,False,CD,-2.5166786398395156e-06,0.0011204011403150918,0.07424421350617869,-0.9972400898273948,-0.5513072808433542
177,0.0005485062144751074,0.0012105237375475276,0.001018842580283857,0.0014995559499847882,0.0005520470241098666,TOGGLE_A_ON,True,-1.4123352939232771e-08,-4.089965800710253e-09,1.4703636233840743e-08,0.5932182701052875,8.7224662441147e-09,0.5519407363494021,58.49957466125488,37,97,0.0005520470241098666,False,ACD,6.482484327870473e-05,0.001160607248255121,-0.3458762667337205,-0.9382801330670624,0.49857375796835995
178,0.000626289310354792,0.0012292264110294606,0.001018842580283857,0.0014995559499847882,0.0004766299711136526,TOGGLE_A_OFF,True,2.2396454233571926e-08,5.385149124579283e-09,2.3034777909292697e-08,-0.161886499813566,-3.729019731604746e-09,-0.21561551954517078,60.492753982543945,37,97,0.0004766299711136526,False,CD,-4.57725803559042e-06,0.0011234683732032882,0.07329925001054068,-0.997309991901209,-0.5386962316798298
179,0.000549270765409027,0.0012075897815683552,0.001018842580283857,0.0014995559499847882,0.000552939357275836,TOGGLE_A_ON,True,-1.447235068186865e-08,-4.065681705039613e-09,1.5032588000263888e-08,0.588880145995047,8.852393205158935e-09,0.5477325392002059,58.92372131347656,37,97,0.000552939357275836,False,ACD,6.339227875838709e-05,0.0011629102943946372,-0.34834413577610096,-0.9373667174955602,0.48659285694631393
180,0.0006271799404531397,0.0012257600992305702,0.001018842580283857,0.0014995559499847882,0.00047787424216983305,TOGGLE_A_OFF,True,2.2597491970130096e-08,5.270285652930234e-09,2.3203934024289427e-08,-0.1558632602954562,-3.6166409645696755e-09,-0.20947990126002586,66.38097763061523,37,97,0.00047787424216983305,False,CD,-6.5404730356534825e-06,0.0011265029395491797,0.07256341399222402,-0.9973638007005701,-0.5264875838396756
181,0.0005500081931647866,0.001204676422595254,0.001018842580283857,0.0014995559499847882,0.0005538588432252296,TOGGLE_A_ON,True,-1.4822566911309533e-08,-4.0495935189295926e-09,1.536579635127333e-08,0.5848720077499834,8.987024747518609e-09,0.5438590324975019,98.39534759521484,37,97,0.0005538588432252296,False,ACD,6.200625500761369e-05,0.00116521549770482,-0.3504261061336142,-0.9365903822579184,0.4752517944025304
182,0.000628031903332632,0.0012223484528024503,0.001018842580283857,0.0014995559499847882,0.00047914192230817226,TOGGLE_A_OFF,True,2.280076966355625e-08,5.164274928414636e-09,2.337829832957906e-08,-0.15008797758132075,-3.508801665667268e-09,-0.20359677924698805,82.19313621520996,37,97,0.00047914192230817226,False,CD,-8.427007006997771e-06,0.0011295270521291913,0.0720178933370375,-0.9974033401976277,-0.5145755679223962
183,0.0005507252532510174,0.0012017649192584059,0.001018842580283857,0.0014995559499847882,0.0005548092733989327,TOGGLE_A_ON,True,-1.5176327412332963e-08,-4.040822413561665e-09,1.5705067956053908e-08,0.5811215567201067,9.12655412013867e-09,0.5402481108402453,61.2797737121582,37,97,0.0005548092733989327,False,ACD,6.0655941954548386e-05,0.0011675368319803692,-0.35216674307119183,-0.9359372762491249,0.46441294977447406
184,0.000628853744060986,0.0012189677947086518,0.001018842580283857,0.0014995559499847882,0.00048043834699130187,TOGGLE_A_OFF,True,2.3007092689570566e-08,5.0658619654335825e-09,2.3558210277508728e-08,-0.14450848085208937,-3.404361323305345e-09,-0.19791284217539473,60.69350242614746,37,97,0.00048043834699130187,False,CD,-1.025280055478526e-05,0.0011325594173845334,0.07165095649508384,-0.9974297671673057,-0.5028758722452032
185,0.0005514273413459853,0.0011988394027556285,0.001018842580283857,0.0014995559499847882,0.0005557944290551815,TOGGLE_A_ON,True,-1.5535721752641767e-08,-4.03879149417977e-09,1.605211783874531e-08,0.5775720633278432,9.271255398477871e-09,0.536843318726321,59.10658836364746,37,97,0.0005557944290551815,False,ACD,5.933283970234541e-05,0.0011698864591612895,-0.3535965618716025,-0.9353980283443966,0.4539688929371374
186,0.0006296522172949022,0.0012155985430312084,0.001018842580283857,0.0014995559499847882,0.0004817685622861618,TOGGLE_A_OFF,True,2.3217181180659386e-08,4.974120974820274e-09,2.3744038861316566e-08,-0.13908311474897386,-3.3023950206357018e-09,-0.19238550976960955,60.10913848876953,37,97,0.0004817685622861618,False,CD,-1.2030280427040969e-05,0.0011356161013030602,0.0714561685399509,-0.997443740757178,-0.4913203054569556
187,0.0005521188415175901,0.0011958862209819386,0.001018842580283857,0.0014995559499847882,0.0005568180606271915,TOGGLE_A_ON,True,-1.5902667415505186e-08,-4.043142690410169e-09,1.6408590242406188e-08,0.5741777452301783,9.421447921968436e-09,0.5335991931521467,83.57620239257812,37,97,0.0005568180606271915,False,ACD,5.803023862813113e-05,0.0011722751403243359,-0.35473574199045443,-0.9349666054744871,0.44383423385615595
188,0.0006304327515693673,0.0012122242591873706,0.001018842580283857,0.0014995559499847882,0.0004831373464953026,TOGGLE_A_OFF,True,2.3431676393169163e-08,4.888373264415067e-09,2.3936157832167824e-08,-0.133778084167188,-3.2021334708889275e-09,-0.18698021763807693,89.67804908752441,37,97,0.0004831373464953026,False,CD,-1.3769194052645328e-05,0.001138711125759914,0.07143119259300476,-0.9974455297021588,-0.4798531117037499
189,0.0005527918455165367,0.0011929398170825148,0.001018842580283857,0.0014995559499847882,0.0005578680312879595,TOGGLE_A_ON,True,-1.6169204537931067e-08,-4.016105744324132e-09,1.666050061489882e-08,0.570410547441607,9.503325846806212e-09,0.5299138732884132,70.93501091003418,37,97,0.0005578680312879595,False,ACD,5.6763552656991715e-05,0.001174674844731366,-0.3555966333311554,-0.934639521078342,0.43348717415733523
190,0.0006311869715734998,0.0012088835998994272,0.001018842580283857,0.0014995559499847882,0.00048452790019641205,TOGGLE_A_OFF,True,2.3648119755937045e-08,4.809488859588466e-09,2.4132234688931017e-08,-0.12864341952134575,-3.104453319719145e-09,-0.18174787284106492,67.10100173950195,37,97,0.00048452790019641205,False,CD,-1.5450018509706594e-05,0.001141808160165789,0.07157858811618677,-0.997434963153673,-0.46860678134653433
191,0.0005534472855232799,0.0011900013009712442,0.001018842580283857,0.0014995559499847882,0.0005589426277456237,TOGGLE_A_ON,True,-1.6423930249369295e-08,-3.989230935971082e-09,1.690146290404048e-08,0.5666597735056192,9.577379707776977e-09,0.5262371532133961,74.11670684814453,37,97,0.0005589426277456237,False,ACD,5.553217337861394e-05,0.0011770840656576747,-0.35617312780866767,-0.934419982141326,0.42336786486604355
192,0.000631916478219423,0.0012055764670254332,0.001018842580283857,0.0014995559499847882,0.00048593800516097375,TOGGLE_A_OFF,True,2.3866155367239786e-08,4.7371372145912935e-09,2.4331745539584582e-08,-0.12366772113392327,-3.0090516457586485e-09,-0.1766767727796819,64.50486183166504,37,97,0.00048593800516097375,False,CD,-1.707459029732058e-05,0.0011449056491115435,0.07189374395482151,-0.9974122966848922,-0.4575780856060665
193,0.0005540872758356514,0.001187066597865822,0.001018842580283857,0.0014995559499847882,0.0005600420414580279,TOGGLE_A_ON,True,-1.6681647531093205e-08,-3.967342638881638e-09,1.7146928936865528e-08,0.5629774891248168,9.653335562055708e-09,0.5226308246868725,63.995361328125,37,97,0.0005600420414580279,False,ACD,5.433330280268825e-05,0.001179505570342603,-0.3564774883633466,-0.9343039121657187,0.41352102963986054
194,0.0006326370483244998,0.001202230147646469,0.001018842580283857,0.0014995559499847882,0.00048739854908702324,TOGGLE_A_OFF,True,2.4018283200446838e-08,4.636581640097748e-09,2.446172146849355e-08,-0.11798687037065522,-2.8861620779330932e-09,-0.1708730324485883,64.15414810180664,37,97,0.00048739854908702324,False,CD,-1.8677903405067914e-05,0.001148071457364511,0.0723724065833646,-0.9973776790982452,-0.44583966318141205
195,0.0005547250298879476,0.0011840720259610532,0.001018842580283857,0.0014995559499847882,0.0005611908827688787,TOGGLE_A_ON,True,-1.694741779754208e-08,-3.9497535912505275e-09,1.7401595427892308e-08,0.5592704166939106,9.732198085366599e-09,0.5190026147792772,59.22555923461914,37,97,0.0005611908827688787,False,ACD,5.3142256424497576e-05,0.0011819920939288035,-0.35651342815978954,-0.9342901987818147,0.4037247157941048
196,0.0006333506335497652,0.0011988373383117884,0.001018842580283857,0.0014995559499847882,0.0004889127983632421,TOGGLE_A_OFF,True,2.4174661204034806e-08,4.539824268772127e-09,2.4597240672912843e-08,-0.112295497631629,-2.7621594940251906e-09,-0.16505765712565418,60.157060623168945,37,97,0.0004889127983632421,False,CD,-2.02624888651143e-05,0.001151312995215721,0.0730327247580921,-0.9973295448909932,-0.4340115667597399
197,0.0005553377762404383,0.0011811174598010709,0.001018842580283857,0.0014995559499847882,0.0005623520031099858,TOGGLE_A_ON,True,-1.7189948043108584e-08,-3.904533194081782e-09,1.7627810221024595e-08,0.5543892291886564,9.772668675106973e-09,0.5141618978637633,60.24909019470215,37,97,0.0005623520031099858,False,ACD,5.2000592392727825e-05,0.0011844607670046029,-0.35627485599589515,-0.9343812000372836,0.39290781936364944
198,0.0006340317012595804,0.0011955142012755032,0.001018842580283857,0.0014995559499847882,0.0004904291973094959,TOGGLE_A_OFF,True,2.433379804676467e-08,4.451771842427465e-09,2.473766359052039e-08,-0.10681079982019559,-2.6422497405972138e-09,-0.15945304956079281,60.281991958618164,37,97,0.0004904291973094959,False,CD,-2.177287467944035e-05,0.0011545188639588415,0.07386276916900934,-0.9972684148857567,-0.4225350817185134
199,0.0005559164517897143,0.001178251298846868,0.001018842580283857,0.0014995559499847882,0.0005635044625248643,TOGGLE_A_ON,True,-1.7413005385585442e-08,-3.848147640834461e-09,1.7833143212122965e-08,0.5490522086226921,9.791327216353093e-09,0.5088435358390452,59.36717987060547,37,97,0.0005635044625248643,False,ACD,5.092511968425421e-05,0.001186869852948224,-0.3557653170653918,-0.9345753255737992,0.38195894566629635
200,0.000634670940963683,0.0011923129642868952,0.001018842580283857,0.0014995559499847882,0.0004919208276933449,TOGGLE_A_OFF,True,2.449285836177596e-08,4.37321584541633e-09,2.488021558509128e-08,-0.10160370061672735,-2.52792207719095e-09,-0.1541316226939183,60.00876426696777,37,97,0.0004919208276933449,False,CD,-2.3188369670209912e-05,0.0011576356280991104,0.07483934748950413,-0.9971956037134374,-0.41158480520002094
201,0.0005564673878690363,0.0011754546048360834,0.001018842580283857,0.0014995559499847882,0.0005646525484648434,TOGGLE_A_ON,True,-1.7632152067486967e-08,-3.800967420052153e-09,1.8037187692633318e-08,0.544045561818822,9.813052455915798e-09,0.5038586142747378,59.32927131652832,37,97,0.0005646525484648434,False,ACD,4.990507378188722e-05,0.0011892336142434751,-0.3550149561318677,-0.9348606211199086,0.3716909173974413
202,0.0006352759940180965,0.0011892097346734318,0.001018842580283857,0.0014995559499847882,0.0004933944663832905,TOGGLE_A_OFF,True,2.4652093719607e-08,4.3027375618636034e-09,2.5024773231471226e-08,-0.09662349963026122,-2.4179812637019304e-09,-0.14904148089396316,59.89265441894531,37,97,0.0004933944663832905,False,CD,-2.4524331946806845e-05,0.0011606829244645007,0.07595007489572318,-0.9971116216960834,-0.4010686275624174
203,0.0005569934703158103,0.001172721967001579,0.001018842580283857,0.0014995559499847882,0.0005657959462659181,TOGGLE_A_ON,True,-1.7824830597099516e-08,-3.754243626493203e-09,1.821589775504792e-08,0.5391963860223021,9.821946776869992e-09,0.4990183327991721,59.84854698181152,37,97,0.0005657959462659181,False,ACD,4.893570789970316e-05,0.0011915552980068921,-0.35404984117405375,-0.9352265554199378,0.36188499785078226
204,0.000635849997515965,0.0011861996566378352,0.001018842580283857,0.0014995559499847882,0.0004948489517371561,TOGGLE_A_OFF,True,2.4807724215822497e-08,4.2399889956356214e-09,2.5167452939290798e-08,-0.09188901960217474,-2.3126126683643215e-09,-0.14420163227053906,59.47256088256836,37,97,0.0004948489517371561,False,CD,-2.5786685012941634e-05,0.0011636625433917918,0.07718274618086611,-0.9970169625889206,-0.390997119248426
205,0.0005574905816624981,0.001170081283670831,0.001018842580283857,0.0014995559499847882,0.000566920825490311,TOGGLE_A_ON,True,-1.792929758585133e-08,-3.688020161681367e-09,1.8304677124576183e-08,0.5341742004639496,9.777886801945431e-09,0.49395208726589507,59.43417549133301,37,97,0.000566920825490311,False,ACD,4.802452124671227e-05,0.0011938099021761978,-0.35289400710780383,-0.9356633046910698,0.3522145460246628
206,0.0006363817432247842,0.0011833547394135258,0.001018842580283857,0.0014995559499847882,0.0004962454004327481,TOGGLE_A_OFF,True,2.4908271334769256e-08,4.190822275167802e-09,2.5258364401293493e-08,-0.08798212256339612,-2.2222846004876475e-09,-0.14020440716388377,60.977935791015625,37,97,0.0004962454004327481,False,CD,-2.69500713805945e-05,0.0011664996403611969,0.07851212338850903,-0.9969131589456941,-0.38206759160326614
207,0.0005579555885025611,0.0011675642911777755,0.001018842580283857,0.0014995559499847882,0.0005680099301162298,TOGGLE_A_ON,True,-1.8030008530151823e-08,-3.630190940686597e-09,1.8391832259543653e-08,0.5294671275213947,9.737871125783029e-09,0.48920499864717776,59.94582176208496,37,97,0.0005680099301162298,False,ACD,4.7178035214692044e-05,0.0011959685795497018,-0.3516069408546617,-0.9361477229266993,0.343232615335882
208,0.0006368777980686104,0.0011806518744998634,0.001018842580283857,0.0014995559499847882,0.0004975911014212728,TOGGLE_A_OFF,True,2.5006030388788184e-08,4.1467225520851485e-09,2.5347521845911677e-08,-0.0842492777947636,-2.1355104936543294e-09,-0.13638478828841794,61.52796745300293,37,97,0.0004975911014212728,False,CD,-2.8028954895891725e-05,0.0011692135179577315,0.07989892172723237,-0.9968029706541202,-0.37360489248733003
209,0.0005583932021944981,0.001165154513096151,0.001018842580283857,0.0014995559499847882,0.0005690676152937036,TOGGLE_A_ON,True,-1.8127556837143817e-08,-3.5794195860059047e-09,1.8477569143601175e-08,0.5250265273699556,9.701214486729698e-09,0.48472774185668527,64.31770324707031,37,97,0.0005690676152937036,False,ACD,4.638735919022829e-05,0.0011980439115267705,-0.3502114015861966,-0.9366706860989358,0.334837151542506
210,0.0006373434386452338,0.001178071949543563,0.001018842580283857,0.0014995559499847882,0.000498892330679376,TOGGLE_A_OFF,True,2.510120413315553e-08,4.106931451001835e-09,2.543496284403758e-08,-0.08066598391432844,-2.0517363843046613e-09,-0.1327177202986331,59.89480018615723,37,97,0.000498892330679376,False,CD,-2.903502753063609e-05,0.00117182034789116,0.0813342776731685,-0.996686879252173,-0.3655463701436007
211,0.0005588072740250607,0.0011628380778507508,0.001018842580283857,0.0014995559499847882,0.0005700977183072201,TOGGLE_A_ON,True,-1.8222442705239173e-08,-3.5346563642850725e-09,1.8562090770150473e-08,0.5208130716246693,9.667380030591063e-09,0.4804804516552604,61.84840202331543,37,97,0.0005700977183072201,False,ACD,4.564520134426995e-05,0.0012000465800798134,-0.3487244120604112,-0.9372253114545834,0.32694548669239043
212,0.000637788103017533,0.0011755671254059235,0.001018842580283857,0.0014995559499847882,0.0005001712437722763,TOGGLE_A_OFF,True,2.5144573764467975e-08,4.052457783558635e-09,2.5469040105278725e-08,-0.07680983778116664,-1.9562729157383242e-09,-0.12876611069690497,68.5124397277832,37,97,0.0005001712437722763,False,CD,-2.998939372262331e-05,0.0011743663912879279,0.0828117249754697,-0.9965652102118743,-0.3573872769729332
213,0.0005592055859311968,0.0011605741934586464,0.001018842580283857,0.0014995559499847882,0.0005711171489590345,TOGGLE_A_ON,True,-1.8316047160558703e-08,-3.4945590801026275e-09,1.864643469278077e-08,0.5167420452833866,9.635397317132678e-09,0.47637744260051934,60.76407432556152,37,97,0.0005711171489590345,False,ACD,4.493701620277116e-05,0.0012020110025431248,-0.34713533900432486,-0.9378150438185423,0.3193955775134869
214,0.0006382165489037289,0.0011731148365902069,0.001018842580283857,0.0014995559499847882,0.0005014379086970591,TOGGLE_A_OFF,True,2.5172567708191605e-08,3.995397302564466e-09,2.5487670835696818e-08,-0.07289300898954197,-1.8578730922419434e-09,-0.12475088208178392,63.50278854370117,37,97,0.0005014379086970591,False,CD,-3.090239120695921e-05,0.0011768731707393642,0.08434918782472506,-0.9964362571240358,-0.34929347021027346
215,0.0005595919880902147,0.0011583439721306705,0.001018842580283857,0.0014995559499847882,0.0005721334811574394,TOGGLE_A_ON,True,-1.8409078220232306e-08,-3.458435842471709e-09,1.8731122213981854e-08,0.5127721436074919,9.604798202609529e-09,0.4723769418101014,67.07429885864258,37,97,0.0005721334811574394,False,ACD,4.4255822739909664e-05,0.0012039530007687076,-0.3454416802080032,-0.9384402194988739,0.31210835184789004
216,0.0006386312140246477,0.0011707052327332814,0.001018842580283857,0.0014995559499847882,0.0005026962077333835,TOGGLE_A_OFF,True,2.5202551013993924e-08,3.941527731977171e-09,2.5508904689831573e-08,-0.06902249220698627,-1.7606882441851477e-09,-0.12078318045117141,67.6581859588623,37,97,0.0005026962077333835,False,CD,-3.1779102421973526e-05,0.0011793496489673253,0.08595369635449511,-0.9962991328316242,-0.34135286185121994
217,0.0005599683662720589,0.0011561396437148779,0.001018842580283857,0.0014995559499847882,0.0005731494601733604,TOGGLE_A_ON,True,-1.8501885742279187e-08,-3.4258976313075235e-09,1.8816390477468105e-08,0.5088838887944414,9.575358468132552e-09,0.4684592472625739,65.85407257080078,37,97,0.0005731494601733604,False,ACD,4.359835242898991e-05,0.001205878900441206,-0.3436460868493258,-0.9390992317061972,0.3050457721136124
218,0.0006390341968209045,0.0011683295756105543,0.001018842580283857,0.0014995559499847882,0.0005039497189500569,TOGGLE_A_OFF,True,2.5234394121244964e-08,3.890499140163966e-09,2.5532540614399087e-08,-0.06518520474736413,-1.6643439528551993e-09,-0.11684954870021932,63.671112060546875,37,97,0.0005039497189500569,False,CD,-3.262384131812808e-05,0.0011818038999189728,0.08762604478628773,-0.9961534401251432,-0.333536994228495
219,0.0005603363686563054,0.0011539541854532324,0.001018842580283857,0.0014995559499847882,0.0005741676808636777,TOGGLE_A_ON,True,-1.859479610144989e-08,-3.396630568954324e-09,1.8902474474958325e-08,0.5050602085658253,9.54688820579285e-09,0.4646070967716182,75.74462890625,37,97,0.0005741676808636777,False,ACD,4.296180744421522e-05,0.001207794480283351,-0.34174966217881547,-0.9397910237912956,0.29817506985595665
220,0.0006394273239459555,0.0011659800239425262,0.001018842580283857,0.0014995559499847882,0.000505201776696112,TOGGLE_A_OFF,True,2.5268002077380694e-08,3.842018481340583e-09,2.5558423953629802e-08,-0.061369194523114776,-1.5684999526837376e-09,-0.11293769447579852,72.57509231567383,37,97,0.000505201776696112,False,CD,-3.344029370888125e-05,0.00118424328320553,0.08936778738514636,-0.9959986940633647,-0.3258204495570255
221,0.0005600360165990475,0.0011561301347173215,0.001018842580283857,0.0014995559499847882,0.0005731009976194313,TOGGLE_A_OFF,False,-1.8240675201142915e-08,-2.2630768547382153e-09,1.8380526342954438e-08,0.4529667344255341,8.32576744755731e-09,0.4612925018730914,68.22371482849121,37,97,0.0005731009976194313,False,CD,4.353004262780017e-05,0.0012058796859986225,-0.33975221249359483,-0.9405149834551996,0.24772395361456048
222,0.0006391027491110951,0.001168314214898785,0.001018842580283857,0.0014995559499847882,0.0005039081527837228,TOGGLE_A_OFF,False,2.5201283870464015e-08,3.883484919612248e-09,2.549874827987769e-08,-0.06543477455376591,-1.6685049105317977e-09,-0.06710327946429771,66.2381649017334,37,97,0.0005039081527837228,False,CD,-3.269405442273807e-05,0.0011818064508194908,0.08730317289072598,-0.9961817886316018,-0.3334612088907384
223,0.0005604022445629243,0.001153953484281461,0.001018842580283857,0.0014995559499847882,0.0005741154985855556,TOGGLE_A_ON,True,-1.863103225189553e-08,-3.3996635323777336e-09,1.893866613319297e-08,0.5051890588927165,9.567607425700178e-09,0.46475666631841667,66.87164306640625,37,97,0.0005741154985855556,False,ACD,4.289633668774556e-05,0.001207787862077203,-0.3420650087755898,-0.9396762898835864,0.298013058654464
224,0.0006394939476547449,0.0011659744036321296,0.001018842580283857,0.0014995559499847882,0.000505155454434185,TOGGLE_A_OFF,True,2.5234852711986428e-08,3.835372326280841e-09,2.5524652245953318e-08,-0.06163597435192604,-1.5732368728093839e-09,-0.11320921122473543,76.93147659301758,37,97,0.000505155454434185,False,CD,-3.3506840838502165e-05,0.0011842362286428204,0.08903961938575293,-0.9960280850345962,-0.3257783214901459
225,0.000560101145483611,0.0011561365703638134,0.001018842580283857,0.0014995559499847882,0.0005730450019866186,TOGGLE_A_OFF,False,-1.8272912985696273e-08,-2.264259055779912e-09,1.841266461038458e-08,0.4531356279747239,8.34343479405022e-09,0.4614790627687741,65.88578224182129,37,97,0.0005730450019866186,False,CD,4.346625208356337e-05,0.0012058664934097658,-0.3400731955766902,-0.9403989693998424,0.24760878505507392
226,0.000639168596421067,0.0011683159875195308,0.001018842580283857,0.0014995559499847882,0.0005038573674724101,TOGGLE_A_OFF,False,2.516784442387293e-08,3.876812424255584e-09,2.54646827491947e-08,-0.06571272790275738,-1.6733538343405994e-09,-0.06738608173709798,67.14987754821777,37,97,0.0005038573674724101,False,CD,-3.275842288826892e-05,0.0011817912145805467,0.08696692823581649,-0.9962111991898464,-0.33344151923392756
227,0.0005604656626394345,0.0011539685761096639,0.001018842580283857,0.0014995559499847882,0.0005740557739550284,TOGGLE_A_ON,True,-1.8666690315733448e-08,-3.40290600047378e-09,1.897432730274139e-08,0.5053463802197578,9.588608124891661e-09,0.46493498834464947,70.29843330383301,37,97,0.0005740557739550284,False,ACD,4.283522999677425e-05,0.001207767353323178,-0.3423953216755451,-0.939555982202618,0.29790045201936627
228,0.0006395579407098285,0.0011659857117765138,0.001018842580283857,0.0014995559499847882,0.000505099932325402,TOGGLE_A_OFF,True,2.520136153063565e-08,3.829048649141689e-09,2.5490591137815856e-08,-0.06193095719152995,-1.5786567704738242e-09,-0.11350961396200378,70.29485702514648,37,97,0.000505099932325402,False,CD,-3.35677521505611e-05,0.0011842115112264701,0.08869759154235281,-0.9960586013145161,-0.32579151470077655
229,0.0005601636754543662,0.001156159693022955,0.001018842580283857,0.0014995559499847882,0.0005729810878475646,TOGGLE_A_OFF,False,-1.830412817662348e-08,-2.265361435770363e-09,1.8443778645953687e-08,0.45332211749789136,8.360973243768235e-09,0.4616830907416596,64.03565406799316,37,97,0.0005729810878475646,False,CD,4.34071532014844e-05,0.0012058386615949547,-0.34040985594349293,-0.9402771559357155,0.24753202149569106
230,0.0006392316541476857,0.001168335683551564,0.001018842580283857,0.0014995559499847882,0.0005037969036606495,TOGGLE_A_OFF,False,2.5134041437612308e-08,3.8704903748335726e-09,2.543031133763981e-08,-0.06602048393232055,-1.6789215270810416e-09,-0.06769940545940159,63.829898834228516,37,97,0.0005037969036606495,False,CD,-3.281671468396795e-05,0.0011817573540728412,0.08661649193298394,-0.9962417293625422,-0.3334804680058691
231,0.000560526542296483,0.0011540002251183756,0.001018842580283857,0.0014995559499847882,0.0005739881093405994,TOGGLE_A_ON,True,-1.8701757114961892e-08,-3.406364026976806e-09,1.9009445943301697e-08,0.5055332844307858,9.609908148460069e-09,0.4651431925792459,64.24355506896973,37,97,0.0005739881093405994,False,ACD,4.277866292169073e-05,0.0012077322725588175,-0.3427415079999188,-0.9394297518665075,0.29783919435863254
232,0.0006396192153967685,0.0011660147605588903,0.001018842580283857,0.0014995559499847882,0.000505034736943835,TOGGLE_A_OFF,True,2.516749366864842e-08,3.823056330989201e-09,2.5456207440845834e-08,-0.0622556016578355,-1.5847915724121282e-09,-0.11384039323024764,64.32366371154785,37,97,0.000505034736943835,False,CD,-3.362279202591168e-05,0.0011841682683370526,0.08834084954626664,-0.9960903042894695,-0.3258626407234242
233,0.0005602235167935584,0.0011562003301980274,0.001018842580283857,0.0014995559499847882,0.000572908829601944,TOGGLE_A_OFF,False,-1.8334285043360446e-08,-2.2663767299730805e-09,1.8473832074947364e-08,0.453526933375813,8.378380862177543e-09,0.4619053142379906,63.40765953063965,37,97,0.000572908829601944,False,CD,4.3352943258295014e-05,0.0012057954552803004,-0.3407631454114358,-0.9401491789749816,0.2474952591457286
234,0.0006392918243363337,0.0011683741850649582,0.001018842580283857,0.0014995559499847882,0.0005037262527958513,TOGGLE_A_OFF,False,2.509983817728173e-08,3.864529248819047e-09,2.5395599280991725e-08,-0.06635961491538361,-1.6852422551916185e-09,-0.06804485717057523,64.96214866638184,37,97,0.0005037262527958513,False,CD,-3.286866495229876e-05,0.0011817039377560457,0.0862509782386386,-0.996273440753553,-0.33358089839253724
235,0.0005605847909244553,0.0011540492804753475,0.001018842580283857,0.0014995559499847882,0.0005739120665956343,TOGGLE_A_ON,True,-1.8736217183818553e-08,-3.4100449717613285e-09,1.904400800957226e-08,0.5057510233830866,9.631527045907893e-09,0.4653825504289945,59.89718437194824,37,97,0.0005739120665956343,False,ACD,4.272683529102616e-05,0.0012076818640153932,-0.3431045453012155,-0.9392972218588069,0.29783149011996163
236,0.0006396776709285299,0.0011660624537722353,0.001018842580283857,0.0014995559499847882,0.0005049593453957511,TOGGLE_A_OFF,True,2.5133211793006557e-08,3.817405925302255e-09,2.542146579233103e-08,-0.06261151948186805,-1.5916766633256958e-09,-0.11420319614519375,60.99820137023926,37,97,0.0005049593453957511,False,CD,-3.367169284111075e-05,0.0011841055428628855,0.08796846931387806,-0.9961232596444162,-0.3259946098238812
237,0.0005602805668832259,0.0011562593996961234,0.001018842580283857,0.0014995559499847882,0.0005728277590813301,TOGGLE_A_OFF,False,-1.836334301669743e-08,-2.2672973627370696e-09,1.8502783684623367e-08,0.4537508912712451,8.395655041647796e-09,0.4621465463128929,62.441349029541016,37,97,0.0005728277590813301,False,CD,4.33038460409579e-05,0.001205736060550505,-0.3411340903967435,-0.9400146447620984,0.24750029948278132
238,0.0006393489949454765,0.0011684324717720095,0.001018842580283857,0.0014995559499847882,0.000503644854174752,TOGGLE_A_OFF,False,2.506519532512017e-08,3.858941384905601e-09,2.5360509563069966e-08,-0.06673185560262307,-1.6923539289035822e-09,-0.06842420953152666,59.94415283203125,37,97,0.000503644854174752,False,CD,-3.2913973788616124e-05,0.0011816299340136802,0.08586943123712797,-0.9963063990445192,-0.33374597245813636
239,0.0005606403032318996,0.001154116681582952,0.001018842580283857,0.0014995559499847882,0.0005738271646145681,TOGGLE_A_ON,True,-1.8770052695036255e-08,-3.4139575994673248e-09,1.9077997396618925e-08,0.5060009958173368,9.65348618689073e-09,0.4656544820042276,60.758113861083984,37,97,0.0005738271646145681,False,ACD,4.267997285816729e-05,0.0012076152930935592,-0.3434854845439773,-0.9391579855943382,0.297879819133021
240,0.0006397331927036321,0.001166129792546075,0.001018842580283857,0.0014995559499847882,0.0005048731823099725,TOGGLE_A_OFF,True,2.5098475906143353e-08,3.812109762073173e-09,2.5386328479111585e-08,-0.06300048497061346,-1.5993510688078105e-09,-0.11459983603942127,61.85126304626465,37,97,0.0005048731823099725,False,CD,-3.371415274173485e-05,0.0011840222774381752,0.08757945352130725,-0.9961575374000604,-0.32619064968205774
241,0.0005603347094723849,0.0011563379152706307,0.001018842580283857,0.0014995559499847882,0.000572737362976363,TOGGLE_A_OFF,False,-1.8391256441334392e-08,-2.2681154435944862e-09,1.8530587177863402e-08,0.45399489606556526,8.412792453842887e-09,0.46240768851940817,59.92007255554199,37,97,0.000572737362976363,False,CD,4.326011369372375e-05,0.0012056595800181806,-0.3415237950960225,-0.9398731283429894,0.2475491617964263
242,0.0006394030390198619,0.0011685116272177564,0.001018842580283857,0.0014995559499847882,0.0005035520917550774,TOGGLE_A_OFF,False,2.5030070777149393e-08,3.853741104701397e-09,2.5325002736646903e-08,-0.06713911337713545,-1.7002982971511158e-09,-0.06883941167428656,61.27119064331055,37,97,0.0005035520917550774,False,CD,-3.295230373678127e-05,0.001181534204993624,0.08547082153978702,-0.9963406739982861,-0.3339791913895266
243,0.0005606929605090616,0.0011542034637848184,0.001018842580283857,0.0014995559499847882,0.0005737328767155407,TOGGLE_A_ON,True,-1.880324338335096e-08,-3.4181121971740567e-09,1.911139588638155e-08,0.5062847549353776,9.675808889094423e-09,0.4659605638244721,62.644004821777344,37,97,0.0005737328767155407,False,ACD,4.2638329149843294e-05,0.0012075316414664106,-0.3438854529080541,-0.9390116055066886,0.2979869537271184
244,0.0006397856514776144,0.0011662178815964733,0.001018842580283857,0.0014995559499847882,0.0005047756165989734,TOGGLE_A_OFF,True,2.5063243139165107e-08,3.8071820682994155e-09,2.535075525411595e-08,-0.06342444525304956,-1.607857652162581e-09,-0.11503230290521214,65.50264358520508,37,97,0.0005047756165989734,False,CD,-3.374983314060969e-05,0.0011839173082006493,0.08717272815286968,-0.9961932119144508,-0.3264543258269333
245,0.000560385813862859,0.0011564369927436916,0.001018842580283857,0.0014995559499847882,0.0005726370800912346,TOGGLE_A_OFF,False,-1.8417974307503633e-08,-2.2688227710129097e-09,1.8557190906980794e-08,0.4542599461132284,8.429788995677934e-09,0.4626897351089063,60.94694137573242,37,97,0.0005726370800912346,False,CD,4.3222028788024414e-05,0.0012055650276094243,-0.3419334444993209,-0.939724172047765,0.247644097142106
246,0.0006394538137686724,0.0011686128455226262,0.001018842580283857,0.0014995559499847882,0.0005034472907355514,TOGGLE_A_OFF,False,2.4994419430403712e-08,3.848944853063915e-09,2.5289036738177074e-08,-0.06758347922941023,-1.7091211567098616e-09,-0.06929260038612009,60.819387435913086,37,97,0.0005034472907355514,False,CD,-3.298327697955376e-05,0.001181415499952769,0.08505404306491486,-0.9963763394201793,-0.3342844175928069
247,0.0005607426298144824,0.0011543107645366412,0.001018842580283857,0.0014995559499847882,0.0005736286278553127,TOGGLE_A_ON,True,-1.8835766468209474e-08,-3.422520713425156e-09,1.91441830977127e-08,0.5066040166296684,9.698520558999078e-09,0.4663025371886675,60.413360595703125,37,97,0.0005736286278553127,False,ACD,4.2602187530576174e-05,0.0012074299018111597,-0.34430565631508947,-0.9388576116895799,0.298155977698329
248,0.0006398349024444956,0.0011663279360099815,0.001018842580283857,0.0014995559499847882,0.0005046659579947702,TOGGLE_A_OFF,True,2.5027467534626957e-08,3.802639106275215e-09,2.531470314598573e-08,-0.06388553131612748,-1.6172433244768735e-09,-0.11550277464060436,60.93931198120117,37,97,0.0005046659579947702,False,CD,-3.3778355920202044e-05,0.0011837893580690126,0.08674713913058227,-0.9962303618394208,-0.3267895638663773
249,0.0005604337340111953,0.001156557856612828,0.001018842580283857,0.0014995559499847882,0.0005725262984333843,TOGGLE_A_OFF,False,-1.8443439962569902e-08,-2.269410845538261e-09,1.8582537588789297e-08,0.4545471377894999,8.446639728397108e-09,0.462993777517897,60.62579154968262,37,97,0.0005725262984333843,False,CD,4.318990663143243e-05,0.001205451322968614,-0.342364307132801,-0.9395672840193536,0.2477876037699802
250,0.0006395011595445326,0.0011687374386881765,0.001018842580283857,0.0014995559499847882,0.000503329713910311,TOGGLE_A_OFF,False,2.4958192960621226e-08,3.844571358758851e-09,2.5252566697114014e-08,-0.06806723955627146,-1.7188725748504216e-09,-0.06978611213112189,66.15424156188965,37,97,0.000503329713910311,False,CD,-3.3006472199921066e-05,0.0011812724481082397,0.08461790997911325,-0.996413473066684,-0.3346658986859664
251,0.0005607891630825487,0.0011544398300430702,0.001018842580283857,0.0014995559499847882,0.0005735137916854503,TOGGLE_A_ON,True,-1.8867596578018034e-08,-3.42719692133e-09,1.9176336442824828e-08,0.5069606683422326,9.721648846370655e-09,0.46668231718860326,60.42742729187012,37,97,0.0005735137916854503,False,ACD,4.2571863498851886e-05,0.001207308972174414,-0.3447473815565028,-0.9386955006326395,0.2983903072058001
252,0.0006398807842246343,0.0011664612885700875,0.001018842580283857,0.0014995559499847882,0.0005045434533669087,TOGGLE_A_OFF,True,2.499109981923555e-08,3.7984993313232915e-09,2.5278126262542852e-08,-0.06438606982960877,-1.6275592670878213e-09,-0.1160136290966966,61.151981353759766,37,97,0.0005045434533669087,False,CD,-3.3799300315986807e-05,0.0011836370295451272,0.08630144910804605,-0.9962690700206923,-0.3272006735487169
253,0.0005604783075440147,0.0011567018471422366,0.001018842580283857,0.0014995559499847882,0.00057240435215003,TOGGLE_A_OFF,False,-1.846759080384037e-08,-2.2698708944375665e-09,1.8606564002402598e-08,0.4548576703013564,8.463338809303598e-09,0.46332100911066,62.04056739807129,37,97,0.00057240435215003,False,CD,4.316409783365269e-05,0.0012053172854899206,-0.3428177374062851,-0.9394019368287798,0.24798244409893053
254,0.0006395448987189299,0.0011688868444741532,0.001018842580283857,0.0014995559499847882,0.0005031985578076832,TOGGLE_A_OFF,False,2.492133959109009e-08,3.840641817394615e-09,2.5215544740971878e-08,-0.06859288878055972,-1.7296071245516004e-09,-0.07032249590511132,61.702728271484375,37,97,0.0005031985578076832,False,CD,-3.302142108679878e-05,0.0011811035510031112,0.08416115389899087,-0.99645215648943,-0.3351282934238473
255,0.0005608323961499307,0.001154592022358251,0.001018842580283857,0.0014995559499847882,0.0005733876874627846,TOGGLE_A_ON,True,-1.8898705678749647e-08,-3.432156608941525e-09,1.9207831093600993e-08,0.5073567785225201,9.745223813410873e-09,0.4671020023359311,60.71901321411133,37,97,0.0005733876874627846,False,ACD,4.254770723231089e-05,0.0012071676499811103,-0.3452119978747125,-0.9385247341020777,0.29869371368073105
256,0.0006399231177552006,0.001166619397631256,0.001018842580283857,0.0014995559499847882,0.0005044072828340826,TOGGLE_A_OFF,True,2.495408716716611e-08,3.794783570855536e-09,2.524097558923108e-08,-0.06492859575052749,-1.6388611653107126e-09,-0.11656745691583821,70.35970687866211,37,97,0.0005044072828340826,False,CD,-3.381219945513403e-05,0.0011834587970520388,0.0858343345311387,-0.9963094233287368,-0.32769237468305357
257,0.0005605193546841489,0.0011568704279340887,0.001018842580283857,0.0014995559499847882,0.0005722705183278983,TOGGLE_A_OFF,False,-1.8490357954227925e-08,-2.2701939103848646e-09,1.8629200671693575e-08,0.45519285072449456,8.479879415659719e-09,0.46367273014015425,64.84293937683105,37,97,0.0005722705183278983,False,CD,4.3144991149221133e-05,0.001205161627989041,-0.3432951774139196,-0.939227566227894,0.24823166331021465
258,0.0006395848344493216,0.00116906263485093,0.001018842580283857,0.0014995559499847882,0.0005030529486283335,TOGGLE_A_OFF,False,2.4883803853746706e-08,3.837180098875644e-09,2.5177919797770162e-08,-0.06916314277892077,-1.741384131012537e-09,-0.0709045269099333,60.10770797729492,37,97,0.0005030529486283335,False,CD,-3.30276044557632e-05,0.0011809071744019557,0.08368242147424673,-0.9964924748006135,-0.33567669957940877
259,0.0005608721476990141,0.0011547688269416302,0.001018842580283857,0.0014995559499847882,0.0005732495768322258,TOGGLE_A_ON,True,-1.8929063010292784e-08,-3.437417800645707e-09,1.9238639961905585e-08,0.50779460664246,9.769278119586365e-09,0.4675638847620464,61.39206886291504,37,97,0.0005732495768322258,False,ACD,4.2530106400726975e-05,0.0012070046257038644,-0.3457009578180473,-0.9383447382288193,0.29907034883290845
260,0.0006399617050793725,0.0011668038555406406,0.001018842580283857,0.0014995559499847882,0.0005042565556863719,TOGGLE_A_OFF,True,2.4916372955080535e-08,3.791515226920149e-09,2.5203198784135243e-08,-0.0655158656872072,-1.6512094519452541e-09,-0.11716707513915246,63.87615203857422,37,97,0.0005042565556863719,False,CD,-3.3816536522404456e-05,0.0011832529988272042,0.08534438309055419,-0.9963515124056049,-0.32826982493046647
261,0.0005605566770850616,0.0011570651939681912,0.001018842580283857,0.0014995559499847882,0.0005721240136784645,TOGGLE_A_OFF,False,-1.8511665922935794e-08,-2.2703707072382296e-09,1.8650371534923045e-08,0.4555540992207515,8.496253660278312e-09,0.4640503528810298,60.03069877624512,37,97,0.0005721240136784645,False,CD,4.3133016618204746e-05,0.001204982950036505,-0.3437981580043484,-0.9390435701024978,0.24853860963812882
262,0.0006396207493330182,0.0011692665250254933,0.001018842580283857,0.0014995559499847882,0.000502891938004228,TOGGLE_A_OFF,False,2.484552634412127e-08,3.834212981932225e-09,2.513963739808595e-08,-0.06978095309266591,-1.7542679278234178e-09,-0.07153522102048933,63.31610679626465,37,97,0.000502891938004228,False,CD,-3.302444795272454e-05,0.0011806815397412335,0.08318027249905309,-0.9965345163440292,-0.33631668378734003
263,0.0005609082181167531,0.0011549718606527805,0.001018842580283857,0.0014995559499847882,0.0005730986605063402,TOGGLE_A_ON,True,-1.8958635034593763e-08,-3.443001013900455e-09,1.9268733698835675e-08,0.5082766137126121,9.793847223250906e-09,0.4680704609358631,62.43586540222168,37,97,0.0005730986605063402,False,ACD,4.251948926689499e-05,0.0012068184762180838,-0.3462157971530633,-0.9381549028810197,0.2995247718380221
264,0.0006399963280303826,0.0011670163976006944,0.001018842580283857,0.0014995559499847882,0.0005040903061419815,TOGGLE_A_OFF,True,2.4877896510432062e-08,3.788720504681595e-09,2.516473997176133e-08,-0.06615087198872821,-1.664669558652488e-09,-0.1178155415473807,59.603214263916016,37,97,0.0005040903061419815,False,CD,-3.381174052274389e-05,0.001183017828400918,0.0848300917178085,-0.9963954313108787,-0.32893864945734946
265,0.0005612547141219771,0.0011528828121002066,0.001018842580283857,0.0014995559499847882,0.0005740809348770648,TOGGLE_A_ON,True,-1.9049681917687154e-08,-3.419288668046852e-09,1.9354118842264314e-08,0.5047783855710397,9.769541368126605e-09,0.4645479269391663,59.78274345397949,37,97,0.0005740809348770648,False,ACD,4.192082740669034e-05,0.0012086557562495312,-0.3443282988994565,-0.9388493077033366,0.29318379326702304
266,0.0006403657065589929,0.0011647761243230663,0.001018842580283857,0.0014995559499847882,0.0005052942465679178,TOGGLE_A_OFF,True,2.4911880286791555e-08,3.745178276523362e-09,2.519182684416468e-08,-0.06251899234725865,-1.5749676922027888e-09,-0.11409396003946144,60.09817123413086,37,97,0.0005052942465679178,False,CD,-3.457863869071675e-05,0.0011853546912262258,0.08655133114924599,-0.9962473925056645,-0.32160634917278524
267,0.0005609567274576596,0.001155069732713204,0.001018842580283857,0.0014995559499847882,0.0005730010541948935,TOGGLE_A_OFF,False,-1.8679576102213312e-08,-2.2832591831074437e-09,1.881860345125597e-08,0.4538098848601559,8.54006871925329e-09,0.46234995357940917,60.9743595123291,37,97,0.0005730010541948935,False,CD,4.248352582417295e-05,0.0012067252388354432,-0.34234038014322665,-0.9395760023124369,0.24392312559867688
268,0.0006400445111759564,0.0011671164113645131,0.001018842580283857,0.0014995559499847882,0.0005039881189055305,TOGGLE_A_OFF,False,2.4843668820748778e-08,3.784196252977963e-09,2.5130221283468584e-08,-0.06658214016754824,-1.6732239825195496e-09,-0.06825536415006779,60.40549278259277,37,97,0.0005039881189055305,False,CD,-3.3840790626527126e-05,0.0011829007835136292,0.08442640403317776,-0.996429717692156,-0.3292405344230597
269,0.0005613019640248614,0.0011529880261716616,0.001018842580283857,0.0014995559499847882,0.0005739797394880786,TOGGLE_A_ON,True,-1.9080775669115402e-08,-3.4235690638044273e-09,1.93854797534068e-08,0.5050958380499039,9.79152564714229e-09,0.46488736369704614,59.04579162597656,37,97,0.0005739797394880786,False,ACD,4.1886521276687815e-05,0.0012085560815856778,-0.3447355612231863,-0.9386998417098846,0.29335888463622817
270,0.0006404125545631909,0.0011648840114052094,0.001018842580283857,0.0014995559499847882,0.0005051876788279356,TOGGLE_A_OFF,True,2.4877532024986886e-08,3.740874029665734e-09,2.515722039812975e-08,-0.06296540335573125,-1.5840345926426724e-09,-0.11454943794837393,59.55219268798828,37,97,0.0005051876788279356,False,CD,-3.4605602325649316e-05,0.0011852293658425493,0.08613937136970254,-0.9962830966638322,-0.3219349911352327
271,0.0005610023442169004,0.001155187698046107,0.001018842580283857,0.0014995559499847882,0.0005728936853423587,TOGGLE_A_OFF,False,-1.8703854190992053e-08,-2.2838175401872516e-09,1.8842770076471185e-08,0.45409260836349463,8.556363066911014e-09,0.4626489714304056,60.007572174072266,37,97,0.0005728936853423587,False,CD,4.245296224421986e-05,0.0012066142887827594,-0.3427577207140355,-0.9394238366621045,0.24406903847496234
272,0.0006400895854590101,0.0011672379375753592,0.001018842580283857,0.0014995559499847882,0.0005038740839342147,TOGGLE_A_OFF,False,2.4808893781309755e-08,3.780042239751037e-09,2.5095217273150113e-08,-0.0670497173742724,-1.6826272926603917e-09,-0.06873234466693279,60.24050712585449,37,97,0.0005038740839342147,False,CD,-3.3862803385868636e-05,0.001182761240981617,0.08400430891113538,-0.9964653913119141,-0.32961242933143053
273,0.0005613463504991852,0.0011531133863236624,0.001018842580283857,0.0014995559499847882,0.0005738686698045838,TOGGLE_A_ON,True,-1.9111216133266378e-08,-3.428070384640641e-09,1.941623672740089e-08,0.5054472056943848,9.813883104412673e-09,0.4652610887987975,59.51738357543945,37,97,0.0005738686698045838,False,ACD,4.1857506473693675e-05,0.0012084385974421865,-0.3451634361908114,-0.9385425948325304,0.2935931164848448
274,0.0006404563322280727,0.0011650134195528212,0.001018842580283857,0.0014995559499847882,0.0005050691609923903,TOGGLE_A_OFF,True,2.484262101183595e-08,3.73692433090647e-09,2.5122110225708224e-08,-0.06344829739523046,-1.5939551842447929e-09,-0.11504225257947526,65.11235237121582,37,97,0.0005050691609923903,False,CD,-3.462567994337481e-05,0.0011850814350623548,0.08570827903988515,-0.996320275263965,-0.32233354548319376
275,0.0005610449001934611,0.0011553271167384208,0.001018842580283857,0.0014995559499847882,0.0005727758772279991,TOGGLE_A_OFF,False,-1.8726910127572533e-08,-2.2842368866320013e-09,1.8865707012471833e-08,0.4543966068404854,8.572513706510559e-09,0.46296912054699596,63.343048095703125,37,97,0.0005727758772279991,False,CD,4.242815178597681e-05,0.0012064844254616148,-0.34319667159188433,-0.939263565037142,0.24426162572259053
276,0.0006401313678183722,0.001167382432520842,0.001018842580283857,0.0014995559499847882,0.0005037473852551972,TOGGLE_A_OFF,False,2.4773520821323035e-08,3.7762796280126724e-09,2.5059681197363016e-08,-0.06755611753819277,-1.6929348359948125e-09,-0.06924905237418758,62.13712692260742,37,97,0.0005037473852551972,False,CD,-3.387730930642718e-05,0.0011825976777363354,0.0835625025727765,-0.9965025379605503,-0.3300590481180812
277,0.0005613877035384101,0.0011532602749036564,0.001018842580283857,0.0014995559499847882,0.0005737470338381619,TOGGLE_A_ON,True,-1.914097126022401e-08,-3.4328071414335986e-09,1.944636073035258e-08,0.5058345930533895,9.836642472241904e-09,0.46567123552563144,65.23919105529785,37,97,0.0005737470338381619,False,ACD,4.183413572303647e-05,0.0012083020807432492,-0.3456133484643953,-0.938377010247617,0.2938902952073752
278,0.0006404968550428073,0.001165165826056557,0.001018842580283857,0.0014995559499847882,0.0005049378603243311,TOGGLE_A_OFF,True,2.4807095603488332e-08,3.733349935447268e-09,2.5086448413857116e-08,-0.06397022986140952,-1.6047859354110616e-09,-0.11557501579682058,60.561180114746094,37,97,0.0005049378603243311,False,CD,-3.463840360576245e-05,0.0011849093481321865,0.08525669350457554,-0.9963590197367156,-0.3228067877010929
279,0.0005610842098621599,0.001155489474191696,0.001018842580283857,0.0014995559499847882,0.0005726468942165024,TOGGLE_A_OFF,False,-1.8748671198908974e-08,-2.2845069460479017e-09,1.888734083219075e-08,0.45472321089499934,8.588512723205219e-09,0.46331172361820455,59.6923828125,37,97,0.0005726468942165024,False,CD,4.240948518131416e-05,0.0012063343393850054,-0.34365873231658606,-0.9390946042335598,0.24450395561015573
280,0.0006401696561591815,0.0011675514882855743,0.001018842580283857,0.0014995559499847882,0.0005036071346330561,TOGGLE_A_OFF,False,2.473749549432285e-08,3.77293210408307e-09,2.502356289567223e-08,-0.0681040796356067,-1.7042067883175542e-09,-0.06980828642392425,61.9509220123291,37,97,0.0005036071346330561,False,CD,-3.388378905298692e-05,0.0011824084321457305,0.08309958778608904,-0.9965412477704199,-0.33058554776956256
281,0.0005614258359323099,0.0011534302002395734,0.001018842580283857,0.0014995559499847882,0.0005736140798915728,TOGGLE_A_ON,True,-1.9170006025180474e-08,-3.437795831408818e-09,1.947582016716902e-08,0.5062602963760237,9.859834996257424e-09,0.4661201313722811,64.77832794189453,37,97,0.0005736140798915728,False,ACD,4.181679878125286e-05,0.0012081451986446202,-0.34608681782463413,-0.9382024912171394,0.29425460360023586
282,0.0006405339196412506,0.0011653428444422357,0.001018842580283857,0.0014995559499847882,0.0005047928710209763,TOGGLE_A_OFF,True,2.4770900177821523e-08,3.730174042437385e-09,2.5050183512431042e-08,-0.06453398241415997,-1.6165881667966873e-09,-0.11615057058095667,63.8890266418457,37,97,0.0005047928710209763,False,CD,-3.4643256188851654e-05,0.0011847114146875187,0.08478315657943593,-0.996399426113077,-0.3233599372526114
283,0.0005611200690524845,0.0011556763903526985,0.001018842580283857,0.0014995559499847882,0.000572505937803892,TOGGLE_A_OFF,False,-1.8769057839415142e-08,-2.2846170354852196e-09,1.890759125796145e-08,0.45507386544460654,8.604351095081031e-09,0.46367821653968755,63.9340877532959,37,97,0.000572505937803892,False,CD,4.239739401493093e-05,0.001206162604417106,-0.344145503228219,-0.9389163288631343,0.24479939715236074
284,0.0006402042278493129,0.0011677468430119,0.001018842580283857,0.0014995559499847882,0.000503452366569561,TOGGLE_A_OFF,False,2.470075919625941e-08,3.770026122307867e-09,2.4986808556405867e-08,-0.06869658399872448,-1.7165084615517677e-09,-0.07041309246027626,63.89951705932617,37,97,0.000503452366569561,False,CD,-3.3881668861571255e-05,0.0011821916940816565,0.08261407043451016,-0.9965816150041527,-0.3311975621653266
285,0.0005614605419650684,0.0011536248058584496,0.001018842580283857,0.0014995559499847882,0.0005734689925821687,TOGGLE_A_ON,True,-1.91982823200971e-08,-3.443055188010801e-09,1.9504580822715495e-08,0.5067268161105498,9.883494646592326e-09,0.46661031075714215,64.15510177612305,37,97,0.0005734689925821687,False,ACD,4.180592578294825e-05,0.001207966500765457,-0.3465854610364152,-0.938018399710903,0.29469063100815124
286,0.000640567302322926,0.0011655462347025308,0.001018842580283857,0.0014995559499847882,0.0005046332091919381,TOGGLE_A_OFF,True,2.473397484531893e-08,3.727422534001867e-09,2.501326029121063e-08,-0.06514257922663451,-1.6294283553791987e-09,-0.11677200758201371,64.13483619689941,37,97,0.0005046332091919381,False,CD,-3.463966684504716e-05,0.0011844857948112404,0.08428610896175844,-0.9964415947932567,-0.3239986913354288
287,0.0005611522535184497,0.0011558896295339096,0.001018842580283857,0.0014995559499847882,0.000572352142502211,TOGGLE_A_OFF,False,-1.878798319572645e-08,-2.28455611835619e-09,1.892637073558526e-08,0.45545013626804665,8.620018586032015e-09,0.46407015485407865,64.1331672668457,37,97,0.000572352142502211,False,CD,4.239235445628202e-05,0.0012059676695762626,-0.34465868758729584,-0.9387280698203457,0.24515164443400037
288,0.0006402348380822669,0.0011679703918735427,0.001018842580283857,0.0014995559499847882,0.0005032820330619124,TOGGLE_A_OFF,False,2.4663248873374322e-08,3.7675911808626014e-09,2.494936047869992e-08,-0.0693368696199103,-1.7299106239486291e-09,-0.07106678024385893,63.32969665527344,37,97,0.0005032820330619124,False,CD,-3.387031546030629e-05,0.0011819454944144868,0.08210435662330454,-0.996623737737325,-0.33190123835673746
289,0.0005614915960112039,0.0011538458802664827,0.001018842580283857,0.0014995559499847882,0.0005733108887155382,TOGGLE_A_ON,True,-1.922575885765649e-08,-3.44860647081861e-09,1.9532605823169855e-08,0.5072368700325829,9.90765834856175e-09,0.4671445283811447,60.90521812438965,37,97,0.0005733108887155382,False,ACD,4.180199093086211e-05,0.0012077644110071437,-0.34711099272168205,-0.9378240553162391,0.2952034060746993
290,0.0006405967574481567,0.0011657779142101841,0.001018842580283857,0.0014995559499847882,0.0005044578076095253,TOGGLE_A_OFF,True,2.4696255149213797e-08,3.7251242443590507e-09,2.4975619492436632e-08,-0.06579930417193619,-1.643378449664681e-09,-0.11744268262160087,60.75930595397949,37,97,0.0005044578076095253,False,CD,-3.4627005986182055e-05,0.001184230488548961,0.08376388719900996,-0.9964856302021387,-0.3247292609785176
291,0.0005611805173945933,0.00115613111081451,0.001018842580283857,0.0014995559499847882,0.0005721845715913596,TOGGLE_A_OFF,False,-1.8805352674766948e-08,-2.2843128800537e-09,1.8943583994491213e-08,0.4558537167096764,8.635503627544475e-09,0.46448922033722084,60.794830322265625,37,97,0.0005721845715913596,False,CD,4.23948913757342e-05,0.0012057478504253361,-0.34520009268705104,-0.9385291130310667,0.2455647430492578
292,0.0006402612180981535,0.0011682241987673004,0.001018842580283857,0.0014995559499847882,0.0005030949981457082,TOGGLE_A_OFF,False,2.4624896722068552e-08,3.765660132484757e-09,2.4911156833955497e-08,-0.07002845242954096,-1.7444898313399394e-09,-0.0717729422608809,61.07497215270996,37,97,0.0005030949981457082,False,CD,-3.3849030451011417e-05,0.001181667693962409,0.08156875052641896,-0.9966677174141851,-0.3327032753188455
293,0.0005615187510257901,0.001154095367274294,0.001018842580283857,0.0014995559499847882,0.0005731388130409035,TOGGLE_A_ON,True,-1.9252391092965553e-08,-3.4544738017922075e-09,1.9559855624307865e-08,0.5077934069403665,9.932366234522386e-09,0.4677257731748889,65.17624855041504,37,97,0.0005731388130409035,False,ACD,4.1805516559632644e-05,0.0012075372189891643,-0.3476652249403538,-0.9376187345425652,0.29579843224094343
294,0.0006406220157004815,0.0011660399693106001,0.001018842580283857,0.0014995559499847882,0.0005042655102610456,TOGGLE_A_OFF,True,2.4657671757103485e-08,3.723311262710704e-09,2.493719758192743e-08,-0.06650771891255688,-1.6585161937534416e-09,-0.11816623510631033,64.77904319763184,37,97,0.0005042655102610456,False,CD,-3.460457974171328e-05,0.001183943324916034,0.08321472142495123,-0.9965316403086305,-0.32555840949582815
295,0.0005612045915335947,0.0011564029189995977,0.001018842580283857,0.0014995559499847882,0.0005720022127769335,TOGGLE_A_OFF,False,-1.8821063478632938e-08,-2.283875831442293e-09,1.8959127598077314e-08,0.45628643447037454,8.650793188682008e-09,0.46493722765905654,66.36404991149902,37,97,0.0005720022127769335,False,CD,4.240558287941463e-05,0.0012055013200876603,-0.3457716296513657,-0.938318698591405,0.24604311878562024
296,0.0006402830732542175,0.0011685105087168419,0.001018842580283857,0.0014995559499847882,0.0005028900322603471,TOGGLE_A_OFF,False,2.4585629883859528e-08,3.7642695344789225e-09,2.4872131430867216e-08,-0.07077514450383568,-1.7603287669131654e-09,-0.07253547327074884,65.32764434814453,37,97,0.0005028900322603471,False,CD,-3.3817044099440576e-05,0.001181355971940391,0.08100545322015086,-0.9967136582522793,-0.3336109651764602
297,0.0005615417369261057,0.0011543753768369065,0.001018842580283857,0.0014995559499847882,0.0005729517339308877,TOGGLE_A_ON,True,-1.927813116960376e-08,-3.4606845551306137e-09,1.9586288034810672e-08,0.5083996208295141,9.957661918755014e-09,0.4683572827482691,65.3371810913086,37,97,0.0005729517339308877,False,ACD,4.181707760557641e-05,0.001207283071147494,-0.34825006511822965,-0.9374016706530752,0.29648172612954615
298,0.0006406427822096233,0.0011663346675790409,0.001018842580283857,0.0014995559499847882,0.0005040550667452138,TOGGLE_A_OFF,True,2.461815014711965e-08,3.7220192740521157e-09,2.4897926502874546e-08,-0.067271681833109,-1.67492545727719e-09,-0.1189466072903862,65.37079811096191,37,97,0.0005040550667452138,False,CD,-3.4571623842835576e-05,0.001183621950450265,0.08263673411790114,-0.9965797359832125,-0.32649349327116406
299,0.0005612241817215949,0.0011567073160988603,0.001018842580283857,0.0014995559499847882,0.0005718039738058283,TOGGLE_A_OFF,False,-1.8835004130931932e-08,-2.2832334463822136e-09,1.8972889489555915e-08,0.45675025839697836,8.665872633642237e-09,0.4654161310306206,65.8419132232666,37,97,0.0005718039738058283,False,CD,4.2425065299221015e-05,0.0012052260999446996,-0.34637531154895745,-0.9380960204304205,0.24659160868133603
